DIFF_ND,DIFF_NF,DIFF_EN,SIZE_LA,SIZE_LD,PURP_FIX,PURP_MR,SKIP_DOC,SKIP_MET,SKIP_COM,SKIP_FRM,SKIP_BLD,LABEL,CM_add,CM_api,CM_build,CM_fix,CM_gradle,CM_review,CM_test,CM_toolingcommons,CM_use,CM_version
1,4,0.75,4,4,0,0,1,0,0,0,0,0,0.0,1.0,0.0,0.0,0.0,0.0,0.0,0.0,0.0,0.0
1,4,0.75,4,4,0,0,1,0,0,0,0,0,0.0,0.0,0.0,0.0,0.0,0.0,0.0,0.0,1.0,0.0
1,1,0.0,1,1,0,0,1,0,0,0,0,0,0.0,0.0,0.0,0.0,0.0,0.0,1.0,0.0,0.0,0.0
1,4,0.5925925925925926,4,5,0,0,1,0,0,0,0,0,0.0,0.0,0.0,0.0,1.0,0.0,0.0,0.0,0.0,0.0
1,4,0.75,4,4,0,0,1,0,0,0,0,0,0.0,1.0,0.0,0.0,0.0,0.0,0.0,0.0,0.0,0.0
0,1,0.0,1,1,0,0,1,0,0,0,0,0,0.0,0.0,0.0,0.0,0.0,0.0,0.0,0.0,0.0,0.0
1,1,0.0,34,5,0,0,1,0,0,0,0,0,0.0,0.0,0.0,0.7120517375160647,0.0,0.0,0.7021269992674781,0.0,0.0,0.0
1,4,0.75,4,4,0,0,1,0,0,0,1,0,0.0,0.0,0.0,0.0,0.0,0.0,0.0,0.0,0.0,1.0
1,5,0.6640625,16,16,0,0,1,0,0,0,1,0,0.0,0.0,0.0,0.0,0.0,0.0,0.0,0.0,0.0,1.0
0,1,0.0,1,1,0,0,1,0,0,0,0,0,0.0,1.0,0.0,0.0,0.0,0.0,0.0,0.0,0.0,0.0
1,1,0.0,2,2,0,0,1,0,0,0,0,0,0.0,0.0,0.0,0.0,0.0,0.0,0.0,0.0,0.0,0.0
1,2,0.5,2,2,0,0,1,0,0,0,0,0,0.0,0.0,0.0,0.0,0.0,0.0,0.0,0.0,0.0,0.0
4,15,0.9293628808864266,4,34,0,0,1,0,0,0,0,0,0.0,1.0,0.0,0.0,0.0,0.0,0.0,0.0,0.0,0.0
1,3,0.5714285714285714,14,14,0,0,1,0,0,0,1,0,0.0,0.0,0.0,0.7588778065105445,0.0,0.0,0.0,0.0,0.0,0.6512330418412018
0,1,0.0,1,1,0,0,1,0,0,0,1,0,0.0,0.0,0.0,0.0,0.0,0.0,0.0,0.0,0.0,1.0
1,3,0.6666666666666667,3,3,0,0,1,0,0,0,1,0,0.0,0.0,0.0,0.0,0.0,0.0,0.0,0.0,0.0,1.0
1,3,0.5714285714285714,14,14,0,0,1,0,0,0,1,0,0.0,0.0,0.0,0.7588778065105445,0.0,0.0,0.0,0.0,0.0,0.6512330418412018
0,1,0.0,1,1,0,0,1,0,0,0,1,0,0.0,0.0,0.0,0.0,0.0,0.0,0.0,0.0,0.0,1.0
1,3,0.5714285714285714,14,14,0,0,1,0,0,0,1,0,0.0,0.0,0.0,0.7588778065105445,0.0,0.0,0.0,0.0,0.0,0.6512330418412018
0,1,0.0,1,1,0,0,1,0,0,0,1,0,0.0,0.0,0.0,0.0,0.0,0.0,0.0,0.0,0.0,1.0
1,1,0.0,9,1,0,0,1,0,0,0,0,0,0.0,0.0,0.7387476637358752,0.6739821135050886,0.0,0.0,0.0,0.0,0.0,0.0
1,4,0.6222222222222222,15,15,0,0,1,0,0,0,1,0,0.0,0.0,0.0,0.0,0.0,0.0,0.0,0.0,0.0,1.0
1,3,0.6666666666666667,3,3,0,0,1,0,0,0,1,0,0.0,0.0,0.0,0.0,0.0,0.0,0.0,0.0,0.0,0.0
1,4,0.6222222222222222,15,15,0,0,1,0,0,0,1,0,0.0,0.0,0.0,0.0,0.0,0.0,0.0,0.0,0.0,1.0
0,1,0.0,1,1,0,0,1,0,0,0,1,0,0.0,0.0,0.0,0.0,0.0,0.0,0.0,0.0,0.0,1.0
1,4,0.75,4,4,0,0,1,0,0,0,0,0,0.0,1.0,0.0,0.0,0.0,0.0,0.0,0.0,0.0,0.0
1,1,0.0,1,0,0,0,1,0,0,0,0,0,0.0,0.0,0.0,0.0,0.0,0.0,0.0,0.0,0.0,0.0
1,4,0.6428571428571428,14,14,0,0,1,0,0,0,1,0,0.0,0.0,0.0,0.0,0.0,0.0,0.0,0.0,0.0,1.0
0,1,0.0,1,1,0,0,1,0,0,0,1,0,0.0,0.0,0.0,0.0,0.0,0.0,0.0,0.0,0.0,1.0
1,2,0.0,3,3,0,0,1,0,0,0,0,0,0.0,0.0,0.0,0.0,1.0,0.0,0.0,0.0,0.0,0.0
0,1,0.0,1,1,0,0,1,0,0,0,0,0,0.0,1.0,0.0,0.0,0.0,0.0,0.0,0.0,0.0,0.0
1,3,0.3648,14,11,0,0,1,0,0,0,0,0,0.0,0.0,0.0,0.0,1.0,0.0,0.0,0.0,0.0,0.0
1,4,0.75,4,4,0,0,1,0,0,0,0,0,0.0,1.0,0.0,0.0,0.0,0.0,0.0,0.0,0.0,0.0
1,1,0.0,1,7,0,0,1,0,0,0,0,0,0.0,0.0,0.0,0.0,0.0,0.0,0.0,0.0,0.0,0.0
1,3,0.591715976331361,13,13,0,0,1,0,0,0,0,0,0.0,0.0,0.7387476637358752,0.6739821135050886,0.0,0.0,0.0,0.0,0.0,0.0
0,1,0.0,1,1,0,0,1,0,0,0,1,0,0.0,0.0,0.0,0.0,0.0,0.0,0.0,0.0,0.0,1.0
0,1,0.0,1,1,0,0,1,0,0,0,1,0,0.0,0.0,0.0,0.0,0.0,0.0,0.0,0.0,0.0,1.0
0,1,0.0,1,1,0,0,1,0,0,0,0,0,0.0,0.0,0.0,0.0,0.0,0.0,0.0,0.0,0.0,0.0
0,1,0.0,1,1,0,0,1,0,0,0,0,0,0.0,0.0,0.0,0.0,0.0,0.0,0.0,0.0,0.0,0.0
0,1,0.0,1,1,0,0,1,0,0,0,1,0,0.0,0.7682917496674277,0.0,0.0,0.0,0.0,0.0,0.0,0.0,0.640099826115398
2,14,0.9038573426287908,39,274,0,0,1,0,0,0,0,0,0.0,0.0,0.0,0.0,0.0,0.0,0.0,0.0,0.0,0.0
3,3,0.5925925925925926,5,4,0,0,1,0,0,0,0,0,0.0,1.0,0.0,0.0,0.0,0.0,0.0,0.0,0.0,0.0
1,4,0.6666666666666666,6,6,0,0,1,0,0,0,1,0,0.0,0.0,0.0,0.0,0.0,0.0,0.0,0.0,0.0,1.0
2,2,0.48753462603878117,19,0,0,0,1,0,0,0,0,0,0.0,0.0,0.0,0.0,0.0,0.0,0.0,0.0,0.0,0.0
1,3,0.5207100591715976,13,13,0,0,1,0,0,0,0,0,0.0,0.0,0.0,0.0,0.0,0.0,0.0,0.0,0.0,0.0
2,10,0.7396707988762083,90,161,0,0,1,0,0,0,1,0,0.0,0.0,0.551756409065193,0.0,0.4980913371214491,0.0,0.0,0.0,0.5107471708918341,0.43198056943112384
3,12,0.84137007417356,307,417,0,0,1,0,0,1,0,0,0.0,0.0,0.0,0.0,0.0,0.0,0.0,0.0,0.0,0.0
3,7,0.8116931408630652,65,164,0,0,1,0,0,0,0,0,0.0,0.0,0.0,0.0,0.0,0.0,0.0,0.0,0.0,0.0
2,3,0.529585798816568,1,25,0,0,1,0,0,0,0,0,0.0,0.0,0.0,0.0,0.0,0.0,0.0,0.0,0.0,0.0
1,1,0.0,18,3,0,0,1,0,0,0,1,0,0.0,0.0,0.0,0.0,0.3172153795447911,0.0,0.9483535221531336,0.0,0.0,0.0
1,1,0.0,1,1,0,0,1,0,0,0,0,0,0.0,0.0,0.0,0.0,0.0,0.0,0.0,0.0,1.0,0.0
2,11,0.8877938692252736,157,230,0,0,1,0,0,0,0,0,0.0,0.0,1.0,0.0,0.0,0.0,0.0,0.0,0.0,0.0
2,2,0.48,3,7,0,0,1,0,0,0,0,0,0.0,0.0,0.0,0.0,0.0,0.0,0.0,0.0,0.0,0.0
2,4,0.656123038046379,4,299,0,0,1,0,0,0,0,0,0.0,0.0,0.0,0.0,0.0,0.0,0.0,0.0,0.0,0.0
1,1,0.0,0,111,0,0,1,0,0,0,0,0,0.0,0.7223506197460244,0.0,0.0,0.0,0.0,0.6915269930758556,0.0,0.0,0.0
1,3,0.653061224489796,2,19,0,0,1,0,0,0,0,0,0.0,0.0,0.0,0.0,0.0,0.0,0.0,0.0,0.0,0.0
1,1,0.0,0,1,1,0,1,0,0,0,0,0,0.0,0.0,0.0,0.0,0.0,0.0,0.0,0.0,0.0,0.0
1,1,0.0,1,2,0,0,1,0,0,0,1,0,0.0,0.0,0.0,0.0,0.0,0.0,0.0,0.0,0.0,1.0
1,2,0.5,4,4,0,0,1,0,0,0,1,0,0.0,0.0,0.0,0.0,0.0,0.0,0.0,0.0,0.0,1.0
1,1,0.0,26,0,0,0,1,0,0,0,0,0,0.5224751178267922,0.0,0.633894664023424,0.0,0.0,0.0,0.5702607352558214,0.0,0.0,0.0
1,1,0.0,5,0,0,0,1,0,0,0,0,0,0.0,0.0,0.0,0.0,0.0,0.0,0.0,0.0,0.0,0.0
1,2,0.48979591836734704,3,4,0,0,1,0,0,0,0,0,0.0,0.0,0.0,0.0,0.6981812220896324,0.0,0.0,0.0,0.715921071851798,0.0
1,1,0.0,0,6,0,0,1,0,0,0,1,0,0.0,0.5356981880248324,0.0,0.0,0.5146198015268314,0.0,0.0,0.0,0.0,0.6694728607071357
2,6,0.8304872969596002,48,1,0,1,1,0,0,0,0,0,0.38102678017064384,0.0,0.9245640014584127,0.0,0.0,0.0,0.0,0.0,0.0,0.0
2,2,0.48,33,2,0,0,1,0,0,0,0,0,0.0,0.0,0.0,0.0,0.0,0.0,0.0,0.0,0.0,0.0
2,3,0.565,14,6,0,0,1,0,0,0,0,0,0.0,0.0,1.0,0.0,0.0,0.0,0.0,0.0,0.0,0.0
2,4,0.69287109375,108,20,0,0,1,0,0,0,0,0,0.0,0.0,0.0,0.0,0.0,0.0,0.0,0.0,0.0,0.0
3,7,0.799042285528772,205,17,0,0,1,0,0,0,0,0,0.0,0.0,0.0,0.0,0.0,0.0,0.0,0.0,0.0,0.0
2,6,0.1767578125,61,67,0,0,1,0,0,0,0,0,0.0,0.0,0.0,0.3052820865846583,0.3020721402579422,0.0,0.9030809873375163,0.0,0.0,0.0
3,12,0.8312353331292726,7,785,0,0,1,0,0,0,0,0,0.0,0.5907524892119719,0.0,0.5735384318709129,0.5675078533878745,0.0,0.0,0.0,0.0,0.0
1,4,0.72,5,5,0,1,1,0,0,0,1,0,0.0,0.7198270459956256,0.3830036195646669,0.0,0.3457518242779109,0.0,0.0,0.0,0.3545369150589651,0.2998608062460721
1,3,0.5083277127554057,147,208,0,0,1,0,0,0,0,0,0.0,0.0,0.0,0.0,0.0,0.0,0.0,0.0,0.0,0.0
2,3,0.6216425619834711,31,57,0,0,1,0,0,0,0,0,0.0,0.0,0.0,0.0,0.0,0.0,0.0,0.0,0.0,0.0
1,1,0.0,6,0,0,0,1,0,0,0,1,0,0.0,0.0,0.0,0.0,0.7554627812367238,0.0,0.0,0.0,0.0,0.6551915644802473
1,1,0.0,25,21,0,0,1,0,0,0,0,0,0.0,0.0,0.0,0.0,0.0,0.580109459741699,0.5574783510897584,0.5938778517375759,0.0,0.0
2,18,0.8857198226234853,189,324,0,0,1,0,0,0,0,0,0.0,0.0,0.0,0.0,0.0,0.6987658582253489,0.0,0.7153504563349293,0.0,0.0
3,23,0.8199720844101105,41,228,0,0,1,0,0,0,0,0,0.0,0.0,0.0,0.0,0.0,0.6987658582253489,0.0,0.7153504563349293,0.0,0.0
0,1,0.0,6,3,0,0,1,0,0,0,0,0,0.0,0.0,1.0,0.0,0.0,0.0,0.0,0.0,0.0,0.0
1,4,0.6428571428571428,14,14,0,0,1,0,0,0,1,0,0.0,0.0,0.0,0.0,0.0,0.0,0.0,0.0,0.0,1.0
0,1,0.0,1,1,0,0,1,0,0,0,1,0,0.0,0.0,0.0,0.0,0.0,0.0,0.0,0.0,0.0,1.0
1,4,0.5922067901234567,31,41,0,0,1,0,0,0,0,0,0.0,0.0,0.0,0.0,0.0,0.0,0.0,0.0,0.0,0.0
2,7,0.8279580433290854,45,56,0,0,1,0,0,0,0,0,0.0,0.0,0.0,0.0,0.6981812220896324,0.0,0.0,0.0,0.715921071851798,0.0
1,3,0.591715976331361,13,13,0,0,1,0,0,0,1,0,0.0,0.0,0.0,0.0,0.0,0.0,0.0,0.0,0.0,0.0
0,1,0.0,1,1,0,0,1,0,0,0,1,0,0.0,0.0,0.0,0.0,0.0,0.0,0.0,0.0,0.0,1.0
0,1,0.0,1,1,0,0,1,0,0,0,1,0,0.0,0.0,0.0,0.0,0.0,0.0,0.0,0.0,0.0,1.0
0,1,0.0,2,0,0,0,1,0,1,0,0,0,1.0,0.0,0.0,0.0,0.0,0.0,0.0,0.0,0.0,0.0
1,3,0.6666666666666667,3,3,0,0,1,0,0,0,1,0,0.0,0.0,0.0,0.0,0.0,0.0,0.0,0.0,0.0,1.0
0,1,0.0,17,16,0,0,1,0,0,0,1,0,0.0,0.0,0.0,0.0,0.0,0.0,0.0,0.0,0.7635264097508012,0.6457766034884287
1,1,0.0,10,18,0,0,1,0,0,0,0,0,0.0,0.0,0.0,0.0,0.6981812220896324,0.0,0.0,0.0,0.715921071851798,0.0
1,1,0.0,2,2,0,0,1,0,0,0,1,0,0.0,0.0,0.0,0.0,0.0,0.0,0.7543373925519521,0.0,0.0,0.6564869368067592
1,1,0.0,8,1,0,0,1,0,0,0,0,0,0.0,0.0,0.0,0.0,0.0,0.0,0.0,0.0,0.0,0.0
1,1,0.0,3,3,0,0,1,0,0,0,0,0,0.0,0.0,0.0,0.0,0.0,0.0,0.0,0.0,0.0,0.0
2,16,0.9135020408163266,312,38,0,0,1,0,0,0,0,0,0.0,0.0,0.0,0.0,0.0,0.0,0.0,0.0,0.0,0.0
3,4,0.14579881656804727,15,50,0,0,1,0,0,0,1,0,0.0,0.0,0.0,0.0,0.0,0.0,0.0,0.0,0.7635264097508012,0.6457766034884287
1,4,0.75,4,4,0,0,1,0,0,0,0,0,0.0,1.0,0.0,0.0,0.0,0.0,0.0,0.0,0.0,0.0
1,4,0.6428571428571428,14,14,0,0,1,0,0,0,1,0,0.0,0.0,0.0,0.0,0.0,0.0,0.0,0.0,0.0,1.0
0,1,0.0,1,1,0,0,1,0,0,0,1,0,0.0,0.0,0.0,0.0,0.0,0.0,0.0,0.0,0.0,1.0
0,1,0.0,1,1,0,0,1,0,0,0,0,0,0.0,0.0,0.0,0.0,0.0,0.0,0.0,0.0,0.0,0.0
1,2,0.0,3,3,0,0,1,0,0,0,0,0,0.0,0.0,0.0,0.0,0.0,0.0,0.0,0.0,0.0,0.0
3,13,0.8791011951556886,101,216,0,0,1,0,0,0,0,0,0.0,0.0,0.0,0.0,0.0,0.0,0.0,0.0,1.0,0.0
2,13,0.8818571653737562,2,1526,0,0,1,0,0,0,0,0,0.0,0.0,0.0,0.0,0.0,0.0,0.0,0.0,0.0,0.0
1,1,0.0,0,1,0,0,1,0,0,0,0,0,0.0,0.0,0.0,0.0,0.0,0.0,0.0,0.0,0.0,0.0
2,3,0.6403061224489797,14,14,0,0,1,0,0,0,0,0,0.0,0.0,0.0,0.0,0.0,0.0,0.0,0.0,0.0,0.0
1,4,0.6640625,8,8,0,0,1,0,0,0,0,0,0.0,0.0,0.0,0.0,1.0,0.0,0.0,0.0,0.0,0.0
0,1,0.0,1,1,0,0,1,0,0,0,1,0,0.0,0.6126237134354424,0.0,0.0,0.0,0.0,0.0,0.0,0.6034719663886849,0.5104054971486325
1,1,0.0,55,43,0,0,1,0,0,0,0,0,0.0,0.0,0.0,0.0,0.0,0.0,1.0,0.0,0.0,0.0
2,3,0.5761772853185596,18,1,0,0,1,0,0,0,0,0,0.0,0.0,0.0,0.0,0.0,0.0,0.0,0.0,0.0,0.0
0,1,0.0,1,1,0,0,1,0,0,0,0,0,0.0,0.0,0.0,0.0,0.0,0.0,0.0,0.0,0.0,0.0
2,6,0.7546358505778017,36,25,0,0,1,0,0,0,1,0,0.0,0.0,0.0,0.0,0.7554627812367238,0.0,0.0,0.0,0.0,0.6551915644802473
2,3,0.5095486111111112,24,24,0,0,1,0,0,0,0,0,0.0,0.0,0.0,0.0,0.0,0.5748825943025336,0.0,0.5885269312066211,0.5684593688316744,0.0
1,2,0.11072664359861584,11,6,1,0,1,0,0,0,0,0,0.0,0.0,0.0,1.0,0.0,0.0,0.0,0.0,0.0,0.0
1,1,0.0,6,2,0,0,1,0,0,0,0,0,0.0,0.0,0.0,0.0,0.0,0.0,0.0,0.0,0.0,0.0
1,1,0.0,5,8,0,0,1,0,0,0,0,0,0.0,0.0,0.0,0.7120517375160647,0.0,0.0,0.7021269992674781,0.0,0.0,0.0
1,2,0.2777777777777777,100,8,0,0,1,0,0,0,0,0,0.6755392011984699,0.0,0.0,0.0,0.0,0.0,0.737324072334637,0.0,0.0,0.0
1,8,0.7052614244619242,1387,1194,0,0,1,0,0,0,0,0,0.0,0.0,0.0,0.0,0.0,0.0,0.0,0.0,0.0,0.0
3,17,0.8281776106873986,807,60,0,0,1,0,0,0,0,0,0.0,0.461687559536759,0.0,0.0,0.8870426130513639,0.0,0.0,0.0,0.0,0.0
2,8,0.6011342155009451,23,23,0,0,1,0,0,0,0,0,0.0,0.0,0.0,0.0,0.0,0.0,0.0,0.0,0.0,0.0
1,4,0.6428571428571428,14,14,0,0,1,0,0,0,1,0,0.0,0.0,0.0,0.0,0.0,0.0,0.0,0.0,0.0,1.0
0,1,0.0,1,1,0,0,1,0,0,0,1,0,0.0,0.0,0.0,0.0,0.0,0.0,0.0,0.0,0.0,1.0
0,1,0.0,1,1,0,0,1,0,0,0,0,0,0.0,0.0,0.0,0.0,1.0,0.0,0.0,0.0,0.0,0.0
1,4,0.3299476762080641,30,27,0,0,1,0,0,0,0,0,0.0,0.0,0.0,0.0,1.0,0.0,0.0,0.0,0.0,0.0
1,3,0.6373456790123456,19,17,0,0,1,0,0,0,0,0,0.0,0.0,0.0,0.0,0.0,0.0,0.0,0.0,1.0,0.0
1,3,0.6211072664359861,25,9,0,0,1,0,0,0,0,0,0.0,0.3930716043689979,0.8365778866404628,0.38161781067313744,0.0,0.0,0.0,0.0,0.0,0.0
3,5,0.6777777777777778,30,0,0,0,1,0,0,0,0,0,0.0,0.0,0.0,0.0,1.0,0.0,0.0,0.0,0.0,0.0
1,1,0.0,1,1,0,0,1,0,0,0,0,0,0.0,0.0,0.0,0.0,0.0,0.0,0.0,0.0,0.0,0.0
1,2,0.4965277777777779,18,6,0,0,1,0,0,0,1,0,0.0,0.0,0.0,0.0,1.0,0.0,0.0,0.0,0.0,0.0
1,2,0.14201183431952646,14,12,0,0,1,0,0,0,1,0,0.0,0.0,0.0,0.0,0.0,0.0,0.0,0.0,0.0,1.0
1,2,0.2603550295857988,6,7,0,0,1,0,0,0,1,0,0.0,0.0,0.0,0.0,0.0,0.0,0.0,0.0,0.0,0.0
1,2,0.2603550295857988,7,6,0,0,1,0,0,0,1,0,0.0,0.0,0.0,0.0,0.0,0.0,0.0,0.0,0.0,1.0
4,15,0.853096339582826,150,72,0,0,1,0,0,0,1,0,0.0,0.0,0.0,0.0,0.7554627812367238,0.0,0.0,0.0,0.0,0.6551915644802473
0,1,0.0,1,1,0,0,1,0,0,0,0,0,0.0,0.0,0.0,0.0,0.6981812220896324,0.0,0.0,0.0,0.715921071851798,0.0
0,1,0.0,1,1,0,0,1,0,0,0,0,0,0.0,0.0,0.0,0.0,0.6981812220896324,0.0,0.0,0.0,0.715921071851798,0.0
1,1,0.0,0,1,0,0,1,0,0,0,0,0,0.0,0.0,0.0,1.0,0.0,0.0,0.0,0.0,0.0,0.0
1,1,0.0,3,3,0,0,1,0,0,0,0,0,0.0,0.0,0.0,0.0,0.0,0.0,1.0,0.0,0.0,0.0
1,1,0.0,1,2,0,0,1,0,0,0,0,0,0.0,0.0,0.0,1.0,0.0,0.0,0.0,0.0,0.0,0.0
1,1,0.0,1,1,0,0,1,0,0,0,0,0,0.0,0.0,0.0,1.0,0.0,0.0,0.0,0.0,0.0,0.0
2,10,0.8383735537190082,238,37,0,0,1,0,0,0,0,0,1.0,0.0,0.0,0.0,0.0,0.0,0.0,0.0,0.0,0.0
1,1,0.0,4,4,0,0,1,0,0,0,0,0,0.0,0.0,0.0,1.0,0.0,0.0,0.0,0.0,0.0,0.0
3,7,0.6856,38,12,0,0,1,0,0,0,0,0,0.0,0.0,0.0,0.0,1.0,0.0,0.0,0.0,0.0,0.0
1,1,0.0,1,1,0,0,1,0,0,0,0,0,0.0,0.0,0.0,0.7120517375160647,0.0,0.0,0.7021269992674781,0.0,0.0,0.0
1,1,0.0,1,1,0,0,1,0,0,0,0,0,0.0,0.0,0.0,0.7120517375160647,0.0,0.0,0.7021269992674781,0.0,0.0,0.0
1,1,0.0,3,3,0,0,1,0,0,0,0,0,0.0,0.0,0.0,0.7120517375160647,0.0,0.0,0.7021269992674781,0.0,0.0,0.0
1,1,0.0,4,4,0,0,1,0,0,0,0,0,0.0,0.0,0.0,0.0,0.0,0.0,1.0,0.0,0.0,0.0
1,11,0.8241836734693877,49,91,0,0,1,0,0,0,1,0,0.0,0.0,0.0,0.0,1.0,0.0,0.0,0.0,0.0,0.0
6,29,0.9189281727104015,371,370,0,0,1,0,0,0,0,0,0.0,0.0,0.733852428880175,0.0,0.0,0.0,0.0,0.0,0.6793089228227961,0.0
1,3,0.591715976331361,13,13,0,0,1,0,0,0,0,0,0.0,0.0,0.0,0.0,0.0,0.0,0.0,0.0,0.0,0.0
0,1,0.0,1,1,0,0,1,0,0,0,1,0,0.0,0.0,0.0,0.0,0.0,0.0,0.0,0.0,0.0,1.0
1,1,0.0,3,3,0,0,1,0,0,0,0,0,0.0,0.0,0.0,0.0,1.0,0.0,0.0,0.0,0.0,0.0
0,1,0.0,1,1,0,0,1,0,0,0,0,0,0.0,0.0,0.0,0.0,1.0,0.0,0.0,0.0,0.0,0.0
2,3,0.6208761492698756,16,27,0,0,1,0,0,0,1,0,0.0,0.0,0.7422828210919641,0.0,0.670086720888987,0.0,0.0,0.0,0.0,0.0
1,1,0.0,32,0,0,0,1,0,0,0,0,0,0.6755392011984699,0.0,0.0,0.0,0.0,0.0,0.737324072334637,0.0,0.0,0.0
1,2,0.17035576009934994,93,24,1,0,1,0,0,0,0,0,0.0,0.0,0.7387476637358752,0.6739821135050886,0.0,0.0,0.0,0.0,0.0,0.0
1,2,0.49947970863683666,31,0,0,0,1,0,0,0,0,0,0.0,0.0,0.0,0.0,0.0,0.0,0.0,0.0,0.0,0.0
1,2,0.18231463978155849,67,2,0,0,1,0,0,0,0,0,0.0,0.0,0.0,0.0,0.0,0.0,0.0,0.0,0.0,0.0
8,86,0.9667027521777554,577,2983,0,0,1,0,0,0,0,0,0.0,0.0,0.0,0.0,0.0,0.0,0.0,0.0,0.0,0.0
1,1,0.0,1,0,0,0,1,0,1,0,0,0,0.6360294259344416,0.0,0.7716648037493383,0.0,0.0,0.0,0.0,0.0,0.0,0.0
1,1,0.0,19,1,0,0,1,0,0,0,0,0,0.0,0.0,0.0,0.0,0.0,0.0,0.0,0.0,0.0,0.0
1,4,0.6428571428571428,14,14,0,0,1,0,0,0,1,0,0.0,0.0,0.0,0.0,0.0,0.0,0.0,0.0,0.0,1.0
1,3,0.6399999999999999,15,15,0,0,1,0,0,0,0,0,0.0,0.0,0.0,0.0,0.0,0.0,0.0,0.0,0.0,0.0
0,1,0.0,1,1,0,0,1,0,0,0,1,0,0.0,0.0,0.0,0.0,0.0,0.0,0.0,0.0,0.0,1.0
0,1,0.0,0,1,0,0,1,0,0,0,0,0,0.0,0.0,0.0,0.0,0.0,0.0,0.0,0.0,0.0,0.0
0,1,0.0,2,2,0,0,1,0,0,0,0,0,0.0,0.0,0.0,0.0,0.0,0.0,0.0,0.0,0.0,0.0
0,1,0.0,1,1,0,0,1,0,1,0,0,0,0.0,0.0,0.0,0.0,0.0,0.0,0.0,0.0,0.0,0.0
0,1,0.0,2,2,0,0,1,0,0,0,0,0,0.0,0.0,0.0,0.0,0.0,0.0,0.0,0.0,0.0,0.0
0,1,0.0,2,2,0,0,1,0,0,0,1,0,0.0,0.0,0.0,0.0,0.0,0.0,0.0,0.0,0.0,1.0
1,5,0.2823913879277201,58,44,0,0,1,0,0,0,0,0,0.0,0.0,0.733852428880175,0.0,0.0,0.0,0.0,0.0,0.6793089228227961,0.0
4,42,0.9482950217882605,144,139,0,0,1,0,1,0,0,0,0.0,0.0,0.0,0.0,0.0,0.6987658582253489,0.0,0.7153504563349293,0.0,0.0
2,3,0.5743339002267575,108,60,0,0,1,0,0,0,0,0,0.0,0.0,0.0,0.0,0.0,0.0,1.0,0.0,0.0,0.0
7,51,0.9584462844017395,298,2789,0,0,1,0,0,0,0,0,0.0,0.0,0.733852428880175,0.0,0.0,0.0,0.0,0.0,0.6793089228227961,0.0
1,3,0.6399999999999999,15,15,0,0,1,0,0,0,1,0,0.0,0.0,0.0,0.0,0.0,0.0,0.0,0.0,0.0,1.0
0,1,0.0,2,1,0,0,1,0,0,0,1,0,0.0,0.0,0.0,0.7588778065105445,0.0,0.0,0.0,0.0,0.0,0.6512330418412018
0,1,0.0,1,1,0,0,1,0,0,0,1,0,0.0,0.0,0.0,0.0,0.0,0.0,0.0,0.0,0.0,1.0
2,3,0.49382716049382713,5,4,0,0,1,0,0,0,0,0,0.0,0.0,0.0,0.0,0.0,0.0,0.0,0.0,0.0,0.0
1,1,0.0,38,33,0,0,1,0,0,0,0,0,0.6755392011984699,0.0,0.0,0.0,0.0,0.0,0.737324072334637,0.0,0.0,0.0
1,2,0.4558071585098612,37,0,0,0,1,0,0,0,0,0,1.0,0.0,0.0,0.0,0.0,0.0,0.0,0.0,0.0,0.0
2,3,0.4894083272461651,31,6,0,0,1,0,0,1,0,0,1.0,0.0,0.0,0.0,0.0,0.0,0.0,0.0,0.0,0.0
1,1,0.0,55,67,0,0,1,0,0,0,0,0,0.0,0.0,0.0,0.0,0.0,0.0,0.0,0.0,0.0,0.0
1,1,0.0,1,1,0,0,1,0,0,0,0,0,0.0,0.7174829493144343,0.0,0.6965760672339102,0.0,0.0,0.0,0.0,0.0,0.0
0,1,0.0,1,1,0,0,1,0,0,0,0,0,1.0,0.0,0.0,0.0,0.0,0.0,0.0,0.0,0.0,0.0
0,1,0.0,46,4,0,0,1,0,0,0,0,0,0.0,0.0,0.0,0.0,0.0,0.0,0.0,0.0,0.0,0.0
0,1,0.0,9,4,0,0,1,0,0,0,1,0,0.0,0.0,0.0,0.0,0.0,0.0,0.0,0.0,0.0,1.0
1,4,0.6796875,16,16,0,0,1,0,0,0,1,0,0.0,0.0,0.0,0.0,0.0,0.0,0.0,0.0,0.0,1.0
0,1,0.0,1,1,0,0,1,0,0,0,1,0,0.0,0.0,0.0,0.0,0.0,0.0,0.0,0.0,0.0,1.0
1,3,0.6224489795918368,14,14,0,0,1,0,0,0,1,0,0.0,0.0,0.0,0.7588778065105445,0.0,0.0,0.0,0.0,0.0,0.6512330418412018
1,4,0.75,4,4,0,0,1,0,0,0,1,0,0.0,0.0,0.0,0.0,0.0,0.0,0.0,0.0,0.0,1.0
0,1,0.0,1,1,0,0,1,0,0,0,1,0,0.0,0.0,0.0,0.0,0.0,0.0,0.0,0.0,0.0,1.0
0,1,0.0,5,7,0,0,1,0,0,0,0,0,0.0,0.0,0.0,1.0,0.0,0.0,0.0,0.0,0.0,0.0
1,4,0.75,4,4,0,0,1,0,0,0,1,0,0.0,0.0,0.0,0.0,0.0,0.0,0.0,0.0,0.0,1.0
0,1,0.0,1,1,0,0,1,0,0,0,1,0,0.0,0.0,0.0,0.0,0.0,0.0,0.0,0.0,0.0,1.0
1,4,0.75,4,4,1,0,1,0,0,0,1,0,0.0,0.0,0.0,0.0,0.0,0.0,0.0,0.0,0.0,1.0
1,3,0.49382716049382713,12,6,0,0,1,0,0,0,0,0,0.0,0.0,0.0,1.0,0.0,0.0,0.0,0.0,0.0,0.0
1,1,0.0,14,25,0,0,1,0,0,0,0,0,0.0,0.0,0.0,0.0,0.0,0.0,0.0,0.0,0.0,0.0
1,1,0.0,3,1,0,0,1,0,0,0,0,0,0.0,0.0,0.0,0.0,0.0,0.0,0.0,0.0,0.0,0.0
2,3,0.5,8,4,0,0,1,0,0,0,0,0,0.0,0.0,0.0,0.0,0.0,0.6987658582253489,0.0,0.7153504563349293,0.0,0.0
1,1,0.0,32,26,0,0,1,0,0,0,0,0,0.0,0.0,0.0,0.0,0.0,0.6987658582253489,0.0,0.7153504563349293,0.0,0.0
1,2,0.42000000000000004,7,3,0,0,1,0,0,0,0,0,0.0,0.0,0.0,0.0,0.0,0.6987658582253489,0.0,0.7153504563349293,0.0,0.0
1,1,0.0,2,2,0,0,1,0,1,0,0,0,0.0,0.0,0.0,1.0,0.0,0.0,0.0,0.0,0.0,0.0
1,1,0.0,1,1,0,0,1,0,0,0,0,0,0.0,0.0,0.0,0.0,0.0,0.0,0.0,0.0,0.0,0.0
1,1,0.0,37,31,0,0,1,0,0,0,0,0,0.0,0.0,0.0,0.0,0.0,0.0,0.0,0.0,0.0,0.0
0,1,0.0,15,12,0,0,1,0,0,0,1,0,0.0,0.0,0.0,0.0,0.0,0.0,0.0,0.0,0.0,1.0
0,1,0.0,2,2,0,0,1,0,0,0,1,0,0.0,0.0,0.0,0.0,0.0,0.0,0.0,0.0,0.7635264097508012,0.6457766034884287
0,1,0.0,5,4,0,0,1,0,0,0,1,0,0.0,0.0,0.0,0.0,0.0,0.0,0.0,0.0,0.508895230233714,0.8608284641235879
1,1,0.0,2,1,0,0,1,0,0,0,0,0,0.0,0.0,0.0,0.0,0.0,0.0,0.6969399607217194,0.0,0.7171294800447184,0.0
2,3,0.6287477954144621,104,22,0,0,1,0,0,0,1,0,0.0,0.0,0.0,0.0,0.5972280131836787,0.0,0.0,0.0,0.6124027771166378,0.517959012710953
1,2,0.4982967191024845,142,115,0,0,1,0,0,0,0,0,0.6649981300490178,0.0,0.0,0.0,0.0,0.0,0.0,0.0,0.7468450220971614,0.0
1,2,0.0,3,3,0,0,1,0,0,0,0,0,0.0,0.0,0.0,0.0,1.0,0.0,0.0,0.0,0.0,0.0
0,1,0.0,1,1,0,0,1,0,0,0,0,0,0.0,1.0,0.0,0.0,0.0,0.0,0.0,0.0,0.0,0.0
1,3,0.6399999999999999,15,15,0,0,1,0,0,0,1,0,0.0,0.0,0.0,0.0,0.0,0.0,0.0,0.0,0.0,0.0
1,1,0.0,0,2,0,0,1,0,0,0,0,0,0.0,0.0,0.0,0.0,0.0,0.0,0.0,0.0,0.0,0.0
1,1,0.0,1,1,0,0,1,0,0,0,0,0,0.0,1.0,0.0,0.0,0.0,0.0,0.0,0.0,0.0,0.0
6,15,0.8531273834731637,461,405,0,0,1,0,0,0,0,0,0.0,0.0,0.0,0.0,0.0,0.0,0.0,0.0,0.0,0.0
0,1,0.0,1,1,0,0,1,0,0,0,0,0,0.0,0.0,0.0,0.0,0.0,0.0,0.0,0.0,0.0,0.0
1,1,0.0,5,5,0,0,1,0,0,0,0,0,0.5218851875685101,0.0,0.6331789291872342,0.0,0.5715945194190446,0.0,0.0,0.0,0.0,0.0
2,3,0.653061224489796,9,12,0,0,1,0,0,0,0,0,0.0,0.0,0.0,0.0,0.0,0.0,0.0,0.0,1.0,0.0
2,2,0.4444444444444444,3,3,0,0,1,0,0,0,0,0,0.0,0.0,0.0,0.0,0.0,0.0,0.0,0.0,0.0,0.0
1,1,0.0,2,4,0,0,1,0,0,0,0,0,0.0,0.0,0.0,0.0,0.0,0.0,0.0,0.0,0.0,0.0
0,1,0.0,1,1,0,0,1,0,0,0,0,0,0.0,0.0,0.0,0.0,0.0,0.0,0.0,0.0,0.0,0.0
4,5,0.6865051903114187,40,45,0,0,1,0,0,0,0,0,0.0,0.0,0.0,0.0,0.0,0.0,0.0,0.0,0.0,0.0
2,2,0.07535563244905807,26,25,0,0,1,0,0,0,0,0,0.0,0.0,0.0,0.0,0.0,0.0,0.0,0.0,0.0,0.0
1,1,0.0,1,1,0,0,1,0,0,0,0,0,0.0,0.0,0.0,0.0,0.0,0.0,0.0,0.0,0.0,0.0
3,7,0.61375,23,17,0,0,1,0,0,0,0,0,0.0,0.0,0.0,0.0,0.0,0.0,0.0,0.0,0.0,0.0
2,14,0.848,22,28,0,0,1,0,0,0,0,0,0.0,0.0,0.0,0.0,0.0,0.0,0.0,0.0,0.0,0.0
2,4,0.5595567867036011,10,9,0,0,1,0,0,0,0,0,0.0,0.0,0.0,0.0,0.0,0.0,0.0,0.0,1.0,0.0
2,4,0.24741973840665887,66,79,0,0,1,0,0,0,0,0,1.0,0.0,0.0,0.0,0.0,0.0,0.0,0.0,0.0,0.0
1,1,0.0,5,0,0,0,1,0,0,0,0,0,0.5218851875685101,0.0,0.6331789291872342,0.0,0.5715945194190446,0.0,0.0,0.0,0.0,0.0
2,4,0.6709604967631126,99,75,0,0,1,0,0,0,0,0,0.0,0.0,0.0,0.0,0.0,0.0,0.0,0.0,0.0,0.0
2,4,0.6597633136094674,16,10,0,0,1,0,0,0,0,0,0.0,0.0,0.0,0.0,0.0,0.0,0.0,0.0,0.0,0.0
1,3,0.4444444444444444,0,3,0,0,1,0,0,0,0,0,0.0,0.0,0.0,0.0,0.0,0.0,0.0,0.0,0.0,0.0
4,10,0.7717477020694579,77,664,0,0,1,0,0,0,1,0,0.0,0.34053826807615845,0.362385353534616,0.0,0.3271389372732393,0.33924148132601445,0.0,0.0,0.6709021990483963,0.2837183742706396
0,1,0.0,1,1,0,0,1,0,0,0,1,0,0.0,0.0,0.0,0.0,0.0,0.0,0.0,0.0,0.0,1.0
5,13,0.8305159429578594,632,0,0,0,1,0,0,0,0,0,0.0,0.0,0.0,0.0,0.0,0.0,0.0,0.0,0.0,0.0
1,1,0.0,3,3,0,0,1,0,0,0,0,0,0.0,0.0,0.0,0.0,0.0,0.0,0.0,0.0,0.0,0.0
1,1,0.0,3,3,0,0,1,0,0,0,0,0,0.0,0.7211522008396218,0.0,0.0,0.6927766618645359,0.0,0.0,0.0,0.0,0.0
1,1,0.0,10,0,0,0,1,0,0,0,0,0,1.0,0.0,0.0,0.0,0.0,0.0,0.0,0.0,0.0,0.0
2,2,0.42603550295857995,6,7,0,0,1,0,0,0,0,0,0.0,0.0,0.0,0.0,0.0,0.0,0.0,0.0,0.0,0.0
1,2,0.31217481789802304,21,10,0,0,1,0,0,0,0,0,0.0,0.0,0.0,0.0,1.0,0.0,0.0,0.0,0.0,0.0
1,1,0.0,2,2,0,0,1,0,0,0,0,0,0.0,0.0,0.0,1.0,0.0,0.0,0.0,0.0,0.0,0.0
1,3,0.6627218934911242,13,13,0,0,1,0,0,0,1,0,0.0,0.0,0.0,0.0,0.0,0.0,0.0,0.0,0.0,1.0
3,11,0.846530612244898,31,39,0,0,1,0,0,0,0,0,0.0,0.0,0.0,0.0,0.0,0.0,0.0,0.0,0.0,0.0
9,85,0.9747687598852107,4354,452,0,0,1,0,0,0,0,0,0.0,0.0,1.0,0.0,0.0,0.0,0.0,0.0,0.0,0.0
1,1,0.0,9,3,0,0,1,0,0,0,0,0,0.0,0.0,0.0,0.7120517375160647,0.0,0.0,0.7021269992674781,0.0,0.0,0.0
1,1,0.0,1,1,0,0,1,0,0,1,0,0,0.0,0.0,0.0,1.0,0.0,0.0,0.0,0.0,0.0,0.0
1,1,0.0,301,0,0,0,1,0,0,0,0,0,0.3789207756738015,0.0,0.0,0.0,0.41501281091777614,0.0,0.8271538022259769,0.0,0.0,0.0
1,1,0.0,10,8,0,0,1,0,0,0,0,0,0.0,0.0,0.0,0.0,0.0,0.0,0.0,0.0,0.0,0.0
1,3,0.6379757785467128,34,34,0,0,1,0,0,0,0,0,0.0,0.0,0.0,0.0,0.0,0.0,0.0,0.0,1.0,0.0
1,1,0.0,6,1,0,0,1,0,0,0,0,0,0.0,0.0,0.0,0.0,0.0,0.0,0.0,0.0,0.0,0.0
1,1,0.0,24,5,0,0,1,0,0,0,0,0,0.6755392011984699,0.0,0.0,0.0,0.0,0.0,0.737324072334637,0.0,0.0,0.0
1,1,0.0,3,3,0,0,1,0,0,0,0,0,0.0,0.0,0.0,0.0,0.0,0.0,0.0,0.0,0.0,0.0
1,1,0.0,2,2,0,0,1,0,0,0,0,0,0.0,0.0,0.0,0.7120517375160647,0.0,0.0,0.7021269992674781,0.0,0.0,0.0
3,3,0.5540123456790123,10,26,0,0,1,0,0,0,0,0,0.0,0.0,0.0,0.0,0.0,0.0,0.0,0.0,0.0,0.0
2,6,0.8253968253968255,11,10,0,0,1,0,0,0,0,0,0.0,0.0,0.0,0.0,0.0,0.0,0.0,0.0,0.0,0.0
2,2,0.33673469387755106,18,10,0,0,1,0,0,0,0,0,0.0,0.0,0.0,0.6979429886733488,0.0,0.7161533247578437,0.0,0.0,0.0,0.0
1,1,0.0,15,0,0,0,1,0,0,0,0,0,0.6755392011984699,0.0,0.0,0.0,0.0,0.0,0.737324072334637,0.0,0.0,0.0
1,3,0.5590277777777779,27,21,0,0,1,0,0,0,0,0,0.0,0.0,0.0,0.0,0.0,0.0,0.0,0.0,0.0,0.0
1,2,0.14201183431952646,1,25,0,1,1,0,0,0,0,0,0.0,0.0,0.0,0.7120517375160647,0.0,0.0,0.7021269992674781,0.0,0.0,0.0
4,13,0.8674959437533802,43,43,0,0,1,0,0,0,0,0,0.0,0.0,0.0,0.0,0.0,0.0,0.0,0.0,0.0,0.0
5,14,0.7991937515747041,63,63,0,0,1,0,0,0,0,0,0.0,0.0,0.0,0.0,0.0,0.0,0.0,0.0,0.0,0.0
1,1,0.0,1,1,0,0,1,0,0,0,0,0,0.0,0.0,0.0,0.0,0.0,0.0,0.0,0.0,0.0,0.0
1,1,0.0,0,1,0,0,1,0,0,0,0,0,0.0,0.0,0.0,0.0,0.0,0.0,0.0,0.0,0.0,0.0
1,1,0.0,4,2,1,0,1,0,0,0,0,0,0.0,0.0,0.0,1.0,0.0,0.0,0.0,0.0,0.0,0.0
4,9,0.8135904499540864,21,12,0,0,1,0,0,0,0,0,0.0,0.0,0.0,0.0,1.0,0.0,0.0,0.0,0.0,0.0
1,2,0.0,2,3,0,0,1,0,0,0,0,0,0.0,0.0,0.0,0.0,1.0,0.0,0.0,0.0,0.0,0.0
0,1,0.0,8,1,0,0,1,0,0,0,0,0,0.0,0.0,1.0,0.0,0.0,0.0,0.0,0.0,0.0,0.0
10,47,0.9301072005244692,730,418,0,0,1,0,0,0,0,0,0.0,0.0,1.0,0.0,0.0,0.0,0.0,0.0,0.0,0.0
6,23,0.9116828450770098,308,159,0,0,1,0,0,0,0,0,0.0,0.0,1.0,0.0,0.0,0.0,0.0,0.0,0.0,0.0
1,1,0.0,2,2,0,0,1,0,0,0,0,0,0.0,0.0,0.0,0.0,0.0,0.0,0.0,0.0,0.0,0.0
3,6,0.6875,24,24,0,0,1,0,1,0,0,0,0.0,0.0,0.0,0.0,0.0,1.0,0.0,0.0,0.0,0.0
1,1,0.0,1,1,0,0,1,0,0,0,0,0,0.0,0.0,0.0,0.0,0.0,0.6987658582253489,0.0,0.7153504563349293,0.0,0.0
0,1,0.0,8,3,0,0,1,0,0,0,0,0,0.5443912390957821,0.0,0.6604844706084497,0.0,0.0,0.0,0.0,0.0,0.0,0.5171058333463614
0,1,0.0,1,1,0,0,1,0,0,0,1,0,0.0,0.0,0.0,0.0,0.0,0.0,0.0,0.0,0.0,1.0
1,2,0.0,3,3,0,0,1,0,0,0,1,0,0.0,0.0,0.0,0.0,0.0,0.0,0.0,0.0,0.0,1.0
0,1,0.0,1,1,0,0,1,0,0,0,0,0,0.0,1.0,0.0,0.0,0.0,0.0,0.0,0.0,0.0,0.0
1,2,0.24489795918367352,12,16,0,0,1,0,0,0,0,0,0.0,0.0,0.0,0.0,0.0,0.6987658582253489,0.0,0.7153504563349293,0.0,0.0
1,1,0.0,17,17,0,0,1,0,0,0,0,0,0.0,0.0,0.0,0.0,0.0,0.6987658582253489,0.0,0.7153504563349293,0.0,0.0
1,1,0.0,3,15,0,0,1,0,0,0,0,0,0.0,0.0,0.0,0.0,0.5588101921564901,0.5794834419508578,0.0,0.5932369759605461,0.0,0.0
1,1,0.0,4,5,0,0,1,0,0,0,0,0,0.0,0.0,0.0,0.0,0.0,0.6987658582253489,0.0,0.7153504563349293,0.0,0.0
1,1,0.0,6,4,0,0,1,0,0,0,0,0,0.0,0.0,0.0,0.0,0.0,0.6987658582253489,0.0,0.7153504563349293,0.0,0.0
1,2,0.4558071585098612,34,3,0,0,1,0,0,0,0,0,0.0,0.0,0.0,0.0,0.0,0.6987658582253489,0.0,0.7153504563349293,0.0,0.0
1,1,0.0,2,2,0,0,1,0,0,0,1,0,0.0,0.0,0.0,0.0,0.0,0.0,0.0,0.0,0.0,1.0
1,2,0.0,3,3,0,0,1,0,0,0,1,0,0.0,0.0,0.0,0.0,0.0,0.0,0.0,0.0,0.0,1.0
0,1,0.0,1,1,0,0,1,0,0,0,0,0,0.0,1.0,0.0,0.0,0.0,0.0,0.0,0.0,0.0,0.0
1,1,0.0,1,2,0,0,1,0,0,0,0,0,0.0,0.0,0.0,0.0,0.0,0.6987658582253489,0.0,0.7153504563349293,0.0,0.0
1,1,0.0,0,3,0,0,1,0,0,0,0,0,0.0,0.0,0.0,0.0,0.0,0.5748825943025336,0.0,0.5885269312066211,0.5684593688316744,0.0
1,1,0.0,1,1,0,0,1,0,0,0,0,0,0.0,0.0,0.0,0.0,0.0,0.6987658582253489,0.0,0.7153504563349293,0.0,0.0
1,1,0.0,16,19,0,0,1,0,0,0,0,0,0.0,0.0,0.0,0.0,0.0,0.0,0.0,0.0,0.0,0.0
2,2,0.36680541103017683,35,27,0,0,1,0,0,0,0,0,0.0,0.0,0.0,0.0,0.0,0.0,0.0,0.0,0.0,0.0
1,3,0.46816107915096217,25,46,0,0,1,0,0,0,0,0,0.0,0.0,0.0,0.0,0.0,0.5748825943025336,0.0,0.5885269312066211,0.5684593688316744,0.0
1,3,0.5511111111111111,12,3,0,0,1,0,0,0,0,0,0.0,0.0,0.0,1.0,0.0,0.0,0.0,0.0,0.0,0.0
1,1,0.0,3,3,0,0,1,0,0,0,0,0,0.0,0.0,0.0,0.0,0.0,0.0,0.0,0.0,0.0,0.0
1,1,0.0,16,17,0,0,1,0,0,0,0,0,0.0,0.0,0.0,0.0,0.0,0.0,0.0,0.0,0.0,0.0
2,2,0.21875,15,1,1,0,1,0,0,0,0,0,0.0,0.0,0.0,0.0,0.0,0.0,0.0,0.0,1.0,0.0
1,4,0.5115338387573966,220,196,0,0,1,0,0,0,0,0,0.0,0.7211522008396218,0.0,0.0,0.6927766618645359,0.0,0.0,0.0,0.0,0.0
1,2,0.0,3,3,0,0,1,0,0,0,1,0,0.0,0.0,0.0,0.0,0.0,0.0,0.0,0.0,0.0,1.0
0,1,0.0,1,1,0,0,1,0,0,0,0,0,0.0,1.0,0.0,0.0,0.0,0.0,0.0,0.0,0.0,0.0
1,2,0.48816568047337283,60,18,0,0,1,0,0,0,0,0,0.3982462294374554,0.0,0.4831735544802358,0.0,0.0,0.4523154999523831,0.434669862474006,0.4630508137876865,0.0,0.0
2,4,0.4581135802469136,141,84,0,0,1,0,0,0,0,0,0.0,0.0,0.0,0.0,0.0,0.6987658582253489,0.0,0.7153504563349293,0.0,0.0
1,3,0.3312079657612018,67,40,0,0,1,0,0,0,0,0,0.0,0.0,0.0,0.0,0.0,0.6987658582253489,0.0,0.7153504563349293,0.0,0.0
1,1,0.0,1,3,0,0,1,0,0,0,0,0,0.0,0.0,0.0,0.0,0.0,0.6987658582253489,0.0,0.7153504563349293,0.0,0.0
1,1,0.0,0,43,0,0,1,0,0,0,0,0,0.0,0.0,0.0,0.0,0.0,0.580109459741699,0.5574783510897584,0.5938778517375759,0.0,0.0
1,1,0.0,3,2,0,0,1,0,0,0,0,0,0.0,0.0,0.0,0.0,0.0,0.6987658582253489,0.0,0.7153504563349293,0.0,0.0
1,1,0.0,3,3,0,0,1,0,0,0,0,0,0.0,0.0,0.0,0.0,0.5588101921564901,0.5794834419508578,0.0,0.5932369759605461,0.0,0.0
1,1,0.0,0,2,0,0,1,0,0,0,0,0,0.0,0.0,0.0,0.0,0.0,0.5748825943025336,0.0,0.5885269312066211,0.5684593688316744,0.0
1,1,0.0,2,1,0,0,1,0,0,0,0,0,0.0,0.0,0.0,0.5628737588544012,0.0,0.5775599445289146,0.0,0.5912678260051653,0.0,0.0
2,5,0.7306473517428701,39,8,0,0,1,0,0,0,0,0,0.0,0.0,0.0,0.0,0.0,0.6987658582253489,0.0,0.7153504563349293,0.0,0.0
2,7,0.775992438563327,24,22,0,0,1,0,0,0,0,0,0.0,0.0,0.0,1.0,0.0,0.0,0.0,0.0,0.0,0.0
2,2,0.5,2,2,0,0,1,0,0,0,0,0,0.0,0.0,0.0,0.0,0.0,0.0,0.0,0.0,0.0,0.0
1,2,0.4152249134948096,10,7,0,0,1,0,0,0,0,0,0.0,0.0,0.0,0.0,0.0,0.0,0.0,0.0,0.0,0.0
1,1,0.0,2,2,0,0,1,0,0,0,0,0,0.0,0.0,0.0,0.0,0.0,0.0,0.0,0.0,0.0,0.0
1,2,0.2659279778393353,57,0,0,0,1,0,0,0,0,0,0.0,0.0,0.0,0.0,0.0,0.6987658582253489,0.0,0.7153504563349293,0.0,0.0
2,3,0.3044982698961938,8,9,1,0,1,0,0,0,0,0,0.0,0.0,0.0,1.0,0.0,0.0,0.0,0.0,0.0,0.0
1,1,0.0,14,9,0,0,1,0,0,0,0,0,0.0,0.0,0.0,0.0,0.0,0.0,0.0,0.0,0.0,0.0
1,1,0.0,22,2,0,0,1,0,0,0,0,0,1.0,0.0,0.0,0.0,0.0,0.0,0.0,0.0,0.0,0.0
2,3,0.65625,5,3,0,0,1,0,0,0,0,0,0.0,0.0,0.0,0.0,0.0,0.0,0.0,0.0,0.0,0.0
2,3,0.6640625,15,1,0,0,1,0,0,0,0,0,0.0,0.0,0.0,0.0,0.0,0.0,0.0,0.0,0.0,0.0
4,22,0.916220242770813,1131,105,0,0,1,0,0,0,0,0,0.0,0.0,0.0,0.0,0.0,0.0,0.0,0.0,0.0,0.0
1,1,0.0,2,2,0,0,1,0,0,0,0,0,0.0,0.0,0.0,0.0,0.0,0.6987658582253489,0.0,0.7153504563349293,0.0,0.0
1,1,0.0,3,3,0,0,1,0,0,0,0,0,0.0,0.0,0.0,0.0,0.0,0.0,0.0,0.0,0.0,0.0
1,2,0.2659279778393353,0,57,0,0,1,0,0,0,0,0,0.0,0.0,0.0,0.0,0.0,0.5748825943025336,0.0,0.5885269312066211,0.5684593688316744,0.0
1,2,0.375,4,4,0,0,1,0,0,0,0,0,0.0,0.0,0.0,0.0,0.0,0.0,0.0,0.0,1.0,0.0
1,1,0.0,8,5,0,0,1,0,0,0,0,0,0.0,0.0,0.0,0.0,0.0,0.0,0.0,0.0,0.0,0.0
2,7,0.8571428571428572,105,0,0,0,1,0,0,0,0,0,1.0,0.0,0.0,0.0,0.0,0.0,0.0,0.0,0.0,0.0
1,1,0.0,2,2,0,0,1,0,0,0,0,0,0.0,0.0,0.0,0.0,0.0,0.0,0.0,0.0,0.0,0.0
2,2,0.4944598337950138,42,34,0,0,1,0,0,0,0,0,0.0,0.0,0.0,0.0,0.0,0.0,1.0,0.0,0.0,0.0
2,2,0.45097439036832976,94,5,0,0,1,0,0,0,0,0,0.0,0.0,0.0,0.0,0.0,0.0,0.0,0.0,0.0,0.0
1,1,0.0,1,1,0,0,1,0,0,0,0,0,0.0,0.0,0.0,1.0,0.0,0.0,0.0,0.0,0.0,0.0
2,3,0.5262345679012346,2,34,0,0,1,0,0,0,0,0,0.0,0.0,0.0,0.0,0.0,0.0,0.0,0.0,0.0,0.0
1,1,0.0,26,3,0,0,1,0,0,0,0,0,0.6755392011984699,0.0,0.0,0.0,0.0,0.0,0.737324072334637,0.0,0.0,0.0
1,1,0.0,0,1,0,0,1,0,0,0,0,0,0.0,0.0,0.0,0.0,0.0,0.0,1.0,0.0,0.0,0.0
1,1,0.0,70,4,0,0,1,0,0,0,0,0,0.6755392011984699,0.0,0.0,0.0,0.0,0.0,0.737324072334637,0.0,0.0,0.0
1,1,0.0,8,8,0,0,1,0,0,0,0,0,0.0,0.0,0.0,0.0,0.0,0.6987658582253489,0.0,0.7153504563349293,0.0,0.0
1,2,0.41086419753086423,22,23,0,0,1,0,0,0,0,0,0.0,0.0,0.0,0.0,0.0,0.6987658582253489,0.0,0.7153504563349293,0.0,0.0
1,1,0.0,2,2,0,0,1,0,0,0,0,0,0.0,0.0,0.0,1.0,0.0,0.0,0.0,0.0,0.0,0.0
1,1,0.0,11,12,0,0,1,0,0,0,0,0,0.0,0.0,0.0,0.0,0.0,0.0,1.0,0.0,0.0,0.0
1,2,0.40031664567227176,116,585,0,1,1,0,0,0,0,0,0.0,0.0,0.0,0.0,0.0,0.0,0.0,0.0,0.0,0.0
1,1,0.0,28,0,0,0,1,0,0,0,0,0,0.6755392011984699,0.0,0.0,0.0,0.0,0.0,0.737324072334637,0.0,0.0,0.0
2,3,0.5262345679012346,34,2,0,0,1,0,0,0,0,0,0.0,0.0,0.0,0.0,0.0,0.0,0.0,0.0,0.0,0.0
1,2,0.43362778679165914,88,41,0,0,1,0,0,0,0,0,0.0,0.0,0.0,0.0,0.0,0.0,1.0,0.0,0.0,0.0
1,5,0.6266642011834319,82,22,1,0,1,0,0,0,0,0,0.0,0.0,0.0,0.5628737588544012,0.0,0.5775599445289146,0.0,0.5912678260051653,0.0,0.0
2,4,0.5625,12,4,0,0,1,0,0,0,0,0,0.0,0.0,0.0,1.0,0.0,0.0,0.0,0.0,0.0,0.0
1,2,0.029405212742259046,36,31,0,0,1,0,0,0,0,0,0.0,0.0,0.0,0.5628737588544012,0.0,0.5775599445289146,0.0,0.5912678260051653,0.0,0.0
4,16,0.9342560553633218,17,17,0,0,1,0,0,0,0,0,0.0,0.0,0.0,0.5628737588544012,0.0,0.5775599445289146,0.0,0.5912678260051653,0.0,0.0
1,1,0.0,1,1,0,0,1,0,0,0,0,0,0.0,0.0,0.0,0.0,0.0,0.6987658582253489,0.0,0.7153504563349293,0.0,0.0
1,1,0.0,3,4,0,0,1,0,0,0,0,0,0.5240057349556966,0.0,0.0,0.0,0.0,0.5951491777315754,0.0,0.6092745243147542,0.0,0.0
2,2,0.48864702570838814,34,39,0,0,1,0,0,0,0,0,0.0,0.0,0.0,0.0,0.0,0.6987658582253489,0.0,0.7153504563349293,0.0,0.0
1,1,0.0,4,1,0,0,1,0,0,0,0,0,0.5240057349556966,0.0,0.0,0.0,0.0,0.5951491777315754,0.0,0.6092745243147542,0.0,0.0
1,1,0.0,1,1,0,0,1,0,0,0,0,0,0.5240057349556966,0.0,0.0,0.0,0.0,0.5951491777315754,0.0,0.6092745243147542,0.0,0.0
3,3,0.411522633744856,4,23,0,0,1,0,0,0,0,0,0.0,0.0,0.0,0.0,0.0,0.6987658582253489,0.0,0.7153504563349293,0.0,0.0
1,1,0.0,1,1,0,0,1,0,0,0,0,0,0.0,0.0,0.0,0.0,0.0,0.6987658582253489,0.0,0.7153504563349293,0.0,0.0
1,1,0.0,6,1,0,0,1,0,0,0,0,0,0.5240057349556966,0.0,0.0,0.0,0.0,0.5951491777315754,0.0,0.6092745243147542,0.0,0.0
1,3,0.5950413223140496,6,5,0,0,1,0,0,0,0,0,0.0,0.0,0.0,0.0,0.0,0.6987658582253489,0.0,0.7153504563349293,0.0,0.0
1,3,0.5350504049880542,47,84,0,0,1,0,0,0,0,0,0.0,0.0,0.0,0.0,0.0,0.6987658582253489,0.0,0.7153504563349293,0.0,0.0
1,1,0.0,4,1,0,0,1,0,0,0,0,0,0.0,0.0,0.0,0.0,0.0,0.6987658582253489,0.0,0.7153504563349293,0.0,0.0
1,2,0.48,6,4,0,0,1,0,0,0,0,0,0.5240057349556966,0.0,0.0,0.0,0.0,0.5951491777315754,0.0,0.6092745243147542,0.0,0.0
1,2,0.21875,8,0,0,0,1,0,0,0,0,0,0.0,0.0,0.0,0.0,0.0,0.6987658582253489,0.0,0.7153504563349293,0.0,0.0
1,1,0.0,52,33,0,0,1,0,0,0,0,0,0.0,0.0,0.0,0.0,0.0,0.6987658582253489,0.0,0.7153504563349293,0.0,0.0
1,1,0.0,1,1,0,0,1,0,0,0,0,0,0.5240057349556966,0.0,0.0,0.0,0.0,0.5951491777315754,0.0,0.6092745243147542,0.0,0.0
1,1,0.0,4,4,0,0,1,0,0,0,0,0,0.0,0.0,0.0,0.0,0.0,0.6987658582253489,0.0,0.7153504563349293,0.0,0.0
1,1,0.0,0,2,0,0,1,0,0,0,0,0,0.0,0.0,0.0,0.0,0.0,0.6987658582253489,0.0,0.7153504563349293,0.0,0.0
1,2,0.5,2,2,0,0,1,0,0,0,0,0,0.5240057349556966,0.0,0.0,0.0,0.0,0.5951491777315754,0.0,0.6092745243147542,0.0,0.0
1,1,0.0,126,0,0,0,1,0,0,0,0,0,1.0,0.0,0.0,0.0,0.0,0.0,0.0,0.0,0.0,0.0
1,4,0.635552711806993,89,74,0,0,1,0,0,0,0,0,0.0,0.0,0.0,0.0,0.0,0.0,0.0,0.0,0.0,0.0
2,4,0.5940281238875045,204,8,0,0,1,0,0,0,0,0,0.0,0.7124079515693623,0.0,0.0,0.0,0.0,0.0,0.0,0.7017655666536688,0.0
1,3,0.375,4,4,0,0,1,0,0,0,1,0,0.0,0.0,0.0,0.0,0.0,0.0,0.0,0.0,0.0,1.0
0,1,0.0,0,2,0,0,1,0,0,0,1,0,0.0,0.0,0.7873864067312015,0.0,0.0,0.0,0.0,0.0,0.0,0.6164597687561832
1,1,0.0,2,2,0,0,1,0,0,0,1,0,0.0,0.0,0.0,0.0,0.0,0.0,0.0,0.0,0.0,1.0
1,1,0.0,16,0,0,0,1,0,0,0,0,0,0.0,0.0,0.0,0.0,0.0,0.0,0.0,0.0,0.0,0.0
1,1,0.0,40,0,0,0,1,0,0,0,0,0,1.0,0.0,0.0,0.0,0.0,0.0,0.0,0.0,0.0,0.0
2,2,0.3922193877551021,44,12,0,0,1,0,0,0,0,0,0.0,0.0,0.0,0.0,0.0,0.0,0.0,0.0,0.0,0.0
2,9,0.72629742182139,424,81,1,0,1,0,0,0,0,0,0.0,0.0,0.0,0.701954469103391,0.0,0.0,0.0,0.0,0.7122218217000771,0.0
1,1,0.0,2,1,0,0,1,0,0,0,0,0,0.0,0.0,0.0,0.0,0.0,0.0,0.0,0.0,0.0,0.0
1,1,0.0,15,1,0,0,1,0,0,0,0,0,0.0,0.0,0.0,0.0,0.0,0.0,0.0,0.0,0.0,0.0
1,2,0.14201183431952646,0,13,0,0,1,0,0,0,0,0,0.0,1.0,0.0,0.0,0.0,0.0,0.0,0.0,0.0,0.0
1,2,0.19753086419753085,32,4,0,0,1,0,0,0,0,0,0.0,0.0,0.0,0.0,0.0,0.0,0.0,0.0,0.0,0.0
2,2,0.19753086419753085,10,8,0,0,1,0,0,0,0,0,0.0,0.0,0.611782750836498,0.0,0.5522793815993262,0.0,0.0,0.0,0.566312061004525,0.0
1,1,0.0,0,1,0,0,1,0,0,0,0,0,0.0,0.0,0.0,0.0,0.0,0.0,1.0,0.0,0.0,0.0
1,1,0.0,1,1,1,0,1,0,0,0,1,0,0.0,0.0,0.8588938664708619,0.0,0.0,0.0,0.38633662310043515,0.0,0.0,0.33622215838651354
1,2,0.3550295857988165,7,6,0,0,1,0,0,0,0,0,0.0,0.0,0.0,0.0,0.0,0.0,0.0,0.0,0.0,0.0
1,2,0.42507804370447444,42,20,0,0,1,0,0,0,0,0,0.0,0.0,0.0,0.0,0.0,0.0,1.0,0.0,0.0,0.0
1,1,0.0,27,5,0,0,1,0,0,0,0,0,0.0,0.0,0.0,0.0,0.0,0.0,1.0,0.0,0.0,0.0
1,3,0.43783462224866154,31,10,0,0,1,0,0,0,0,0,0.0,0.0,0.0,0.0,0.0,0.0,0.0,0.0,0.0,0.0
1,2,0.04188556980423641,512,2,0,0,1,0,0,0,0,0,0.0,0.0,0.0,0.0,0.0,0.0,1.0,0.0,0.0,0.0
1,2,0.3500566893424035,68,16,0,0,1,0,0,0,0,0,0.0,0.0,0.0,0.0,0.0,0.0,0.0,0.0,0.0,0.0
2,3,0.625,5,3,0,0,1,0,0,0,0,0,1.0,0.0,0.0,0.0,0.0,0.0,0.0,0.0,0.0,0.0
2,2,0.5,2,2,0,0,1,0,0,0,0,0,0.0,0.0,0.0,0.0,0.0,0.0,0.0,0.0,0.0,0.0
2,10,0.7910698784722222,98,94,0,0,1,0,0,0,0,0,0.0,0.0,0.0,0.0,0.0,0.0,0.0,0.0,0.0,0.0
2,4,0.7256944444444444,15,9,0,0,1,0,0,0,0,0,1.0,0.0,0.0,0.0,0.0,0.0,0.0,0.0,0.0,0.0
2,2,0.25240054869684503,23,4,0,0,1,0,0,0,0,0,0.0,0.0,0.0,0.0,0.0,0.0,0.0,0.0,0.0,0.0
3,9,0.8291394525091624,216,5,0,0,1,0,0,0,0,0,0.0,0.0,0.0,0.0,0.0,0.0,0.0,0.0,0.0,0.0
2,6,0.7263999999999999,29,21,1,0,1,0,0,0,0,0,0.0,0.0,0.0,0.0,0.0,0.0,0.0,0.0,0.0,0.0
1,1,0.0,1,1,0,0,1,0,0,0,0,0,0.0,0.0,0.0,1.0,0.0,0.0,0.0,0.0,0.0,0.0
2,2,0.4930795847750865,30,4,0,0,1,0,0,0,0,0,0.0,0.0,0.0,0.0,0.0,0.0,0.0,0.0,0.0,0.0
1,1,0.0,2,1,0,0,1,0,0,0,0,0,0.0,0.0,0.0,0.0,0.0,0.0,0.0,0.0,0.0,0.0
2,8,0.7723186682520808,130,15,0,0,1,0,0,0,0,0,1.0,0.0,0.0,0.0,0.0,0.0,0.0,0.0,0.0,0.0
2,3,0.5562130177514794,1,38,0,0,1,0,0,0,0,0,0.0,0.0,0.0,0.0,0.0,0.0,0.0,0.0,0.0,0.0
1,2,0.5,2,2,0,0,1,0,0,0,0,0,0.0,0.0,0.0,0.0,0.0,0.0,0.0,0.0,0.0,0.0
2,7,0.7777562290112179,21,292,0,0,1,0,0,0,0,0,0.0,1.0,0.0,0.0,0.0,0.0,0.0,0.0,0.0,0.0
3,6,0.73,12,8,0,0,1,0,0,0,0,0,0.0,0.0,0.0,0.0,0.0,0.0,0.0,0.0,0.0,0.0
1,1,0.0,3,1,0,0,1,0,0,0,0,0,0.0,0.0,0.0,0.0,0.0,0.0,0.0,0.0,0.0,0.0
1,3,0.5761772853185596,31,7,0,0,1,0,0,0,0,0,0.0,0.0,0.0,0.0,0.0,0.0,0.0,0.0,0.0,0.0
1,1,0.0,2,0,0,0,1,0,0,0,0,0,0.0,0.0,0.0,0.0,0.0,0.0,0.0,0.0,0.0,0.0
1,1,0.0,1,1,0,0,1,0,0,0,0,0,0.0,0.0,0.0,0.0,0.0,0.0,1.0,0.0,0.0,0.0
1,1,0.0,5,0,0,0,1,0,0,0,0,0,0.0,0.0,0.0,0.0,0.0,0.0,0.0,0.0,1.0,0.0
1,2,0.4444444444444444,3,0,0,0,1,0,0,0,0,0,0.0,0.0,0.0,0.0,0.0,0.0,0.0,0.0,0.0,0.0
1,2,0.36281179138322006,10,11,0,0,1,0,0,0,0,0,0.0,0.0,0.0,0.0,0.0,0.6987658582253489,0.0,0.7153504563349293,0.0,0.0
1,3,0.66,14,6,0,0,1,0,0,0,0,0,0.0,0.0,0.0,0.0,0.0,0.6987658582253489,0.0,0.7153504563349293,0.0,0.0
1,2,0.49382716049382713,4,5,1,0,1,0,0,0,0,0,0.0,0.0,0.0,0.0,0.0,0.5748825943025336,0.0,0.5885269312066211,0.5684593688316744,0.0
1,2,0.2811834319526627,39,26,0,0,1,0,0,0,0,0,0.0,0.0,0.0,0.0,0.0,0.5748825943025336,0.0,0.5885269312066211,0.5684593688316744,0.0
2,4,0.59,12,8,1,0,1,0,0,0,0,0,0.0,0.0,0.0,0.0,0.0,0.5748825943025336,0.0,0.5885269312066211,0.5684593688316744,0.0
1,1,0.0,2,4,0,0,1,0,0,0,0,0,0.0,0.0,0.0,0.5628737588544012,0.0,0.5775599445289146,0.0,0.5912678260051653,0.0,0.0
2,5,0.7267013888888889,216,24,0,0,1,0,0,0,0,0,0.0,0.0,0.0,0.0,0.0,0.0,0.0,0.0,0.0,0.0
2,8,0.7760484158063368,216,49,0,0,1,0,0,0,0,0,0.0,0.0,0.0,0.0,0.0,0.0,0.0,0.0,0.0,0.0
1,1,0.0,3,3,1,0,1,0,0,0,0,0,1.0,0.0,0.0,0.0,0.0,0.0,0.0,0.0,0.0,0.0
1,3,0.5925925925925926,9,9,0,0,1,0,0,0,0,0,0.0,0.0,0.0,0.0,0.0,0.0,0.0,0.0,0.0,0.0
1,1,0.0,10,0,0,0,1,0,0,0,0,0,0.0,0.0,0.0,0.0,0.0,0.0,0.0,0.0,0.0,0.0
1,1,0.0,15,0,0,0,1,0,0,0,0,0,0.6755392011984699,0.0,0.0,0.0,0.0,0.0,0.737324072334637,0.0,0.0,0.0
1,2,0.31999999999999984,15,0,0,0,1,0,0,0,0,0,0.0,0.0,0.0,0.0,0.0,0.0,1.0,0.0,0.0,0.0
1,1,0.0,4,15,0,0,1,0,0,0,0,0,0.0,0.0,0.0,0.0,0.8898594377780251,0.0,0.0,0.0,0.4562347871407627,0.0
0,1,0.0,1,1,0,0,1,0,0,0,1,0,0.0,0.0,0.0,0.0,0.0,0.0,0.0,0.0,0.0,1.0
1,1,0.0,7,8,0,0,1,0,0,0,0,0,0.0,0.0,0.0,0.0,0.0,0.0,0.0,0.0,0.0,0.0
1,2,0.5,2,2,0,0,1,0,0,0,0,0,0.0,1.0,0.0,0.0,0.0,0.0,0.0,0.0,0.0,0.0
1,4,0.6436479639707262,55,18,0,0,1,0,0,0,0,0,0.0,0.0,1.0,0.0,0.0,0.0,0.0,0.0,0.0,0.0
6,28,0.9567317790380172,132,6,0,0,1,0,0,0,0,0,0.0,0.0,0.0,0.0,0.0,0.0,0.0,0.0,0.0,0.0
2,7,0.7058102652825836,250,158,0,0,1,0,0,0,0,0,0.0,0.0,0.0,0.0,0.0,0.0,0.0,0.0,0.0,0.0
3,8,0.662825484764543,56,39,0,0,1,0,0,0,0,0,0.0,0.6847990086039119,0.7287319931326602,0.0,0.0,0.0,0.0,0.0,0.0,0.0
2,3,0.49994218984853733,75,18,0,0,1,0,0,0,0,0,0.0,0.0,0.0,0.0,0.0,0.0,0.0,0.0,0.0,0.0
2,2,0.3856332703213612,21,2,0,0,1,0,0,0,0,0,0.0,0.0,0.0,0.0,0.0,0.0,0.0,0.0,0.0,0.0
3,8,0.8064307851239669,90,86,0,0,1,0,0,0,0,0,0.0,0.0,0.0,0.0,0.0,0.0,0.0,0.0,0.0,0.0
1,1,0.0,1,1,0,0,1,0,0,0,0,0,0.0,0.0,0.0,0.0,0.0,0.0,0.0,0.0,0.0,0.0
2,3,0.5897920604914935,14,9,0,0,1,0,0,0,0,0,0.0,0.0,0.0,0.0,0.0,0.0,0.0,0.0,0.0,0.0
3,30,0.9207338820301784,393,147,0,0,1,0,0,0,0,0,0.0,0.0,0.0,0.0,0.0,0.0,0.0,0.0,0.0,0.0
2,7,0.7023376167711942,103,48,0,0,1,0,0,0,0,0,0.0,0.0,0.0,0.0,0.0,0.0,0.0,0.0,0.0,0.0
1,1,0.0,14,14,0,0,1,0,0,0,0,0,0.0,0.0,0.0,0.0,0.0,0.0,0.0,0.0,0.0,0.0
0,1,0.0,0,4,0,0,1,0,0,0,0,0,0.0,0.0,0.0,0.0,0.0,0.0,0.0,0.0,0.0,0.0
3,17,0.9111485918399584,886,0,0,0,1,0,0,0,0,0,0.0,1.0,0.0,0.0,0.0,0.0,0.0,0.0,0.0,0.0
0,2,0.31999999999999984,5,0,0,0,1,0,0,0,0,0,0.0,0.0,0.0,0.0,0.0,0.0,0.0,0.0,0.0,0.0
4,9,0.8803224993701184,177,12,0,0,1,0,0,0,0,0,0.0,0.0,0.0,1.0,0.0,0.0,0.0,0.0,0.0,0.0
1,1,0.0,121,0,0,0,1,0,0,0,0,0,1.0,0.0,0.0,0.0,0.0,0.0,0.0,0.0,0.0,0.0
1,3,0.6666666666666667,3,3,0,0,1,0,0,0,0,0,0.0,0.0,0.0,0.0,0.0,0.0,0.0,0.0,0.0,0.0
1,3,0.6666666666666667,6,3,0,0,1,0,0,0,0,0,0.0,0.0,0.0,0.0,0.0,0.0,0.0,0.0,0.0,0.0
3,5,0.6915887850467289,91,16,0,0,1,0,0,0,0,0,0.0,0.0,0.0,0.0,0.0,0.0,0.0,0.0,0.0,0.0
1,2,0.48,4,6,0,0,1,0,0,0,0,0,0.0,0.0,0.0,0.0,0.0,0.0,0.0,0.0,0.0,0.0
2,3,0.47530864197530864,30,6,0,0,1,0,0,0,0,0,0.0,0.0,0.0,0.0,0.0,0.0,0.0,0.0,0.0,0.0
4,17,0.9113283950617284,197,28,0,0,1,0,0,0,0,0,0.0,1.0,0.0,0.0,0.0,0.0,0.0,0.0,0.0,0.0
1,2,0.46875,3,5,0,0,1,0,0,0,0,0,0.0,0.0,0.0,0.0,0.0,0.0,0.0,0.0,0.0,0.0
1,3,0.6666666666666667,105,0,0,0,1,0,0,0,0,0,1.0,0.0,0.0,0.0,0.0,0.0,0.0,0.0,0.0,0.0
1,3,0.6666666666666667,0,153,0,0,1,0,0,0,0,0,0.0,0.0,0.0,0.0,0.0,0.0,0.0,0.0,0.0,0.0
1,3,0.6666666666666667,3,3,0,0,1,0,0,0,0,0,0.0,0.0,0.0,0.0,0.0,0.0,0.0,0.0,0.0,0.0
2,3,0.5,6,6,0,0,1,0,0,0,0,0,0.0,1.0,0.0,0.0,0.0,0.0,0.0,0.0,0.0,0.0
0,1,0.0,1,0,0,0,1,0,0,0,0,0,0.0,0.0,0.0,0.0,0.0,0.0,1.0,0.0,0.0,0.0
1,8,0.84,16,24,0,0,1,0,0,0,1,0,0.0,0.3452721756547514,0.0,0.0,0.6633731548106295,0.343957361947875,0.0,0.352120889898746,0.3401142891012644,0.28766241430388917
2,6,0.7742819349962207,756,0,0,0,1,0,0,0,0,0,1.0,0.0,0.0,0.0,0.0,0.0,0.0,0.0,0.0,0.0
1,4,0.7130793769938075,73,0,0,0,1,0,0,0,0,0,1.0,0.0,0.0,0.0,0.0,0.0,0.0,0.0,0.0,0.0
1,8,0.84,24,16,0,0,1,0,0,0,0,0,0.0,0.0,0.0,0.0,0.5588101921564901,0.5794834419508578,0.0,0.5932369759605461,0.0,0.0
1,1,0.0,2,2,0,0,1,0,0,0,0,0,0.0,0.0,0.0,0.0,0.0,0.6987658582253489,0.0,0.7153504563349293,0.0,0.0
0,1,0.0,1,1,0,0,1,0,0,0,1,0,0.0,0.0,0.0,0.0,0.0,0.0,0.0,0.0,0.0,1.0
0,2,0.45674740484429055,12,5,0,0,1,0,0,0,0,0,0.0,0.0,0.0,0.0,1.0,0.0,0.0,0.0,0.0,0.0
1,1,0.0,2,2,0,0,1,0,0,0,1,0,0.0,0.0,0.0,0.0,0.0,0.0,0.0,0.0,0.0,0.0
1,2,0.375,4,4,0,0,1,0,0,0,0,0,0.0,0.0,0.0,0.0,1.0,0.0,0.0,0.0,0.0,0.0
1,1,0.0,3,5,0,0,1,0,0,0,0,0,0.0,0.0,0.0,1.0,0.0,0.0,0.0,0.0,0.0,0.0
1,2,0.2975206611570247,6,5,0,0,1,0,0,0,0,0,0.0,0.0,0.0,0.0,0.0,0.0,0.0,0.0,0.0,0.0
0,1,0.0,1,0,0,0,1,0,0,0,0,0,0.0,0.0,0.0,0.0,0.0,0.0,1.0,0.0,0.0,0.0
2,8,0.7807577692635164,215,46,0,0,1,0,0,0,0,0,0.0,0.0,0.0,0.0,0.0,0.0,0.0,0.0,0.0,0.0
1,1,0.0,7,7,0,0,1,0,0,0,0,0,0.0,0.0,0.0,0.45224933027305725,0.0,0.0,0.8918915535352778,0.0,0.0,0.0
1,1,0.0,3,2,0,0,1,0,0,0,0,0,0.0,0.0,0.7434366910601483,0.0,0.0,0.0,0.6688063145526795,0.0,0.0,0.0
1,1,0.0,13,13,0,0,1,0,0,0,0,0,1.0,0.0,0.0,0.0,0.0,0.0,0.0,0.0,0.0,0.0
1,1,0.0,3,3,0,0,1,0,0,0,0,0,0.0,0.0,0.0,1.0,0.0,0.0,0.0,0.0,0.0,0.0
2,6,0.3368039837030331,31,16,0,0,1,0,0,0,0,0,0.0,0.0,0.0,0.0,0.0,1.0,0.0,0.0,0.0,0.0
1,3,0.28252551020408156,32,24,0,0,1,0,0,0,1,0,0.0,0.0,0.0,0.0,0.4848527250970526,0.5027899095652347,0.0,0.5147231894837315,0.49717218346669356,0.0
1,1,0.0,0,19,0,0,1,0,0,0,0,0,0.0,0.0,0.0,0.0,0.0,0.6987658582253489,0.0,0.7153504563349293,0.0,0.0
0,1,0.0,1,1,0,0,1,0,0,0,0,0,0.0,0.0,0.0,0.0,0.5588101921564901,0.5794834419508578,0.0,0.5932369759605461,0.0,0.0
2,9,0.7205387205387206,13,86,0,0,1,0,0,0,0,0,0.0,0.0,0.0,0.0,0.5588101921564901,0.5794834419508578,0.0,0.5932369759605461,0.0,0.0
2,12,0.8866840236686391,318,7,0,0,1,0,0,0,0,0,1.0,0.0,0.0,0.0,0.0,0.0,0.0,0.0,0.0,0.0
2,2,0.4444444444444444,3,3,0,0,1,0,0,0,0,0,0.0,0.0,0.7387476637358752,0.6739821135050886,0.0,0.0,0.0,0.0,0.0,0.0
2,5,0.5712198685171659,31,6,0,0,1,0,0,0,0,0,0.6360294259344416,0.0,0.7716648037493383,0.0,0.0,0.0,0.0,0.0,0.0,0.0
1,1,0.0,3,2,0,0,1,0,0,0,0,0,0.6755392011984699,0.0,0.0,0.0,0.0,0.0,0.737324072334637,0.0,0.0,0.0
0,1,0.0,1,1,0,0,1,0,0,0,1,0,0.0,0.0,0.0,0.0,0.0,0.0,0.0,0.0,0.0,1.0
0,1,0.0,1,1,0,0,1,0,0,0,1,0,0.0,0.0,0.0,0.0,0.0,0.0,0.0,0.0,0.0,1.0
0,1,0.0,1,1,0,0,1,0,0,0,1,0,0.0,0.0,0.0,0.0,0.0,0.0,0.0,0.0,0.0,1.0
1,1,0.0,2,6,0,0,1,0,0,0,0,0,0.0,0.0,0.0,0.0,0.0,0.0,0.0,0.0,0.0,0.0
1,2,0.4927999999999999,42,8,0,0,1,0,0,0,0,0,0.0,0.0,0.0,0.0,0.0,0.0,0.0,0.0,0.0,0.0
0,1,0.0,1,1,0,0,1,0,0,0,1,0,0.0,0.0,0.0,0.0,0.0,0.0,0.0,0.0,0.0,1.0
2,3,0.625,4,8,0,0,1,0,0,0,0,0,0.0,0.0,0.0,0.0,0.0,1.0,0.0,0.0,0.0,0.0
1,2,0.08317580340264641,35,11,0,0,1,0,0,0,1,0,0.0,0.0,0.0,0.0,0.5028663803626586,0.5214699821586608,0.0,0.5338466173054833,0.0,0.4361218297676653
2,9,0.8473660420775806,296,16,0,0,1,0,0,0,0,0,0.6360294259344416,0.0,0.7716648037493383,0.0,0.0,0.0,0.0,0.0,0.0,0.0
0,1,0.0,1,1,0,0,1,0,0,0,1,0,0.0,0.0,0.0,0.0,0.0,0.0,0.0,0.0,0.0,1.0
1,3,0.4444444444444444,3,3,0,0,1,0,0,0,0,0,0.0,0.0,0.0,0.0,1.0,0.0,0.0,0.0,0.0,0.0
0,1,0.0,1,1,0,0,1,0,0,0,0,0,0.0,1.0,0.0,0.0,0.0,0.0,0.0,0.0,0.0,0.0
0,1,0.0,1,1,0,0,1,0,0,0,0,0,0.0,1.0,0.0,0.0,0.0,0.0,0.0,0.0,0.0,0.0
1,4,0.5679012345679012,7,11,0,0,1,0,0,0,0,0,0.0,0.0,0.0,0.0,1.0,0.0,0.0,0.0,0.0,0.0
1,2,0.397206897882026,38,123,0,0,1,0,0,0,0,0,0.0,0.0,0.0,0.0,0.0,0.0,1.0,0.0,0.0,0.0
1,1,0.0,117,0,0,0,1,0,0,0,0,0,0.41648086626598685,0.0,0.0,0.0,0.0,0.0,0.9091444813858429,0.0,0.0,0.0
1,1,0.0,3,3,0,0,1,0,0,0,0,0,0.0,0.0,0.0,0.0,0.0,0.0,0.0,0.0,0.0,0.0
1,1,0.0,1,1,0,0,1,0,0,0,1,0,0.0,0.0,0.0,0.0,0.0,0.0,0.0,0.0,0.7635264097508012,0.6457766034884287
1,3,0.54,10,10,0,0,1,0,0,0,0,0,0.0,0.0,0.0,0.0,0.0,0.0,0.0,0.0,0.0,0.0
1,1,0.0,28,4,0,0,1,0,0,0,0,0,1.0,0.0,0.0,0.0,0.0,0.0,0.0,0.0,0.0,0.0
1,1,0.0,32,0,0,0,1,0,0,0,0,0,0.0,0.0,0.0,0.0,0.0,0.0,1.0,0.0,0.0,0.0
1,1,0.0,43,47,0,0,1,0,0,0,0,0,0.0,0.0,0.0,0.0,0.0,1.0,0.0,0.0,0.0,0.0
1,2,0.375,4,4,0,0,1,0,0,0,0,0,0.0,0.0,0.0,0.0,1.0,0.0,0.0,0.0,0.0,0.0
1,1,0.0,66,5,0,0,1,0,0,0,0,0,0.5352006293717291,0.6101876104595412,0.0,0.0,0.0,0.0,0.5841501231376917,0.0,0.0,0.0
1,1,0.0,13,0,0,0,1,0,0,0,0,0,0.0,0.46294742940506345,0.0,0.0,0.0,0.0,0.8863857386077709,0.0,0.0,0.0
0,1,0.0,1,1,0,0,1,0,0,0,0,0,0.0,0.7124079515693623,0.0,0.0,0.0,0.0,0.0,0.0,0.7017655666536688,0.0
1,1,0.0,3,3,0,0,1,0,0,0,0,0,0.0,0.0,0.0,0.0,0.0,0.0,0.0,0.0,0.0,0.0
0,1,0.0,1,1,0,0,1,0,0,0,1,0,0.0,0.0,0.0,0.0,0.0,0.0,0.0,0.0,0.0,1.0
0,1,0.0,1,1,0,0,1,0,0,0,1,0,0.0,0.0,0.0,0.0,0.0,0.0,0.0,0.0,0.0,1.0
1,1,0.0,2,2,0,0,1,0,0,0,1,0,0.0,0.0,0.0,0.0,0.0,0.0,0.0,0.0,0.0,0.0
1,1,0.0,16,14,0,0,1,0,0,0,0,0,0.0,0.0,0.0,0.0,0.0,0.0,0.0,0.0,0.0,0.0
0,1,0.0,1,1,1,0,1,0,0,0,0,0,0.0,0.0,0.0,0.0,0.0,0.0,0.0,0.0,0.0,0.0
1,1,0.0,5,6,0,0,1,0,0,0,0,0,0.0,0.0,0.0,0.0,0.0,0.0,0.0,0.0,1.0,0.0
1,1,0.0,12,7,0,0,1,0,0,0,0,0,0.0,0.0,0.0,0.0,0.0,0.0,0.0,0.0,0.0,0.0
1,1,0.0,15,2,0,0,1,0,0,0,1,0,0.0,0.0,0.0,0.0,1.0,0.0,0.0,0.0,0.0,0.0
1,1,0.0,6,4,0,0,1,0,0,0,0,0,0.0,0.0,0.0,0.0,0.0,0.0,0.0,0.0,0.0,0.0
0,1,0.0,1,1,0,0,1,0,0,0,1,0,0.0,0.0,0.0,0.0,0.0,0.0,0.0,0.0,0.0,1.0
1,1,0.0,5,0,1,0,1,0,0,0,0,0,0.5200731254707177,0.0,0.6309804388563502,0.5756627744988959,0.0,0.0,0.0,0.0,0.0,0.0
0,1,0.0,1,1,0,0,1,0,0,0,1,0,0.0,0.0,0.0,0.0,0.0,0.0,0.0,0.0,0.0,1.0
1,3,0.45556640625,53,11,0,0,1,0,0,0,1,0,0.0,0.0,0.0,0.0,0.0,0.0,0.0,0.0,0.7635264097508012,0.6457766034884287
0,1,0.0,1,1,0,0,1,0,0,0,1,0,0.0,0.0,0.0,0.0,0.0,0.0,0.0,0.0,0.0,1.0
0,1,0.0,1,1,0,0,1,0,0,0,1,0,0.0,0.0,0.0,0.0,0.0,0.0,0.0,0.0,0.0,1.0
1,1,0.0,1,1,0,0,1,0,0,0,0,0,0.0,0.0,0.0,0.7120517375160647,0.0,0.0,0.7021269992674781,0.0,0.0,0.0
1,2,0.21875,51,13,0,0,1,0,0,0,0,0,1.0,0.0,0.0,0.0,0.0,0.0,0.0,0.0,0.0,0.0
1,2,0.2263203119836077,74,49,0,0,1,0,0,0,0,0,0.0,0.0,0.0,0.0,0.0,0.0,0.0,0.0,0.0,0.0
1,1,0.0,1,1,0,0,1,0,0,0,0,0,0.0,0.0,0.0,0.0,0.0,0.0,0.0,0.0,0.0,0.0
3,20,0.8913589715839847,815,107,0,0,1,0,0,0,0,0,0.0,0.0,0.0,0.0,0.0,0.0,1.0,0.0,0.0,0.0
1,1,0.0,20,20,0,0,1,0,0,0,0,0,0.0,0.0,0.0,0.0,0.0,0.0,0.0,0.0,0.0,0.0
1,1,0.0,43,5,0,0,1,0,0,0,0,0,0.6755392011984699,0.0,0.0,0.0,0.0,0.0,0.737324072334637,0.0,0.0,0.0
1,1,0.0,6,9,0,0,1,0,0,0,0,0,0.0,0.0,0.0,0.0,0.0,0.0,0.0,0.0,0.0,0.0
1,1,0.0,1,1,0,0,1,0,0,0,0,0,0.0,0.0,0.0,0.0,0.0,0.0,1.0,0.0,0.0,0.0
1,1,0.0,25,0,0,0,1,0,0,0,0,0,0.6755392011984699,0.0,0.0,0.0,0.0,0.0,0.737324072334637,0.0,0.0,0.0
1,1,0.0,1,1,0,0,1,0,0,0,0,0,0.0,0.0,0.0,0.0,0.0,0.0,1.0,0.0,0.0,0.0
1,1,0.0,1,2,0,0,1,0,0,0,0,0,0.0,0.0,0.0,0.0,0.0,0.0,0.0,0.0,0.0,0.0
1,1,0.0,3,3,0,0,1,0,0,0,0,0,0.0,0.0,0.0,0.0,0.0,0.0,0.0,0.0,0.0,0.0
1,1,0.0,2,2,0,0,1,0,0,0,0,0,0.0,0.0,0.0,1.0,0.0,0.0,0.0,0.0,0.0,0.0
1,1,0.0,4,3,0,0,1,0,0,0,0,0,0.0,0.0,0.0,0.0,0.0,0.0,0.0,0.0,0.0,0.0
1,1,0.0,6,0,0,0,1,0,0,0,0,0,1.0,0.0,0.0,0.0,0.0,0.0,0.0,0.0,0.0,0.0
2,3,0.4985123966942149,53,2,0,0,1,0,0,0,0,0,0.6594018467948721,0.7517906653075123,0.0,0.0,0.0,0.0,0.0,0.0,0.0,0.0
1,2,0.47041636230825423,15,22,0,0,1,0,0,0,0,0,0.0,0.0,0.0,0.0,0.0,0.0,0.0,0.0,0.0,0.0
2,9,0.7992871463577633,33,34,0,0,1,0,0,0,0,0,0.0,0.0,0.0,0.0,0.0,0.0,0.0,0.0,0.0,0.0
2,3,0.6505190311418685,8,9,0,0,1,0,0,0,0,0,0.0,0.0,0.0,0.0,0.0,0.0,0.0,0.0,0.0,0.0
2,12,0.8532792092604968,601,2,0,0,1,0,0,0,0,0,0.0,0.0,0.0,0.0,0.0,0.0,0.0,0.0,0.0,0.0
1,1,0.0,2,1,0,0,1,0,0,0,0,0,0.0,0.0,0.0,0.0,1.0,0.0,0.0,0.0,0.0,0.0
1,5,0.0826165685830691,94,94,0,0,1,0,0,0,1,0,0.0,0.7682917496674277,0.0,0.0,0.0,0.0,0.0,0.0,0.0,0.640099826115398
1,1,0.0,1,1,0,0,1,0,0,0,0,0,0.0,0.0,0.0,0.0,0.0,0.0,0.0,0.0,1.0,0.0
1,3,0.625,4,4,0,0,1,0,0,0,1,0,0.0,0.7682917496674277,0.0,0.0,0.0,0.0,0.0,0.0,0.0,0.640099826115398
1,1,0.0,3,3,0,0,1,0,0,0,0,0,0.0,0.0,0.0,0.0,0.0,0.0,0.0,0.0,0.0,0.0
1,1,0.0,3,0,0,0,1,0,0,0,0,0,1.0,0.0,0.0,0.0,0.0,0.0,0.0,0.0,0.0,0.0
0,2,0.5,2,2,0,0,1,0,0,0,1,0,0.0,0.7682917496674277,0.0,0.0,0.0,0.0,0.0,0.0,0.0,0.640099826115398
1,4,0.29166666666666663,4,20,0,0,1,0,0,0,0,0,0.0,0.0,0.0,0.0,1.0,0.0,0.0,0.0,0.0,0.0
0,1,0.0,1,1,0,0,1,0,0,0,1,0,0.0,0.0,0.0,0.0,0.0,0.0,0.0,0.0,0.0,1.0
0,1,0.0,1,1,0,0,1,0,0,0,1,0,0.0,0.0,0.0,0.0,0.0,0.0,0.0,0.0,0.0,1.0
0,1,0.0,1,1,0,0,1,0,0,0,1,0,0.0,0.0,0.0,0.0,0.0,0.0,0.0,0.0,0.0,1.0
1,1,0.0,3,1,0,0,1,0,0,0,0,0,0.0,0.0,0.0,1.0,0.0,0.0,0.0,0.0,0.0,0.0
1,2,0.4444444444444444,1,2,0,0,1,0,0,0,0,0,0.0,0.0,0.0,0.0,0.0,0.0,0.0,0.0,0.0,0.0
4,14,0.9045368620037807,41,5,0,0,1,0,0,0,0,0,0.0,0.0,0.0,0.0,0.0,0.0,0.0,0.0,0.0,0.0
1,2,0.4996926439450857,121,0,0,0,1,0,0,0,0,0,0.0,0.0,0.0,0.0,0.0,0.0,0.0,0.0,0.0,0.0
1,1,0.0,2,1,0,0,1,0,0,0,0,0,0.0,0.0,0.0,0.0,0.0,0.0,0.0,0.0,0.0,0.0
1,1,0.0,1,1,0,0,1,0,0,0,0,0,0.0,0.0,0.0,0.0,0.0,0.0,0.0,0.0,0.0,0.0
0,1,0.0,1,1,0,0,1,0,0,0,0,0,0.0,0.0,0.0,0.0,0.6981812220896324,0.0,0.0,0.0,0.715921071851798,0.0
0,1,0.0,1,1,0,0,1,0,0,0,1,0,0.0,0.7682917496674277,0.0,0.0,0.0,0.0,0.0,0.0,0.0,0.640099826115398
1,1,0.0,1,1,0,0,1,0,0,0,0,0,0.0,0.0,0.0,1.0,0.0,0.0,0.0,0.0,0.0,0.0
1,4,0.29166666666666663,20,4,0,0,1,0,0,0,0,0,0.0,0.0,0.0,0.0,0.6981812220896324,0.0,0.0,0.0,0.715921071851798,0.0
1,1,0.0,11,3,0,0,1,0,0,0,1,0,0.0,0.0,0.4530175109244975,0.0,0.8179120135209976,0.0,0.0,0.0,0.0,0.3546760112184078
1,1,0.0,4,0,0,0,1,0,0,0,1,0,0.0,0.0,0.4530175109244975,0.0,0.8179120135209976,0.0,0.0,0.0,0.0,0.3546760112184078
1,1,0.0,1,1,0,0,1,0,0,0,0,0,0.0,0.0,0.0,0.0,0.0,0.0,0.0,0.0,0.0,0.0
1,1,0.0,47,3,0,0,1,0,0,0,0,0,0.0,0.0,0.0,0.0,0.0,0.0,0.0,0.0,0.0,0.0
1,1,0.0,1,1,0,0,1,0,0,0,0,0,0.0,0.0,0.0,1.0,0.0,0.0,0.0,0.0,0.0,0.0
0,1,0.0,4,1,0,0,1,0,0,0,0,0,0.0,0.0,0.0,0.0,0.0,0.0,0.0,0.0,0.0,0.0
1,1,0.0,3,1,0,0,1,0,0,0,0,0,0.0,0.0,0.0,0.0,0.0,0.0,0.0,0.0,0.0,0.0
1,1,0.0,2,2,0,0,1,0,0,0,0,0,0.0,0.0,0.0,0.0,0.0,0.0,0.0,0.0,1.0,0.0
1,1,0.0,6,6,0,0,1,0,0,0,0,0,0.0,0.0,0.0,0.0,0.0,0.0,0.0,0.0,0.0,0.0
1,1,0.0,46,0,0,0,1,0,0,0,0,0,0.6755392011984699,0.0,0.0,0.0,0.0,0.0,0.737324072334637,0.0,0.0,0.0
2,4,0.55375,36,4,0,0,1,0,0,0,0,0,0.0,1.0,0.0,0.0,0.0,0.0,0.0,0.0,0.0,0.0
1,1,0.0,1,1,0,0,1,0,0,0,0,0,0.0,0.0,0.0,1.0,0.0,0.0,0.0,0.0,0.0,0.0
2,3,0.4134948096885811,32,2,0,0,1,0,0,0,0,0,0.6594018467948721,0.7517906653075123,0.0,0.0,0.0,0.0,0.0,0.0,0.0,0.0
0,1,0.0,1,1,0,0,1,0,0,0,0,0,0.0,1.0,0.0,0.0,0.0,0.0,0.0,0.0,0.0,0.0
1,1,0.0,2,2,0,0,1,0,0,0,1,0,1.0,0.0,0.0,0.0,0.0,0.0,0.0,0.0,0.0,0.0
1,2,0.0,2,2,0,0,1,0,0,0,1,0,0.0,0.0,0.7873864067312015,0.0,0.0,0.0,0.0,0.0,0.0,0.6164597687561832
0,1,0.0,1,1,0,0,1,0,0,0,1,0,0.0,0.0,0.7873864067312015,0.0,0.0,0.0,0.0,0.0,0.0,0.6164597687561832
1,2,0.4444444444444444,1,2,0,0,1,0,0,0,0,0,0.0,1.0,0.0,0.0,0.0,0.0,0.0,0.0,0.0,0.0
4,18,0.9141572038939326,118,385,0,0,1,0,0,0,0,0,0.0,1.0,0.0,0.0,0.0,0.0,0.0,0.0,0.0,0.0
1,3,0.4444444444444444,3,3,0,0,1,0,0,0,1,0,0.0,0.0,0.7873864067312015,0.0,0.0,0.0,0.0,0.0,0.0,0.6164597687561832
2,4,0.6391200951248514,57,1,0,0,1,0,0,0,0,0,0.534566588243953,0.6094647338045849,0.0,0.0,0.5854838178649573,0.0,0.0,0.0,0.0,0.0
3,14,0.9104025024737463,160,17,0,0,1,0,0,0,0,0,0.6360294259344416,0.0,0.7716648037493383,0.0,0.0,0.0,0.0,0.0,0.0,0.0
3,14,0.8693925185807007,185,36,0,0,1,0,0,0,0,0,1.0,0.0,0.0,0.0,0.0,0.0,0.0,0.0,0.0,0.0
2,6,0.7028554431885783,153,11,0,0,1,0,0,0,0,0,0.877793892713542,0.0,0.0,0.0,0.0,0.0,0.47903849732021164,0.0,0.0,0.0
0,1,0.0,1,1,0,0,1,0,0,0,1,0,0.0,0.7682917496674277,0.0,0.0,0.0,0.0,0.0,0.0,0.0,0.640099826115398
1,2,0.4362244897959183,18,10,0,0,1,0,0,0,0,0,0.0,0.0,0.0,0.0,0.0,0.0,0.0,0.0,0.0,0.0
0,2,0.5,2,2,0,0,1,0,0,0,1,0,0.0,0.7682917496674277,0.0,0.0,0.0,0.0,0.0,0.0,0.0,0.640099826115398
1,3,0.37037037037037035,10,8,0,0,1,0,0,0,0,0,0.0,1.0,0.0,0.0,0.0,0.0,0.0,0.0,0.0,0.0
1,1,0.0,2,2,0,0,1,0,0,0,0,0,0.0,0.0,0.0,0.0,0.0,0.0,0.0,0.0,1.0,0.0
1,3,0.4444444444444444,3,3,0,0,1,0,0,0,0,0,0.0,0.0,0.733852428880175,0.0,0.0,0.0,0.0,0.0,0.6793089228227961,0.0
0,1,0.0,1,1,0,0,1,0,0,0,0,0,0.0,1.0,0.0,0.0,0.0,0.0,0.0,0.0,0.0,0.0
0,1,0.0,1,1,0,0,1,0,0,0,0,0,0.0,1.0,0.0,0.0,0.0,0.0,0.0,0.0,0.0,0.0
3,16,0.8732,52,48,0,0,1,0,0,0,0,0,0.0,1.0,0.0,0.0,0.0,0.0,0.0,0.0,0.0,0.0
0,1,0.0,10,199,0,0,1,0,0,0,0,0,0.0,0.0,0.0,0.0,0.0,0.0,0.0,0.0,0.0,0.0
0,1,0.0,20,17,0,0,1,0,0,0,0,0,0.0,0.0,0.0,0.0,0.0,0.0,0.0,0.0,0.0,0.0
0,1,0.0,4,0,0,0,1,0,0,0,0,0,1.0,0.0,0.0,0.0,0.0,0.0,0.0,0.0,0.0,0.0
0,1,0.0,1,1,0,0,1,0,0,0,0,0,0.0,0.0,0.0,0.0,0.0,0.0,0.0,0.0,0.0,0.0
0,1,0.0,1,1,0,0,1,0,0,0,0,0,0.0,0.0,0.0,0.0,0.0,0.0,0.0,0.0,0.0,0.0
0,1,0.0,4,4,0,0,1,0,0,0,0,0,0.0,0.0,0.0,0.0,0.0,0.0,0.0,0.0,1.0,0.0
0,1,0.0,1,1,0,0,1,0,0,0,0,0,1.0,0.0,0.0,0.0,0.0,0.0,0.0,0.0,0.0,0.0
0,1,0.0,22,2,0,0,1,0,0,0,0,0,1.0,0.0,0.0,0.0,0.0,0.0,0.0,0.0,0.0,0.0
1,2,0.4444444444444444,2,1,0,0,1,0,0,0,0,0,0.0,0.0,0.0,0.0,0.0,0.0,0.0,0.0,0.0,0.0
0,1,0.0,2,2,0,0,1,0,0,0,1,0,0.0,0.0,0.0,0.0,0.0,0.0,0.0,0.0,0.7635264097508012,0.6457766034884287
1,1,0.0,2,2,0,0,1,0,0,0,0,0,0.0,0.0,0.0,1.0,0.0,0.0,0.0,0.0,0.0,0.0
2,2,0.5,2,0,0,0,1,0,0,0,0,0,0.0,0.0,0.0,1.0,0.0,0.0,0.0,0.0,0.0,0.0
5,5,0.798784515788083,92,82,0,0,1,0,0,0,0,0,0.0,0.0,0.0,0.0,0.0,0.0,0.0,0.0,0.0,0.0
0,1,0.0,0,1,0,0,1,0,0,0,0,0,0.0,0.0,0.0,0.0,0.0,0.0,0.0,0.0,0.0,0.0
0,1,0.0,5,0,0,0,1,0,0,0,0,0,1.0,0.0,0.0,0.0,0.0,0.0,0.0,0.0,0.0,0.0
5,6,0.8333333333333333,6,6,0,0,1,0,0,0,0,0,0.0,0.0,0.0,0.0,0.0,0.0,0.0,0.0,0.0,0.0
0,1,0.0,4,1,0,0,1,0,0,0,1,0,0.0,0.0,0.0,0.0,0.0,0.0,0.0,0.0,0.0,1.0
0,2,0.17233560090702937,11,10,0,0,1,0,0,0,1,0,0.0,0.0,0.0,0.0,0.5972280131836787,0.0,0.0,0.0,0.6124027771166378,0.517959012710953
0,1,0.0,1,1,0,0,1,0,0,0,1,0,0.0,0.0,0.0,0.0,0.0,0.0,0.0,0.0,0.7635264097508012,0.6457766034884287
0,1,0.0,35,1,0,0,1,0,0,0,0,0,1.0,0.0,0.0,0.0,0.0,0.0,0.0,0.0,0.0,0.0
0,1,0.0,1,1,0,0,1,0,0,0,1,0,0.0,0.0,0.0,0.0,0.0,0.0,0.0,0.0,0.0,1.0
0,1,0.0,9,16,0,0,1,0,0,0,1,0,0.0,0.0,0.0,0.0,0.0,0.0,0.0,0.0,0.0,1.0
1,1,0.0,24,0,0,0,1,0,0,0,1,0,0.0,0.0,0.0,0.0,0.0,0.0,0.0,0.0,0.0,0.0
0,1,0.0,1,1,0,0,1,0,1,0,0,0,1.0,0.0,0.0,0.0,0.0,0.0,0.0,0.0,0.0,0.0
0,1,0.0,1,1,0,0,1,0,0,0,0,0,0.0,0.0,1.0,0.0,0.0,0.0,0.0,0.0,0.0,0.0
0,2,0.06887755102040805,20,8,0,0,1,0,0,0,0,0,1.0,0.0,0.0,0.0,0.0,0.0,0.0,0.0,0.0,0.0
0,1,0.0,9,3,0,0,1,0,0,0,0,0,1.0,0.0,0.0,0.0,0.0,0.0,0.0,0.0,0.0,0.0
0,1,0.0,39,1,0,0,1,0,0,1,0,0,0.0,0.0,0.0,0.0,0.0,0.0,0.0,0.0,0.0,0.0
1,9,0.8555856954750993,0,1252,0,0,1,0,0,0,0,0,0.0,0.0,0.0,0.0,0.0,0.0,0.0,0.0,0.0,0.0
2,8,0.8446180555555556,21,27,0,0,1,0,0,0,0,0,0.0,0.0,0.0,0.0,0.0,0.0,0.0,0.0,1.0,0.0
0,1,0.0,1,1,0,0,1,0,0,0,0,0,0.0,0.0,0.0,0.0,0.0,0.0,0.0,0.0,0.0,0.0
0,1,0.0,3,0,0,0,1,0,0,0,0,0,0.0,0.0,1.0,0.0,0.0,0.0,0.0,0.0,0.0,0.0
14,109,0.9835916824196597,207,23,0,0,1,0,0,0,0,0,0.0,0.0,0.0,1.0,0.0,0.0,0.0,0.0,0.0,0.0
1,1,0.0,3,0,1,0,1,0,0,0,0,0,0.0,0.0,0.0,1.0,0.0,0.0,0.0,0.0,0.0,0.0
5,26,0.9519523878647118,75,8,1,0,1,0,0,0,0,0,0.0,0.0,0.0,1.0,0.0,0.0,0.0,0.0,0.0,0.0
13,146,0.9930480286270443,2281,8,0,0,1,0,0,0,0,0,1.0,0.0,0.0,0.0,0.0,0.0,0.0,0.0,0.0,0.0
1,4,0.6115625,80,0,0,0,1,0,0,0,0,0,0.0,0.0,0.0,0.0,0.0,0.0,0.0,0.0,0.0,0.0
1,2,0.5,4,0,0,0,1,0,0,0,0,0,1.0,0.0,0.0,0.0,0.0,0.0,0.0,0.0,0.0,0.0
0,1,0.0,1,0,0,0,1,0,0,0,1,0,0.0,0.0,0.0,0.0,0.0,0.0,0.0,0.0,0.0,1.0
0,1,0.0,202,0,0,0,1,0,0,0,0,0,1.0,0.0,0.0,0.0,0.0,0.0,0.0,0.0,0.0,0.0
0,1,0.0,1,1,0,0,1,0,0,0,1,0,0.0,0.0,0.0,0.0,0.0,0.0,0.0,0.0,0.7635264097508012,0.6457766034884287
0,1,0.0,1,1,0,0,1,0,0,0,1,0,0.0,0.7682917496674277,0.0,0.0,0.0,0.0,0.0,0.0,0.0,0.640099826115398
0,1,0.0,5,1,0,0,1,0,0,0,0,0,0.0,0.0,0.0,0.0,0.0,0.0,1.0,0.0,0.0,0.0
0,1,0.0,1,1,0,0,1,0,0,0,1,0,0.0,0.0,0.0,0.0,0.5972280131836787,0.0,0.0,0.0,0.6124027771166378,0.517959012710953
0,1,0.0,1,1,0,0,1,0,0,0,0,0,0.0,0.0,0.0,0.0,0.6981812220896324,0.0,0.0,0.0,0.715921071851798,0.0
2,5,0.7513007284079084,36,26,0,0,1,0,0,0,0,0,0.0,0.0,0.0,0.0,0.0,0.0,0.0,0.0,0.0,0.0
2,10,0.8149183334789065,106,1,0,0,1,0,0,0,0,0,0.0,0.0,0.0,0.0,0.0,0.0,0.0,0.0,0.0,0.0
1,2,0.0,1,1,0,0,1,0,0,0,0,0,0.0,0.0,0.0,0.0,1.0,0.0,0.0,0.0,0.0,0.0
1,3,0.4444444444444444,3,3,0,0,1,0,0,0,0,0,0.0,0.0,0.0,0.0,0.8898594377780251,0.0,0.0,0.0,0.4562347871407627,0.0
1,3,0.4444444444444444,3,3,0,0,1,0,0,0,0,0,0.0,0.0,0.0,0.0,0.6981812220896324,0.0,0.0,0.0,0.715921071851798,0.0
1,1,0.0,2,2,0,0,1,0,0,0,1,0,1.0,0.0,0.0,0.0,0.0,0.0,0.0,0.0,0.0,0.0
0,1,0.0,1,1,0,0,1,0,0,0,1,0,0.0,0.7682917496674277,0.0,0.0,0.0,0.0,0.0,0.0,0.0,0.640099826115398
0,1,0.0,1,1,0,0,1,0,0,0,1,0,0.0,0.7682917496674277,0.0,0.0,0.0,0.0,0.0,0.0,0.0,0.640099826115398
1,1,0.0,1,0,0,0,1,0,0,0,0,0,1.0,0.0,0.0,0.0,0.0,0.0,0.0,0.0,0.0,0.0
0,1,0.0,1,1,0,0,1,0,0,0,1,0,0.0,0.7682917496674277,0.0,0.0,0.0,0.0,0.0,0.0,0.0,0.640099826115398
4,5,0.7999999999999999,0,5,0,0,1,0,0,0,0,0,0.0,0.0,0.0,0.0,0.0,0.0,0.0,0.0,0.0,0.0
0,1,0.0,1,1,0,0,1,0,0,0,1,0,0.0,0.7682917496674277,0.0,0.0,0.0,0.0,0.0,0.0,0.0,0.640099826115398
1,1,0.0,1,1,0,0,1,0,0,0,0,0,0.0,0.0,0.0,0.0,0.0,0.0,0.0,0.0,0.0,0.0
1,1,0.0,4,4,0,0,1,0,0,0,0,0,0.0,0.0,0.0,0.0,0.0,0.0,0.0,0.0,1.0,0.0
2,9,0.8844444444444444,60,0,0,0,1,0,0,0,0,0,0.0,1.0,0.0,0.0,0.0,0.0,0.0,0.0,0.0,0.0
2,4,0.7422664265016837,83,30,0,0,1,0,0,0,1,0,0.0,0.0,0.0,0.0,0.0,0.0,0.916949697298383,0.0,0.0,0.3990028228276132
1,3,0.6294484736043178,40,37,0,0,1,0,0,0,0,0,0.0,0.0,0.0,1.0,0.0,0.0,0.0,0.0,0.0,0.0
2,4,0.5402469135802469,43,2,0,0,1,0,0,0,0,0,0.0,0.7124079515693623,0.0,0.0,0.0,0.0,0.0,0.0,0.7017655666536688,0.0
1,1,0.0,2,2,0,0,1,0,0,0,0,0,0.0,0.5914107354803327,0.0,0.5741774973669282,0.0,0.0,0.5661744814772766,0.0,0.0,0.0
1,2,0.21875,10,6,0,0,1,0,0,0,1,0,0.0,0.5145804388777078,0.0,0.0,0.0,0.0,0.0,0.0,0.0,0.8574421099552003
1,1,0.0,1,1,0,0,1,0,0,0,0,0,0.28914937324518514,0.3296621032256083,0.0,0.32005601192386945,0.23751804177049435,0.0,0.7889874970094877,0.0,0.16236870473211915,0.0
1,2,0.05709342560553643,35,33,0,0,1,0,0,0,0,0,0.0,0.0,0.0,1.0,0.0,0.0,0.0,0.0,0.0,0.0
1,2,0.19968750000000002,146,94,0,0,1,0,0,0,0,0,0.0,0.0,0.0,0.0,0.0,0.0,0.0,0.0,0.0,0.0
1,2,0.47165532879818595,42,0,0,0,1,0,0,0,0,0,0.0,0.0,0.0,0.0,0.0,0.0,0.0,0.0,0.0,0.0
1,1,0.0,1,1,0,0,1,0,0,0,0,0,0.0,0.0,0.0,0.0,0.0,0.0,0.0,0.0,0.0,0.0
1,1,0.0,8,8,0,0,1,0,0,0,0,0,0.0,0.0,0.0,0.0,0.0,0.0,0.0,0.0,0.0,0.0
1,1,0.0,2,2,0,0,1,0,0,0,0,0,0.0,0.0,0.0,0.0,0.0,0.0,0.0,0.0,1.0,0.0
1,1,0.0,41,0,0,0,1,0,0,0,0,0,0.6755392011984699,0.0,0.0,0.0,0.0,0.0,0.737324072334637,0.0,0.0,0.0
1,1,0.0,4,4,0,0,1,0,0,0,0,0,0.0,0.0,0.0,0.0,0.0,0.0,0.0,0.0,0.0,0.0
1,2,0.4054820415879017,66,26,0,0,1,0,0,0,0,0,0.0,0.0,0.0,0.0,0.0,0.0,0.0,0.0,0.0,0.0
1,2,0.4444444444444444,3,3,0,0,1,0,0,0,0,0,0.0,0.0,0.0,0.0,0.0,0.0,0.0,0.0,1.0,0.0
1,1,0.0,1,1,0,0,1,0,0,0,0,0,0.0,0.0,0.0,0.0,0.0,0.0,0.0,0.0,0.0,0.0
3,15,0.5,2,2,0,0,1,0,0,0,1,0,0.0,0.0,0.0,0.0,0.0,0.0,0.0,0.0,0.0,0.0
1,1,0.0,24,0,0,0,1,0,0,0,0,0,0.0,0.0,0.0,0.0,0.0,0.0,0.0,0.0,0.0,0.0
4,9,0.1270216962524654,13,182,0,0,1,0,0,0,0,0,0.0,0.0,0.0,0.0,0.0,0.0,0.0,0.0,0.0,0.0
0,2,0.4444444444444444,1,2,0,0,1,0,0,0,1,0,0.0,0.0,0.0,0.0,0.0,0.0,0.0,0.0,0.0,1.0
1,1,0.0,7,0,0,0,1,0,0,0,0,0,0.0,0.0,0.0,0.0,0.0,0.0,1.0,0.0,0.0,0.0
1,1,0.0,2,0,0,0,1,0,0,0,0,0,1.0,0.0,0.0,0.0,0.0,0.0,0.0,0.0,0.0,0.0
1,2,0.4288002847988608,89,17,0,0,1,0,0,0,0,0,0.0,0.0,0.0,0.0,0.0,0.0,0.0,0.0,0.0,0.0
1,2,0.06147644242882344,54,9,0,0,1,0,0,0,1,0,0.0,0.0,0.0,0.0,0.0,0.0,0.0,0.0,0.0,1.0
1,3,0.11430217248189589,862,6,0,0,1,0,0,0,0,0,0.0,0.0,0.0,0.0,0.0,0.0,1.0,0.0,0.0,0.0
1,1,0.0,5,5,0,0,1,0,0,0,0,0,0.0,0.0,0.0,0.0,0.0,0.0,0.0,0.0,0.0,0.0
2,2,0.01980000000000004,99,1,0,0,1,0,0,0,0,0,0.0,0.0,0.0,0.0,0.0,0.0,0.0,0.0,0.0,0.0
2,2,0.0,3,0,0,0,1,0,0,0,0,0,0.0,0.0,0.0,0.0,0.0,0.0,0.0,0.0,0.0,0.0
1,1,0.0,101,0,0,0,1,0,0,0,0,0,0.6755392011984699,0.0,0.0,0.0,0.0,0.0,0.737324072334637,0.0,0.0,0.0
1,1,0.0,1,0,0,0,1,0,0,0,0,0,1.0,0.0,0.0,0.0,0.0,0.0,0.0,0.0,0.0,0.0
5,14,0.9285714285714286,14,14,0,0,1,0,0,0,0,0,0.0,0.0,0.0,0.0,0.0,0.0,0.0,0.0,0.0,0.0
1,1,0.0,8,0,0,0,1,0,0,0,1,0,0.7250432212837251,0.0,0.0,0.0,0.0,0.0,0.0,0.0,0.0,0.6887033666757549
1,3,0.41285649615210507,141,0,0,0,1,0,0,0,0,0,0.0,0.0,0.0,0.0,0.0,0.0,0.0,0.0,0.0,0.0
1,2,0.31999999999999984,5,0,0,0,1,0,0,0,0,0,1.0,0.0,0.0,0.0,0.0,0.0,0.0,0.0,0.0,0.0
3,4,0.5,2,2,0,0,1,0,0,0,0,0,0.0,0.0,0.0,0.0,0.0,0.0,0.0,0.0,0.0,0.0
1,1,0.0,24,0,0,0,1,0,0,0,0,0,0.0,0.0,0.0,0.0,0.0,0.0,0.0,0.0,0.0,0.0
0,1,0.0,1,1,0,0,1,0,0,0,0,0,0.0,0.0,0.0,0.0,0.0,0.0,0.0,0.0,0.0,0.0
0,1,0.0,1,1,0,0,1,0,0,0,1,0,0.0,0.0,0.0,0.0,0.0,0.0,0.0,0.0,0.0,1.0
0,1,0.0,0,2,0,0,1,0,0,0,0,0,0.0,0.0,0.0,0.0,0.0,0.0,1.0,0.0,0.0,0.0
0,1,0.0,2,0,0,0,1,0,0,0,0,0,0.0,0.0,0.0,0.0,0.0,0.0,0.0,0.0,0.0,0.0
1,4,0.6591695501730104,16,18,0,0,1,0,0,0,0,0,0.0,0.0,1.0,0.0,0.0,0.0,0.0,0.0,0.0,0.0
1,4,0.6296996429321571,23,46,0,0,1,0,0,0,0,0,0.0,0.0,1.0,0.0,0.0,0.0,0.0,0.0,0.0,0.0
1,1,0.0,2,2,0,0,1,0,0,0,0,0,0.0,0.0,0.0,0.0,0.0,0.0,0.0,0.0,0.0,0.0
2,4,0.67456,125,0,0,0,1,0,0,0,0,0,1.0,0.0,0.0,0.0,0.0,0.0,0.0,0.0,0.0,0.0
2,4,0.6765041617122474,1,289,0,0,1,0,1,0,0,0,0.0,0.0,0.0,0.0,0.0,0.0,0.0,0.0,0.0,0.0
2,9,0.8458049886621315,49,35,0,0,1,0,0,0,0,0,0.0,0.0,0.0,0.0,1.0,0.0,0.0,0.0,0.0,0.0
1,2,0.379504132231405,30,25,0,0,1,0,0,0,0,0,0.0,0.0,0.0,0.0,0.0,0.0,0.0,0.0,0.0,0.0
1,1,0.0,8,8,0,0,1,0,0,0,0,0,0.0,0.0,0.0,0.0,0.0,0.0,0.0,0.0,0.0,0.0
2,7,0.7750229568411386,32,34,0,0,1,0,0,0,0,0,0.0,0.0,0.0,0.0,0.0,0.0,0.0,0.0,0.0,0.0
1,1,0.0,5,4,0,0,1,0,0,0,0,0,0.0,0.0,0.0,0.7120517375160647,0.0,0.0,0.7021269992674781,0.0,0.0,0.0
2,6,0.757396449704142,17,9,0,0,1,0,0,0,0,0,0.0,0.0,0.0,0.0,0.0,0.0,0.0,0.0,0.0,0.0
2,19,0.8869230769230769,165,95,0,0,1,0,0,0,0,0,0.0,0.0,0.0,0.0,0.0,0.0,0.0,0.0,0.0,0.0
1,1,0.0,2,2,0,0,1,0,0,0,0,0,0.0,0.0,0.0,1.0,0.0,0.0,0.0,0.0,0.0,0.0
2,2,0.5,1,1,0,0,1,0,0,0,0,0,0.0,0.0,0.0,0.0,0.0,0.0,0.0,0.0,0.0,0.0
4,12,0.8923010380622838,87,49,0,0,1,0,0,0,0,0,0.0,0.0,0.0,0.0,0.0,0.0,0.0,0.0,1.0,0.0
2,4,0.27000000000000013,20,0,0,0,1,0,0,0,0,0,1.0,0.0,0.0,0.0,0.0,0.0,0.0,0.0,0.0,0.0
1,1,0.0,0,1,0,0,1,0,0,0,0,0,0.0,0.0,0.0,0.0,0.0,0.0,0.0,0.0,0.0,0.0
1,1,0.0,0,3,1,0,1,0,0,0,0,0,0.0,0.0,0.0,0.0,0.0,0.0,0.0,0.0,0.0,0.0
1,1,0.0,0,2,0,0,1,0,0,0,0,0,0.0,0.0,0.0,0.0,0.0,0.0,0.0,0.0,0.0,0.0
1,1,0.0,50,0,0,0,1,0,0,0,0,0,0.6755392011984699,0.0,0.0,0.0,0.0,0.0,0.737324072334637,0.0,0.0,0.0
1,1,0.0,7,0,0,0,1,0,0,0,0,0,1.0,0.0,0.0,0.0,0.0,0.0,0.0,0.0,0.0,0.0
1,1,0.0,0,1,0,0,1,0,0,0,0,0,0.0,0.0,0.0,0.0,0.0,0.0,0.0,0.0,0.0,0.0
2,15,0.8546747657275419,13,168,0,0,1,0,0,0,0,0,0.0,0.7211522008396218,0.0,0.0,0.6927766618645359,0.0,0.0,0.0,0.0,0.0
1,1,0.0,18,1,0,0,1,0,0,0,0,0,1.0,0.0,0.0,0.0,0.0,0.0,0.0,0.0,0.0,0.0
1,1,0.0,11,0,0,0,1,0,0,0,0,0,0.0,0.0,0.0,0.0,0.0,0.0,0.0,0.0,0.0,0.0
2,2,0.48,12,8,1,0,1,0,0,0,0,0,0.0,0.0,0.0,0.0,0.0,0.0,1.0,0.0,0.0,0.0
1,1,0.0,16,15,0,0,1,0,0,0,0,0,0.0,0.0,0.0,0.0,0.0,0.0,0.0,0.0,0.0,0.0
0,1,0.0,1,1,0,0,1,0,0,0,0,0,0.0,0.0,0.7434366910601483,0.0,0.0,0.0,0.6688063145526795,0.0,0.0,0.0
0,1,0.0,1,1,0,0,1,0,0,0,0,0,0.0,0.0,0.7434366910601483,0.0,0.0,0.0,0.6688063145526795,0.0,0.0,0.0
2,3,0.5651577503429356,38,16,0,0,1,0,0,1,1,0,0.0,0.0,0.0,0.0,0.7554627812367238,0.0,0.0,0.0,0.0,0.6551915644802473
1,1,0.0,8,1,0,0,1,0,0,0,1,0,0.0,0.0,0.0,0.0,1.0,0.0,0.0,0.0,0.0,0.0
1,1,0.0,30,19,0,0,1,0,0,0,0,0,1.0,0.0,0.0,0.0,0.0,0.0,0.0,0.0,0.0,0.0
1,2,0.4907788446883097,81,0,0,0,1,0,0,0,0,0,0.0,0.0,0.0,0.0,1.0,0.0,0.0,0.0,0.0,0.0
2,2,0.48347107438016523,20,2,0,0,1,0,0,0,0,0,1.0,0.0,0.0,0.0,0.0,0.0,0.0,0.0,0.0,0.0
1,1,0.0,7,3,0,0,1,0,0,0,0,0,0.0,0.0,0.0,0.0,0.0,0.0,0.0,0.0,0.0,0.0
1,1,0.0,13,0,0,0,1,0,0,0,0,0,0.0,0.0,0.0,0.0,0.0,0.0,0.0,0.0,0.0,0.0
1,1,0.0,5,6,0,0,1,0,0,0,0,0,0.0,0.0,0.0,0.0,0.0,0.0,0.0,0.0,0.0,0.0
1,2,0.25310445580715857,72,2,0,0,1,0,0,0,0,0,0.0,0.7211522008396218,0.0,0.0,0.6927766618645359,0.0,0.0,0.0,0.0,0.0
1,10,0.8724707694461948,0,414,0,0,1,0,0,0,0,0,0.0,0.0,0.0,0.0,0.0,0.0,0.0,0.0,0.0,0.0
2,10,0.8645915666127191,129,360,0,0,1,0,0,0,0,0,0.0,0.0,1.0,0.0,0.0,0.0,0.0,0.0,0.0,0.0
2,8,0.8400934204889374,23,246,0,0,1,0,0,0,0,0,0.0,0.0,0.0,0.0,0.0,0.0,0.0,0.0,0.0,0.0
1,3,0.33354337324091576,16,53,0,0,1,0,0,0,0,0,0.0,0.0,0.7422828210919641,0.0,0.670086720888987,0.0,0.0,0.0,0.0,0.0
2,11,0.7933114496535084,74,253,0,0,1,0,0,0,0,0,0.0,0.0,0.7422828210919641,0.0,0.670086720888987,0.0,0.0,0.0,0.0,0.0
2,3,0.5991735537190083,14,8,0,0,1,0,0,0,0,0,0.0,0.0,0.0,0.0,0.0,0.0,0.0,0.0,1.0,0.0
1,2,0.4444444444444444,129,0,0,0,1,0,0,0,0,0,0.0,0.0,0.0,0.0,0.0,0.0,0.0,0.0,0.0,0.0
2,4,0.6490950876185004,13,105,0,0,1,0,0,0,0,0,0.0,0.0,0.7422828210919641,0.0,0.670086720888987,0.0,0.0,0.0,0.0,0.0
2,6,0.8057665977610138,67,126,0,0,1,0,0,0,0,0,0.0,0.0,1.0,0.0,0.0,0.0,0.0,0.0,0.0,0.0
2,14,0.904552264118944,532,0,0,0,1,0,0,0,0,0,1.0,0.0,0.0,0.0,0.0,0.0,0.0,0.0,0.0,0.0
1,1,0.0,37,2,0,0,1,0,0,0,0,0,1.0,0.0,0.0,0.0,0.0,0.0,0.0,0.0,0.0,0.0
1,1,0.0,25,25,0,0,1,0,0,0,0,0,0.0,0.0,0.0,0.0,0.0,0.0,1.0,0.0,0.0,0.0
1,1,0.0,29,32,0,0,1,0,0,0,0,0,0.0,0.0,0.0,0.0,0.0,0.0,0.0,0.0,0.0,0.0
1,2,0.48699271592091564,43,19,0,0,1,0,0,0,0,0,0.0,0.0,0.0,0.0,0.0,0.0,0.0,0.0,0.0,0.0
1,3,0.42737777777777786,75,0,0,0,1,0,0,0,0,0,0.0,0.0,0.0,0.0,0.0,0.0,0.0,0.0,0.0,0.0
2,6,0.7644628099173554,37,7,0,0,1,0,0,0,0,0,0.0,0.0,0.0,0.0,0.0,0.0,0.0,0.0,0.0,0.0
1,1,0.0,1,1,1,0,1,0,0,0,0,0,0.0,0.0,0.0,1.0,0.0,0.0,0.0,0.0,0.0,0.0
2,3,0.547293277810827,20,21,0,0,1,0,0,0,0,0,0.0,0.0,1.0,0.0,0.0,0.0,0.0,0.0,0.0,0.0
1,2,0.5,2,2,0,0,1,0,0,0,0,0,0.0,0.0,0.0,0.0,1.0,0.0,0.0,0.0,0.0,0.0
1,1,0.0,4,27,0,0,1,0,0,0,0,0,0.0,0.0,0.0,0.0,0.0,0.0,0.0,0.0,1.0,0.0
1,2,0.48611111111111105,8,4,0,0,1,0,0,0,0,0,0.0,0.0,0.0,0.0,0.0,0.0,0.0,0.0,0.0,0.0
2,3,0.653061224489796,7,7,0,0,1,0,0,0,0,0,0.0,0.0,0.0,1.0,0.0,0.0,0.0,0.0,0.0,0.0
2,4,0.6215277777777778,72,72,1,0,1,0,0,0,0,0,0.0,0.0,0.0,0.0,0.0,0.0,0.0,0.0,0.0,0.0
3,10,0.832898495568323,391,76,0,0,1,0,0,0,0,0,0.6594018467948721,0.7517906653075123,0.0,0.0,0.0,0.0,0.0,0.0,0.0,0.0
1,1,0.0,3,3,0,0,1,0,0,0,0,0,0.0,0.0,0.0,0.0,0.0,0.0,0.0,0.0,0.0,0.0
1,1,0.0,2,2,0,0,1,0,0,0,0,0,0.0,0.7174829493144343,0.0,0.6965760672339102,0.0,0.0,0.0,0.0,0.0,0.0
1,1,0.0,2,2,0,0,1,0,0,0,0,0,0.0,0.7174829493144343,0.0,0.6965760672339102,0.0,0.0,0.0,0.0,0.0,0.0
1,1,0.0,1,1,0,0,1,0,0,0,0,0,0.0,0.0,0.0,0.0,0.0,0.0,0.0,0.0,1.0,0.0
2,3,0.43757431629013077,15,14,0,0,1,0,0,0,0,0,0.0,0.0,0.0,0.0,0.0,0.0,0.0,0.0,0.0,0.0
1,1,0.0,1,0,0,0,1,0,0,0,0,0,1.0,0.0,0.0,0.0,0.0,0.0,0.0,0.0,0.0,0.0
1,1,0.0,6,5,0,0,1,0,0,0,0,0,0.0,0.0,0.0,0.0,0.0,0.0,0.0,0.0,0.0,0.0
0,1,0.0,9,1,0,0,1,0,0,0,1,0,0.5443912390957821,0.0,0.6604844706084497,0.0,0.0,0.0,0.0,0.0,0.0,0.5171058333463614
1,2,0.23111111111111104,11,4,0,0,1,0,0,0,0,0,0.0,0.0,0.0,0.0,0.0,0.0,0.0,0.0,0.0,0.0
1,4,0.7278584659990872,101,92,0,0,1,0,0,0,0,0,0.0,0.0,0.0,0.0,0.0,0.0,0.0,0.0,0.0,0.0
2,3,0.6661796932067202,50,24,1,0,1,0,0,0,0,0,0.0,0.0,0.7387476637358752,0.6739821135050886,0.0,0.0,0.0,0.0,0.0,0.0
0,1,0.0,1,1,0,0,1,0,0,0,0,0,0.0,0.0,0.0,0.0,0.0,0.0,0.0,0.0,0.0,0.0
1,1,0.0,1,1,0,0,1,0,0,0,0,0,0.0,0.0,0.0,0.0,0.0,0.0,0.0,0.0,0.0,0.0
3,6,0.8333333333333333,12,12,0,0,1,0,0,0,0,0,0.0,0.0,0.0,0.0,0.0,0.0,0.0,0.0,0.0,0.0
1,4,0.5182742113915282,150,161,0,0,1,0,0,0,0,0,0.0,0.0,0.0,0.0,0.0,0.0,0.0,0.0,0.0,0.0
1,4,0.7100591715976331,13,13,1,0,1,0,0,0,0,0,0.0,0.0,0.0,0.0,0.0,0.0,0.0,0.0,0.0,0.0
1,1,0.0,1,1,1,0,1,0,0,0,0,0,0.0,0.0,0.0,0.0,0.0,0.0,1.0,0.0,0.0,0.0
2,6,0.752,25,25,1,0,1,0,0,0,0,0,0.0,0.0,0.0,0.0,0.0,0.0,0.0,0.0,0.0,0.0
2,7,0.69,40,40,1,0,1,0,0,0,0,0,0.0,0.0,0.0,0.0,0.0,0.0,0.0,0.0,0.0,0.0
1,4,0.75,0,84,0,0,1,0,0,0,0,0,0.0,0.0,0.0,0.0,0.0,0.0,0.0,0.0,0.0,0.0
1,1,0.0,28,26,0,0,1,0,0,0,0,0,0.0,0.0,0.0,0.0,0.0,0.0,0.0,0.0,0.0,0.0
1,1,0.0,0,340,0,0,1,0,0,0,0,0,0.0,0.0,0.0,0.0,0.0,0.0,1.0,0.0,0.0,0.0
1,1,0.0,174,0,0,0,1,0,0,0,0,0,0.6755392011984699,0.0,0.0,0.0,0.0,0.0,0.737324072334637,0.0,0.0,0.0
2,2,0.20761245674740492,8,9,0,0,1,0,0,0,0,0,0.0,0.0,0.0,0.0,0.0,0.0,0.0,0.0,1.0,0.0
1,1,0.0,19,1,0,0,1,0,1,0,1,0,0.7250432212837251,0.0,0.0,0.0,0.0,0.0,0.0,0.0,0.0,0.6887033666757549
2,2,0.33380622657226167,0,392,0,0,1,0,0,0,0,0,0.0,0.0,0.0,0.0,0.0,0.0,0.0,0.0,0.0,0.0
1,2,0.40110757925205354,0,389,0,0,1,0,0,0,0,0,0.0,0.0,0.0,0.0,0.0,0.0,0.0,0.0,0.0,0.0
1,1,0.0,138,0,0,0,1,0,0,0,0,0,0.6755392011984699,0.0,0.0,0.0,0.0,0.0,0.737324072334637,0.0,0.0,0.0
1,1,0.0,3,1,0,0,1,0,1,0,0,0,1.0,0.0,0.0,0.0,0.0,0.0,0.0,0.0,0.0,0.0
1,3,0.6570498231854627,0,169,0,0,1,0,0,0,0,0,0.0,0.0,0.0,0.0,0.0,0.0,0.0,0.0,0.0,0.0
2,7,0.7588455500543413,0,455,0,0,1,0,0,0,0,0,0.0,0.0,0.0,0.0,0.0,0.0,0.0,0.0,0.0,0.0
2,6,0.7725673737648089,429,444,0,0,1,0,0,0,0,0,0.0,0.0,0.0,0.0,0.0,0.0,0.0,0.0,0.0,0.0
1,1,0.0,113,7,0,0,1,0,0,0,0,0,0.0,0.0,0.0,0.0,0.0,0.0,1.0,0.0,0.0,0.0
2,6,0.7222431766565818,280,73,0,0,1,0,0,0,0,0,0.0,0.0,0.0,0.0,0.0,0.0,0.0,0.0,1.0,0.0
2,8,0.7074120211772035,247,247,0,0,1,0,0,0,0,0,0.0,0.0,0.0,0.0,0.0,0.0,0.0,0.0,0.0,0.0
2,6,0.628619875019052,261,63,0,0,1,0,0,0,0,0,0.0,0.0,0.0,0.0,0.0,0.0,0.0,0.0,0.0,0.0
1,1,0.0,6,6,0,0,1,0,0,0,0,0,0.0,0.0,0.0,0.0,0.0,0.0,0.0,0.0,0.0,0.0
1,1,0.0,28,22,0,0,1,0,0,0,0,0,1.0,0.0,0.0,0.0,0.0,0.0,0.0,0.0,0.0,0.0
0,1,0.0,7,4,0,0,1,0,0,0,1,0,0.0,0.0,0.0,0.0,0.0,0.0,0.0,0.0,0.508895230233714,0.8608284641235879
3,6,0.7057784115568231,245,9,0,0,1,0,0,0,0,0,0.0,0.0,0.0,0.0,0.0,0.0,0.0,0.0,0.0,0.0
1,1,0.0,1,1,0,0,1,0,0,0,0,0,0.0,0.0,0.0,1.0,0.0,0.0,0.0,0.0,0.0,0.0
1,1,0.0,1,1,0,0,1,0,0,0,0,0,0.0,0.0,0.0,1.0,0.0,0.0,0.0,0.0,0.0,0.0
2,3,0.44897959183673464,14,14,0,0,1,0,0,0,0,0,0.0,0.0,0.0,0.0,0.0,0.0,0.0,0.0,0.0,0.0
1,2,0.5,40,0,0,0,1,0,0,0,0,0,1.0,0.0,0.0,0.0,0.0,0.0,0.0,0.0,0.0,0.0
1,4,0.6122448979591837,11,3,0,0,1,0,0,0,0,0,0.0,0.0,0.0,0.0,0.0,0.0,0.0,0.0,0.0,0.0
7,92,0.973794066760845,251,251,0,0,1,0,0,0,0,0,0.0,0.0,0.0,0.0,0.0,0.0,0.0,0.0,0.0,0.0
0,1,0.0,1,1,0,0,1,0,0,0,0,0,0.0,0.0,0.0,1.0,0.0,0.0,0.0,0.0,0.0,0.0
11,101,0.6015625,13,3,0,0,1,0,0,0,0,0,0.0,0.0,0.0,0.0,0.0,0.0,0.0,0.0,0.0,0.0
6,47,0.9684820673831662,91,91,0,0,1,0,0,0,0,0,0.0,0.0,0.0,0.0,0.0,0.0,0.0,0.0,0.0,0.0
1,2,0.4444444444444444,6,0,0,0,1,0,0,0,0,0,0.0,0.0,0.0,1.0,0.0,0.0,0.0,0.0,0.0,0.0
6,15,0.7686616461884,83,91,0,0,1,0,0,0,0,0,0.0,0.0,0.0,1.0,0.0,0.0,0.0,0.0,0.0,0.0
8,38,0.8506633129133028,78,79,0,0,1,0,0,0,0,0,0.0,0.0,0.0,0.0,0.0,0.0,0.0,0.0,0.0,0.0
1,3,0.6044444444444443,15,15,0,0,1,0,0,0,1,0,0.0,0.0,0.0,0.0,0.0,0.0,0.0,0.0,0.0,1.0
0,1,0.0,3,0,0,0,1,0,0,0,0,0,0.0,0.0,0.0,0.0,0.0,0.0,0.0,0.0,0.0,0.0
1,1,0.0,3,4,0,0,1,0,0,0,1,0,0.0,0.0,0.0,0.0,0.0,0.0,0.0,0.0,0.0,0.0
1,10,0.8922495274102079,10,13,0,0,1,0,0,0,0,0,0.0,0.0,0.0,0.0,0.0,0.0,0.0,0.0,0.0,0.0
3,32,0.9470868014268727,58,58,0,0,1,0,0,0,0,0,0.0,0.0,0.0,0.0,0.0,0.0,0.0,0.0,0.0,0.0
2,31,0.9215582370664204,125,132,0,0,1,0,0,0,0,0,0.0,0.0,0.0,0.0,0.0,0.0,0.0,0.0,0.0,0.0
2,12,0.8165597369849021,93,84,0,0,1,0,0,0,0,0,0.0,0.0,0.0,0.0,0.0,0.0,0.0,0.0,0.0,0.0
3,28,0.9470486111111112,48,48,0,0,1,0,0,0,0,0,0.0,0.0,0.0,0.0,0.0,0.0,0.0,0.0,0.0,0.0
2,17,0.8972850533497793,444,23,0,0,1,0,0,0,0,0,1.0,0.0,0.0,0.0,0.0,0.0,0.0,0.0,0.0,0.0
1,1,0.0,3,3,0,0,1,0,0,0,0,0,0.0,0.0,0.0,0.0,0.0,0.0,0.0,0.0,0.0,0.0
2,9,0.8411111111111111,60,60,0,0,1,0,0,0,0,0,0.0,0.0,0.0,0.0,0.0,0.0,0.0,0.0,0.0,0.0
2,12,0.8057703747769185,82,82,0,0,1,0,0,0,0,0,0.0,0.0,0.0,0.0,0.0,0.0,0.0,0.0,0.0,0.0
2,5,0.7007881403640457,131,15,0,0,1,0,0,0,0,0,0.0,0.0,0.0,0.0,0.0,0.0,0.0,0.0,0.0,0.0
2,5,0.7236610963470114,131,18,0,0,1,0,0,0,0,0,0.0,0.0,0.0,0.0,0.0,0.0,0.0,0.0,0.0,0.0
2,5,0.7079527734462019,59,8,0,0,1,0,0,0,0,0,0.0,0.0,0.0,0.0,0.0,0.0,0.0,0.0,0.0,0.0
1,1,0.0,1,1,0,0,1,0,0,0,0,0,0.0,0.0,0.0,0.0,0.0,0.0,0.0,0.0,0.0,0.0
2,5,0.6344201042253945,488,195,0,0,1,0,0,0,0,0,0.0,0.0,0.0,0.0,0.0,0.0,0.0,0.0,0.0,0.0
1,3,0.625,0,8,0,0,1,0,0,0,0,0,0.0,0.0,0.0,0.0,0.0,0.0,0.0,0.0,0.0,0.0
2,3,0.3808,25,25,0,0,1,0,0,0,0,0,0.0,0.0,0.0,0.0,0.0,0.0,0.0,0.0,0.0,0.0
1,1,0.0,1,1,0,0,1,0,0,0,0,0,0.0,0.0,0.0,1.0,0.0,0.0,0.0,0.0,0.0,0.0
1,1,0.0,28,24,0,0,1,0,0,0,0,0,0.0,0.0,0.0,0.0,0.0,0.0,0.0,0.0,0.0,0.0
1,2,0.49640907785119215,57,61,0,0,1,0,0,0,0,0,0.0,0.0,0.0,0.0,0.0,0.0,0.0,0.0,0.0,0.0
1,1,0.0,1,5,0,0,1,0,0,0,0,0,0.0,0.0,0.0,0.0,0.0,0.0,0.0,0.0,0.0,0.0
2,6,0.6945559893066073,281,18,0,0,1,0,0,0,0,0,0.0,0.0,0.0,0.0,0.0,0.0,0.0,0.0,0.0,0.0
1,1,0.0,1,1,0,0,1,0,0,0,0,0,0.0,0.0,0.0,0.0,0.0,0.0,0.0,0.0,0.0,0.0
1,1,0.0,1,1,0,0,1,0,0,0,0,0,0.0,0.0,0.0,0.0,0.0,0.0,0.0,0.0,0.0,0.0
1,1,0.0,2,2,0,0,1,0,0,0,0,0,0.0,0.0,0.0,0.0,0.0,0.0,0.0,0.0,0.0,0.0
2,3,0.2551020408163266,14,14,0,0,1,0,0,0,0,0,0.0,0.0,0.0,0.0,0.0,0.0,0.0,0.0,0.0,0.0
2,6,0.7476265282426064,104,17,0,0,1,0,0,0,0,0,0.0,0.0,0.0,0.0,0.0,0.0,0.0,0.0,0.0,0.0
1,1,0.0,0,2,0,0,1,0,0,0,0,0,0.0,0.0,0.0,0.0,0.0,0.0,0.0,0.0,0.0,0.0
2,4,0.6576681900308216,91,6,0,0,1,0,0,0,0,0,0.0,0.0,0.0,0.0,0.0,0.0,0.0,0.0,0.0,0.0
1,1,0.0,0,6,0,0,1,0,0,0,0,0,0.0,0.0,0.0,1.0,0.0,0.0,0.0,0.0,0.0,0.0
1,1,0.0,3,1,1,0,1,0,0,0,0,0,0.6594018467948721,0.7517906653075123,0.0,0.0,0.0,0.0,0.0,0.0,0.0,0.0
2,3,0.41676278354479057,26,25,0,0,1,0,0,0,0,0,0.0,0.0,0.0,0.0,0.0,0.0,0.0,0.0,0.0,0.0
2,3,0.4340277777777777,24,0,0,0,1,0,0,0,0,0,0.6742655164998606,0.0,0.0,0.0,0.7384890068641348,0.0,0.0,0.0,0.0,0.0
0,1,0.0,1,1,0,0,1,0,0,0,0,0,0.0,0.0,0.0,0.0,0.6981812220896324,0.0,0.0,0.0,0.715921071851798,0.0
1,1,0.0,2,2,0,0,1,0,0,0,0,0,0.0,0.0,0.0,0.0,0.0,0.0,0.0,0.0,0.0,0.0
2,4,0.32666015625,36,28,0,0,1,0,0,0,1,0,0.0,0.0,0.0,0.0,1.0,0.0,0.0,0.0,0.0,0.0
2,2,0.2777777777777777,11,7,0,0,1,0,0,0,1,0,0.0,0.0,0.0,0.0,1.0,0.0,0.0,0.0,0.0,0.0
1,1,0.0,0,1,0,0,1,0,0,0,0,0,0.0,0.0,0.0,0.0,0.0,0.0,0.0,0.0,0.0,0.0
1,1,0.0,7,7,0,0,1,0,0,0,0,0,0.0,0.0,0.0,0.0,0.0,0.0,0.0,0.0,0.0,0.0
1,3,0.6558641975308642,23,13,0,0,1,0,0,0,1,0,0.0,0.7211522008396218,0.0,0.0,0.6927766618645359,0.0,0.0,0.0,0.0,0.0
2,4,0.6841067718045715,110,27,0,0,1,0,0,0,0,0,0.0,0.0,0.0,0.0,0.0,0.0,0.0,0.0,0.0,0.0
1,1,0.0,3,1,0,0,1,0,0,0,0,0,0.0,0.0,0.0,0.0,0.0,0.0,0.0,0.0,0.0,0.0
1,1,0.0,2,1,0,0,1,0,0,0,0,0,0.0,0.0,0.0,0.0,0.0,0.0,0.0,0.0,1.0,0.0
1,2,0.47337278106508873,20,6,0,0,1,0,0,0,0,0,0.0,0.0,0.0,0.0,0.0,0.0,0.0,0.0,0.0,0.0
1,3,0.5186714205291799,67,6,0,0,1,0,0,0,0,0,0.0,0.0,0.0,0.0,0.0,0.0,0.0,0.0,0.0,0.0
3,8,0.8248413352934849,269,65,0,0,1,0,0,0,0,0,0.0,0.0,0.0,0.0,0.0,0.0,0.0,0.0,0.0,0.0
1,1,0.0,1,1,0,0,1,0,0,0,0,0,0.0,0.0,0.0,1.0,0.0,0.0,0.0,0.0,0.0,0.0
0,1,0.0,1,1,0,0,1,0,0,0,0,0,0.0,0.0,0.0,0.0,0.0,0.0,0.0,0.0,0.0,0.0
0,1,0.0,1,0,0,0,1,0,0,0,1,0,0.0,0.0,0.0,0.0,0.0,0.0,0.0,0.0,0.0,1.0
0,1,0.0,11,5,1,0,1,0,0,0,0,0,0.0,0.0,0.0,0.0,0.0,0.0,0.0,0.0,0.0,0.0
1,1,0.0,4,2,0,0,1,0,0,0,0,0,0.0,0.0,0.0,1.0,0.0,0.0,0.0,0.0,0.0,0.0
0,1,0.0,12,0,0,0,1,0,0,0,1,0,0.0,0.0,0.0,0.0,0.0,0.0,0.0,0.0,0.0,1.0
3,7,0.8092141644896169,186,43,0,0,1,0,0,0,0,0,0.0,0.0,0.0,0.0,0.0,0.0,0.0,0.0,0.0,0.0
3,8,0.8617961451056309,190,28,0,0,1,0,0,0,0,0,0.0,0.0,0.0,0.0,0.0,0.0,0.0,0.0,0.0,0.0
1,1,0.0,29,0,0,0,1,0,0,0,0,0,0.0,0.0,0.0,0.0,0.0,0.0,0.0,0.0,0.0,0.0
1,1,0.0,41,0,0,0,1,0,0,0,0,0,0.0,0.0,0.0,0.0,0.0,0.0,1.0,0.0,0.0,0.0
2,3,0.49149338374291107,135,26,0,0,1,0,0,0,0,0,0.0,0.0,0.0,0.0,0.0,0.0,0.0,0.0,0.0,0.0
1,1,0.0,8,3,0,0,1,0,0,0,0,0,0.6755392011984699,0.0,0.0,0.0,0.0,0.0,0.737324072334637,0.0,0.0,0.0
1,1,0.0,24,6,0,0,1,0,0,0,0,0,0.6755392011984699,0.0,0.0,0.0,0.0,0.0,0.737324072334637,0.0,0.0,0.0
1,1,0.0,28,23,0,0,1,0,0,0,0,0,0.6755392011984699,0.0,0.0,0.0,0.0,0.0,0.737324072334637,0.0,0.0,0.0
2,3,0.5446406116392536,92,49,0,0,1,0,0,0,0,0,0.0,0.0,0.0,0.0,0.0,0.0,0.0,0.0,0.0,0.0
2,3,0.5918477523594896,601,0,0,1,1,0,0,0,0,0,0.0,0.0,0.0,0.0,0.0,0.0,0.0,0.0,0.0,0.0
3,7,0.8571428571428572,14,14,0,0,1,0,0,0,0,0,0.0,0.0,0.0,0.0,0.0,0.0,0.0,0.0,0.0,0.0
2,2,0.38781163434903054,33,5,0,0,1,0,0,0,0,0,0.0,0.0,0.0,0.0,0.0,0.0,0.0,0.0,0.0,0.0
2,4,0.681553762431976,64,9,0,0,1,0,0,0,0,0,1.0,0.0,0.0,0.0,0.0,0.0,0.0,0.0,0.0,0.0
0,1,0.0,1,1,0,0,1,0,0,0,0,0,0.0,0.0,0.0,0.0,0.0,0.0,1.0,0.0,0.0,0.0
1,1,0.0,12,2,0,0,1,0,0,0,1,0,0.0,0.0,0.0,0.0,1.0,0.0,0.0,0.0,0.0,0.0
0,1,0.0,6,6,0,0,1,0,0,0,0,0,0.0,0.0,0.0,0.0,0.0,0.0,0.0,0.0,0.0,0.0
0,1,0.0,7,3,0,0,1,0,0,0,1,0,0.0,0.0,0.0,0.0,0.0,0.0,0.0,0.0,0.7635264097508012,0.6457766034884287
1,1,0.0,2,0,0,0,1,0,0,0,0,0,1.0,0.0,0.0,0.0,0.0,0.0,0.0,0.0,0.0,0.0
0,1,0.0,9,0,0,0,1,0,0,0,0,0,1.0,0.0,0.0,0.0,0.0,0.0,0.0,0.0,0.0,0.0
1,3,0.6399999999999999,5,5,0,0,1,0,0,0,0,0,0.0,0.0,0.0,0.0,0.0,0.0,0.0,0.0,0.0,0.0
3,4,0.7479224376731302,11,27,0,0,1,0,0,0,0,0,0.0,0.0,1.0,0.0,0.0,0.0,0.0,0.0,0.0,0.0
0,1,0.0,1,1,0,0,1,0,0,0,0,0,0.0,0.0,0.0,0.0,0.0,0.0,0.0,0.0,0.0,0.0
3,4,0.72,2,8,0,0,1,0,0,0,0,0,0.0,0.0,1.0,0.0,0.0,0.0,0.0,0.0,0.0,0.0
0,2,0.48,7,3,0,0,1,0,0,0,0,0,0.0,0.0,0.0,0.0,0.0,0.0,0.0,0.0,0.0,0.0
1,7,0.6671132489669422,352,0,0,0,1,0,0,0,0,0,0.6360294259344416,0.0,0.7716648037493383,0.0,0.0,0.0,0.0,0.0,0.0,0.0
1,1,0.0,2,2,0,0,1,0,0,0,0,0,0.0,0.0,0.0,0.0,0.0,0.0,0.0,0.0,0.0,0.0
3,3,0.6666666666666667,3,3,0,0,1,0,0,0,0,0,0.0,0.0,0.0,0.0,0.0,0.0,0.0,0.0,0.0,0.0
1,13,0.9012998030847793,859,0,0,0,1,0,0,0,0,0,0.0,0.0,0.0,0.0,0.0,0.0,0.0,0.0,0.0,0.0
1,13,0.9012998030847793,859,0,0,0,1,0,0,0,0,0,0.0,0.0,0.0,0.0,0.0,0.0,0.0,0.0,0.0,0.0
8,55,0.9636271923735481,4410,0,0,0,1,0,0,0,0,0,0.0,0.0,0.0,0.0,0.0,0.0,0.0,0.0,0.0,0.0
8,55,0.9636271923735481,4410,0,0,0,1,0,0,0,0,0,0.0,0.0,0.0,0.0,0.0,0.0,0.0,0.0,0.0,0.0
5,35,0.9578641048044931,2896,0,0,0,1,0,0,0,0,0,0.0,0.0,0.0,0.0,0.0,0.0,0.0,0.0,0.0,0.0
