DIFF_ND,DIFF_NF,DIFF_EN,SIZE_LA,SIZE_LD,PURP_FIX,PURP_MR,HIST_NDEV,SKIP_DOC,SKIP_MET,SKIP_COM,SKIP_FRM,SKIP_BLD,LABEL,CM_adding,CM_jmotif,CM_maven,CM_plugin,CM_prepare,CM_readme,CM_release,CM_sax,CM_update,CM_updating
0,1,0.0,2,0,0,0,0.0,1,0,0,0,0,1,0.0,0.0,0.0,0.0,0.0,0.6614647697683763,0.0,0.0,0.7499762385271077,0.0
1,1,0.0,1,1,0,0,0.0,1,0,0,0,0,0,0.0,0.0,0.6870180554591102,0.0,0.0,0.0,0.0,0.0,0.7266403453381755,0.0
1,1,0.0,13,2,0,0,0.0,1,0,0,0,0,0,0.0,0.0,0.6870180554591102,0.0,0.0,0.0,0.0,0.0,0.7266403453381755,0.0
1,1,0.0,1,1,0,0,0.0,1,0,0,0,0,0,0.0,0.0,0.6870180554591102,0.0,0.0,0.0,0.0,0.0,0.7266403453381755,0.0
1,1,0.0,2,0,0,0,0.0,1,0,0,0,0,0,0.0,0.0,0.6870180554591102,0.0,0.0,0.0,0.0,0.0,0.7266403453381755,0.0
1,1,0.0,1,0,0,0,0.0,1,0,0,0,0,0,0.0,0.0,0.6870180554591102,0.0,0.0,0.0,0.0,0.0,0.7266403453381755,0.0
1,1,0.0,3,0,0,0,0.0,1,0,0,0,0,0,0.0,0.0,0.6870180554591102,0.0,0.0,0.0,0.0,0.0,0.7266403453381755,0.0
0,1,0.0,3,1,0,0,0.0,1,0,0,0,0,1,0.0,0.0,0.0,0.0,0.0,0.0,0.0,0.0,0.0,0.0
0,1,0.0,1,1,0,0,0.0,1,0,0,0,0,0,0.0,0.0,0.0,0.0,0.0,0.6614647697683763,0.0,0.0,0.7499762385271077,0.0
0,1,0.0,2,2,0,0,0.0,1,0,0,0,0,0,0.0,0.0,0.4902565218555369,0.5085628019388129,0.5185310131439518,0.0,0.4818070232677832,0.0,0.0,0.0
0,1,0.0,2,2,0,0,0.0,1,0,0,0,0,0,0.0,0.3408191486183217,0.32979864855721314,0.3421133984125007,0.34881907684293756,0.0,0.648229235330443,0.3408191486183217,0.0,0.0
0,1,0.0,1,1,0,0,0.0,1,0,0,0,0,0,0.0,0.0,0.0,0.0,0.0,0.0,0.0,0.0,0.0,0.0
1,2,0.4284149013878744,46,28,0,0,0.0,1,0,0,0,0,0,0.0,0.0,0.0,0.0,0.0,0.0,1.0,0.0,0.0,0.0
0,1,0.0,1,1,0,0,0.0,1,0,0,0,1,0,0.0,0.0,0.0,0.0,0.0,0.0,0.0,0.0,0.0,0.0
0,1,0.0,31,0,0,0,0.0,1,0,0,0,0,0,0.7628630347517458,0.0,0.0,0.0,0.0,0.0,0.6465601211096743,0.0,0.0,0.0
0,1,0.0,1,1,0,0,0.0,1,0,0,0,0,0,0.0,0.0,0.0,0.0,0.0,0.0,1.0,0.0,0.0,0.0
1,1,0.0,11,4,1,0,0.0,1,0,0,0,0,0,0.0,0.0,0.0,0.0,0.0,0.0,0.0,0.0,0.0,0.0
1,1,0.0,1,1,0,0,0.0,1,0,0,0,0,0,0.0,0.0,0.0,0.0,0.0,0.0,0.0,0.0,0.0,0.0
8,19,0.9216942148760331,165,55,0,0,0.0,1,0,0,0,0,0,0.0,0.0,0.0,0.0,0.0,0.0,0.0,0.0,0.0,1.0
0,1,0.0,0,5,0,0,0.0,1,0,0,0,0,0,0.0,0.0,0.0,0.0,0.0,0.0,0.0,0.0,0.0,0.0
0,1,0.0,3,1,0,0,0.0,1,0,0,0,0,0,0.0,0.0,0.0,0.0,0.0,0.6614647697683763,0.0,0.0,0.7499762385271077,0.0
1,1,0.0,1,1,0,0,0.0,1,0,0,0,0,0,0.0,0.0,1.0,0.0,0.0,0.0,0.0,0.0,0.0,0.0
0,1,0.0,19,9,0,0,0.0,1,0,0,0,0,0,0.0,0.0,0.0,0.0,0.0,0.0,1.0,0.0,0.0,0.0
1,2,0.054012345679012475,32,4,0,0,0.0,1,0,0,0,0,0,0.0,0.0,0.0,0.0,0.0,0.0,0.0,0.0,0.0,0.0
1,1,0.0,11,11,0,0,0.0,1,0,0,0,0,0,0.0,0.0,0.0,0.0,0.0,0.0,0.0,0.0,1.0,0.0
1,1,0.0,1,2,0,0,0.0,1,0,0,0,0,0,0.0,0.0,0.0,0.0,0.0,0.0,0.0,0.0,1.0,0.0
1,1,0.0,1,1,1,0,0.0,1,0,0,0,0,0,0.0,0.0,0.0,0.0,0.0,0.0,0.0,0.0,0.0,0.0
0,1,0.0,6,5,0,0,0.0,1,0,0,0,0,0,0.0,0.7071067811865476,0.0,0.0,0.0,0.0,0.0,0.7071067811865476,0.0,0.0
1,1,0.0,8,3,0,0,0.0,1,0,0,0,0,0,0.0,0.0,0.0,0.0,0.0,0.0,0.0,0.0,1.0,0.0
1,1,0.0,21,4,0,0,0.0,1,0,0,0,0,0,0.0,0.0,0.0,0.0,0.0,0.0,0.0,0.0,1.0,0.0
1,1,0.0,20,0,0,0,0.0,1,0,0,0,0,0,0.0,0.0,0.0,0.0,0.0,0.0,0.0,0.0,0.0,0.0
1,1,0.0,3,3,0,0,0.0,1,0,0,0,0,0,0.0,0.7071067811865476,0.0,0.0,0.0,0.0,0.0,0.7071067811865476,0.0,0.0
0,1,0.0,0,11,0,0,0.0,1,0,0,0,0,0,0.0,0.0,0.0,0.0,0.0,0.0,0.0,0.0,0.0,0.0
1,1,0.0,3,3,0,0,0.0,1,0,0,0,0,0,0.0,0.0,0.6870180554591102,0.0,0.0,0.0,0.0,0.0,0.7266403453381755,0.0
0,1,0.0,38,38,0,0,0.0,1,0,0,0,0,0,0.0,0.0,0.0,0.0,0.0,0.0,0.0,0.0,0.0,0.0
0,1,0.0,30,16,0,0,0.0,1,0,0,0,1,0,0.0,0.0,0.6940304280725786,0.719945668025993,0.0,0.0,0.0,0.0,0.0,0.0
1,1,0.0,5,3,0,0,0.0,1,0,0,0,0,0,0.0,0.0,0.6870180554591102,0.0,0.0,0.0,0.0,0.0,0.7266403453381755,0.0
0,1,0.0,1,1,0,0,0.0,1,0,0,0,0,0,0.0,0.0,0.0,0.0,0.0,0.6614647697683763,0.0,0.0,0.7499762385271077,0.0
1,1,0.0,12,0,0,0,0.0,1,0,0,0,0,0,0.0,0.0,0.6870180554591102,0.0,0.0,0.0,0.0,0.0,0.7266403453381755,0.0
1,1,0.0,1,1,0,0,0.0,1,0,0,0,0,0,0.0,0.0,0.6870180554591102,0.0,0.0,0.0,0.0,0.0,0.7266403453381755,0.0
1,1,0.0,1,0,0,0,0.0,1,0,0,0,0,0,0.0,0.0,0.6870180554591102,0.0,0.0,0.0,0.0,0.0,0.7266403453381755,0.0
1,1,0.0,5,2,0,0,0.0,1,0,0,0,0,0,0.0,0.0,0.6870180554591102,0.0,0.0,0.0,0.0,0.0,0.7266403453381755,0.0
1,1,0.0,26,0,0,0,0.0,1,0,0,0,0,0,0.0,0.0,1.0,0.0,0.0,0.0,0.0,0.0,0.0,0.0
0,1,0.0,17,17,0,0,0.0,1,0,0,0,1,0,0.0,0.0,0.0,0.0,0.0,0.0,0.0,0.0,0.0,0.0
0,1,0.0,1,1,0,0,0.0,1,0,0,0,1,0,0.0,0.0,0.0,1.0,0.0,0.0,0.0,0.0,0.0,0.0
0,1,0.0,1,1,0,0,0.0,1,0,0,0,0,0,0.0,0.0,0.0,0.0,0.0,0.6614647697683763,0.0,0.0,0.7499762385271077,0.0
0,1,0.0,2,2,0,0,0.0,1,0,0,0,0,0,0.0,0.0,0.0,0.0,0.0,0.6614647697683763,0.0,0.0,0.7499762385271077,0.0
0,1,0.0,19,7,0,0,0.0,1,0,0,0,0,0,0.0,0.0,0.0,0.0,0.0,0.0,0.0,0.0,1.0,0.0
0,1,0.0,4,2,0,0,0.0,1,0,0,0,0,0,0.0,0.0,0.0,0.0,0.0,0.6614647697683763,0.0,0.0,0.7499762385271077,0.0
0,1,0.0,3,0,0,0,0.0,1,0,0,0,0,0,0.0,0.0,0.0,0.0,0.0,0.6614647697683763,0.0,0.0,0.7499762385271077,0.0
0,1,0.0,2,2,0,0,0.0,1,0,0,0,0,0,0.0,0.0,0.4902565218555369,0.5085628019388129,0.5185310131439518,0.0,0.4818070232677832,0.0,0.0,0.0
0,1,0.0,2,2,0,0,0.0,1,0,0,0,0,0,0.0,0.3408191486183217,0.32979864855721314,0.3421133984125007,0.34881907684293756,0.0,0.648229235330443,0.3408191486183217,0.0,0.0
1,1,0.0,1,0,0,0,0.0,1,0,0,0,0,0,0.0,0.0,0.0,0.0,0.0,0.0,0.0,0.0,0.0,0.0
1,1,0.0,3,0,0,0,0.0,1,0,0,0,0,0,1.0,0.0,0.0,0.0,0.0,0.0,0.0,0.0,0.0,0.0
2,2,0.4444444444444444,2,1,0,0,0.0,1,0,0,0,0,0,0.0,0.0,0.0,0.0,0.0,0.0,0.0,0.0,0.0,0.0
3,6,0.7357049375371802,184,21,1,0,0.0,1,0,0,0,0,0,0.0,0.0,0.0,0.0,0.0,0.0,0.0,0.0,0.0,0.0
0,1,0.0,1,1,0,0,0.0,1,0,0,0,0,0,0.0,0.0,0.0,0.0,0.0,0.6614647697683763,0.0,0.0,0.7499762385271077,0.0
0,1,0.0,2,2,0,0,0.0,1,0,0,0,0,0,0.0,0.0,0.4902565218555369,0.5085628019388129,0.5185310131439518,0.0,0.4818070232677832,0.0,0.0,0.0
0,1,0.0,2,2,0,0,0.0,1,0,0,0,0,0,0.0,0.3408191486183217,0.32979864855721314,0.3421133984125007,0.34881907684293756,0.0,0.648229235330443,0.3408191486183217,0.0,0.0
0,1,0.0,1,1,0,0,0.0,1,0,0,0,1,0,0.0,0.0,0.0,1.0,0.0,0.0,0.0,0.0,0.0,0.0
0,1,0.0,10,11,0,0,0.0,1,0,0,0,1,0,0.0,0.0,0.0,1.0,0.0,0.0,0.0,0.0,0.0,0.0
0,1,0.0,1,1,0,0,0.0,1,0,0,0,1,0,0.0,0.0,0.0,0.0,0.0,0.0,0.0,0.0,0.0,0.0
0,1,0.0,1,1,0,0,0.0,1,0,0,0,0,0,0.0,0.0,0.0,0.0,0.0,0.0,0.0,0.0,0.0,0.0
0,1,0.0,15,2,0,0,0.0,1,0,0,0,0,0,0.7452882423358747,0.0,0.0,0.6667424059079359,0.0,0.0,0.0,0.0,0.0,0.0
0,1,0.0,1,1,0,0,0.0,1,0,0,0,0,0,0.0,0.0,0.0,0.0,0.0,0.0,1.0,0.0,0.0,0.0
1,2,0.5,2,2,1,0,0.0,1,0,0,0,0,0,0.0,0.0,0.0,0.0,0.0,0.0,0.0,0.0,0.0,0.0
1,2,0.3046875,20,12,0,0,0.0,1,0,0,0,0,0,0.0,0.0,0.0,0.0,0.0,0.0,0.0,0.0,0.0,0.0
1,2,0.49382716049382713,7,11,1,0,0.0,1,0,0,0,0,0,0.0,0.0,0.0,0.0,0.0,0.0,0.0,0.0,0.0,0.0
0,1,0.0,4,0,0,0,0.0,1,0,0,0,0,0,0.0,0.0,0.0,0.0,0.0,0.6614647697683763,0.0,0.0,0.7499762385271077,0.0
1,1,0.0,1,1,0,0,0.0,1,0,0,0,0,0,0.0,0.0,0.0,0.0,0.0,0.0,0.0,0.0,0.0,0.0
2,2,0.5,2,2,1,0,0.0,1,0,0,0,0,0,0.0,0.0,0.0,0.0,0.0,0.0,0.0,0.0,0.0,0.0
0,1,0.0,5,5,0,0,0.0,1,0,0,0,0,0,0.0,0.0,0.0,0.0,0.0,0.6614647697683763,0.0,0.0,0.7499762385271077,0.0
0,1,0.0,1,1,0,0,0.0,1,0,0,0,0,0,0.0,0.0,0.0,0.0,0.0,0.6614647697683763,0.0,0.0,0.7499762385271077,0.0
0,1,0.0,13,0,0,0,0.0,1,0,0,0,0,0,0.0,0.0,0.0,0.0,0.0,0.6614647697683763,0.0,0.0,0.7499762385271077,0.0
0,1,0.0,11,4,1,0,0.0,1,0,0,0,0,0,0.0,0.0,0.0,0.0,0.0,0.0,0.0,0.0,0.0,0.0
2,3,0.6275992438563327,14,9,0,0,0.0,1,0,0,0,0,0,0.0,0.0,0.0,0.0,0.0,0.0,0.0,0.0,0.0,0.0
1,2,0.48918685121107264,68,0,0,0,0.0,1,0,0,0,0,0,0.0,0.0,0.0,0.0,0.0,0.0,0.0,0.0,0.0,0.0
0,1,0.0,0,2,0,0,0.0,1,0,0,0,0,0,0.0,0.0,0.0,0.0,0.0,0.0,0.0,0.0,0.0,0.0
1,1,0.0,1,0,0,0,0.0,1,0,0,0,0,0,0.0,0.0,0.0,0.0,0.0,0.0,0.0,0.0,0.0,0.0
0,1,0.0,2,0,0,0,0.0,1,0,0,0,0,0,0.0,0.0,0.0,0.0,0.0,0.0,0.0,0.0,0.0,0.0
1,1,0.0,1,1,1,0,0.0,1,0,0,0,0,0,0.0,0.0,0.0,0.0,0.0,0.0,0.0,0.0,0.0,0.0
2,2,0.07535563244905807,50,1,0,0,0.0,1,0,0,0,0,0,1.0,0.0,0.0,0.0,0.0,0.0,0.0,0.0,0.0,0.0
1,5,0.6700136521777426,201,60,0,0,0.0,1,0,0,0,0,0,1.0,0.0,0.0,0.0,0.0,0.0,0.0,0.0,0.0,0.0
1,1,0.0,1,1,1,0,0.0,1,0,0,0,0,0,0.0,0.0,0.0,0.0,0.0,0.0,0.0,0.0,0.0,0.0
2,5,0.30091927607009483,104,14,0,0,0.0,1,0,0,0,0,0,0.0,0.0,0.0,0.0,0.0,0.0,0.0,0.0,0.0,0.0
1,2,0.22684310018903586,17,6,1,0,0.0,1,0,0,0,0,0,0.0,0.0,0.0,0.0,0.0,0.0,0.0,0.0,0.0,0.0
1,2,0.1527777777777779,46,2,0,0,0.0,1,0,0,0,0,0,0.0,0.0,0.0,0.0,0.0,0.0,0.0,0.0,0.0,0.0
4,5,0.6419753086419753,9,0,0,0,0.0,1,0,0,0,0,0,0.0,0.0,0.0,0.0,0.0,0.0,0.0,0.0,0.0,0.0
1,2,0.1225477022305832,52,9,0,0,0.0,1,0,0,0,0,0,1.0,0.0,0.0,0.0,0.0,0.0,0.0,0.0,0.0,0.0
1,1,0.0,2,0,0,0,0.0,1,0,0,0,0,0,0.0,0.0,0.0,0.0,0.0,0.0,0.0,0.0,0.0,0.0
1,1,0.0,3,0,0,0,0.0,1,0,0,0,0,0,1.0,0.0,0.0,0.0,0.0,0.0,0.0,0.0,0.0,0.0
1,2,0.3708680462241334,122,0,0,0,0.0,1,0,0,0,0,0,0.0,0.0,0.0,0.0,0.0,0.0,0.0,0.0,0.0,0.0
3,3,0.40625,8,8,0,0,0.0,1,0,0,0,0,0,0.0,0.0,0.0,0.0,0.0,0.0,0.0,0.0,0.0,0.0
2,4,0.67375,24,16,1,0,0.0,1,0,0,0,0,0,0.0,0.0,0.0,0.0,0.0,0.0,0.0,0.0,0.0,0.0
1,1,0.0,1,1,1,0,0.0,1,0,0,0,0,0,0.0,0.0,0.0,0.0,0.0,0.0,0.0,0.0,0.0,0.0
0,2,0.375,4,4,0,0,0.0,1,0,0,0,0,0,0.0,0.0,0.0,0.0,0.0,0.0,0.0,0.0,0.0,1.0
1,1,0.0,2,5,1,0,0.0,1,0,0,0,0,0,0.0,0.0,0.0,0.0,0.0,0.0,0.0,0.0,0.0,0.0
0,1,0.0,3,0,0,0,0.0,1,0,0,0,0,0,0.0,0.7071067811865476,0.0,0.0,0.0,0.0,0.0,0.7071067811865476,0.0,0.0
2,3,0.5546875,31,1,0,0,0.0,1,0,0,0,0,0,1.0,0.0,0.0,0.0,0.0,0.0,0.0,0.0,0.0,0.0
0,1,0.0,1,1,0,0,0.0,1,0,0,0,0,1,0.0,0.0,0.0,0.0,0.0,0.6614647697683763,0.0,0.0,0.7499762385271077,0.0
0,1,0.0,3,0,0,0,0.0,1,0,0,0,0,0,0.0,0.0,0.0,0.0,0.0,0.6614647697683763,0.0,0.0,0.7499762385271077,0.0
0,1,0.0,1,1,0,0,0.0,1,0,0,0,0,0,0.0,0.0,0.4902565218555369,0.5085628019388129,0.5185310131439518,0.0,0.4818070232677832,0.0,0.0,0.0
0,1,0.0,1,1,0,0,0.0,1,0,0,0,0,0,0.0,0.3408191486183217,0.32979864855721314,0.3421133984125007,0.34881907684293756,0.0,0.648229235330443,0.3408191486183217,0.0,0.0
1,2,0.48979591836734704,5,2,1,0,0.0,1,0,0,0,0,0,0.0,0.0,0.0,0.0,0.0,0.0,0.0,0.0,0.0,0.0
0,1,0.0,3,0,0,0,0.0,1,0,0,0,1,0,1.0,0.0,0.0,0.0,0.0,0.0,0.0,0.0,0.0,0.0
0,1,0.0,8,8,0,0,0.0,1,0,0,0,0,0,0.0,0.0,0.0,0.0,0.0,0.0,0.0,0.0,0.0,0.0
1,1,0.0,16,16,0,0,0.0,1,0,0,0,0,0,0.0,0.0,0.0,0.0,0.0,0.0,0.0,0.0,0.0,0.0
1,1,0.0,32,0,0,0,0.0,1,0,0,0,0,0,1.0,0.0,0.0,0.0,0.0,0.0,0.0,0.0,0.0,0.0
2,2,0.22476586888657657,28,3,0,0,0.0,1,0,0,0,0,0,0.0,0.0,0.0,0.0,0.0,0.0,0.0,0.0,0.0,0.0
2,2,0.2777777777777777,6,6,0,0,0.0,1,0,0,0,0,0,0.0,0.0,0.0,0.0,0.0,0.0,0.0,0.0,0.0,0.0
1,3,0.37603305785123975,20,2,0,0,0.0,1,0,0,0,0,0,0.0,0.0,0.0,0.0,0.0,0.0,0.0,0.0,0.0,0.0
1,1,0.0,18,0,0,0,0.0,1,0,0,0,0,0,0.0,0.0,0.0,0.0,0.0,0.0,0.0,0.0,0.0,0.0
1,1,0.0,6,2,0,0,0.0,1,0,0,0,0,0,0.0,0.0,0.0,0.0,0.0,0.0,0.0,0.0,0.0,0.0
1,1,0.0,6,6,0,0,0.0,1,0,0,0,0,0,0.0,0.0,0.0,0.0,0.0,0.0,0.0,0.0,0.0,0.0
1,1,0.0,0,33,0,0,0.0,1,0,0,0,0,0,0.0,0.0,0.0,0.0,0.0,0.0,0.0,0.0,0.0,0.0
1,2,0.09153106508875752,80,24,1,0,0.0,1,0,0,0,0,0,0.0,0.0,0.0,0.0,0.0,0.0,0.0,0.0,0.0,0.0
0,1,0.0,1,1,0,0,0.0,1,0,0,0,0,1,0.0,0.0,0.0,0.0,0.0,0.6614647697683763,0.0,0.0,0.7499762385271077,0.0
3,5,0.6427751565656266,100,1133,0,0,0.0,1,0,0,0,0,0,0.0,0.0,0.0,0.0,0.0,0.0,0.0,0.0,0.0,1.0
0,1,0.0,3,0,0,0,0.0,1,0,0,0,0,1,0.0,0.0,0.0,0.0,0.0,0.6491907155332413,0.0,0.0,0.0,0.7606256732884044
0,1,0.0,1,1,0,0,0.0,1,0,0,0,0,0,0.0,0.0,0.4902565218555369,0.5085628019388129,0.5185310131439518,0.0,0.4818070232677832,0.0,0.0,0.0
0,1,0.0,1,1,0,0,0.0,1,0,0,0,0,0,0.0,0.3408191486183217,0.32979864855721314,0.3421133984125007,0.34881907684293756,0.0,0.648229235330443,0.3408191486183217,0.0,0.0
1,1,0.0,1,1,0,0,0.0,1,0,0,0,0,0,0.0,0.0,0.0,0.0,0.0,0.0,0.0,0.0,0.0,0.0
1,1,0.0,1,1,0,0,0.0,1,0,0,0,0,0,0.0,0.0,0.0,0.0,0.0,0.0,0.0,0.0,0.0,0.0
1,3,0.5843412009164046,20,254,0,0,0.0,1,0,0,0,0,0,0.0,0.0,0.0,0.0,0.0,0.0,0.0,0.0,0.0,0.0
0,1,0.0,1,1,0,0,0.0,1,0,0,0,0,1,0.0,0.0,0.0,0.0,0.0,0.6491907155332413,0.0,0.0,0.0,0.7606256732884044
1,1,0.0,0,0,0,0,0.0,1,0,0,0,0,0,0.0,0.0,0.0,0.0,0.0,0.0,0.0,0.0,0.0,0.0
1,1,0.0,0,0,0,0,0.0,1,0,0,0,0,0,1.0,0.0,0.0,0.0,0.0,0.0,0.0,0.0,0.0,0.0
0,1,0.0,1,0,0,0,0.0,1,0,0,0,0,1,0.0,0.0,0.0,0.0,0.0,0.6491907155332413,0.0,0.0,0.0,0.7606256732884044
0,1,0.0,1,1,0,0,0.0,1,0,0,0,0,0,0.0,0.0,0.4902565218555369,0.5085628019388129,0.5185310131439518,0.0,0.4818070232677832,0.0,0.0,0.0
0,1,0.0,1,1,0,0,0.0,1,0,0,0,0,0,0.0,0.3408191486183217,0.32979864855721314,0.3421133984125007,0.34881907684293756,0.0,0.648229235330443,0.3408191486183217,0.0,0.0
0,1,0.0,3,1,0,0,0.0,1,0,0,0,0,1,0.0,0.0,0.0,0.0,0.0,0.6491907155332413,0.0,0.0,0.0,0.7606256732884044
0,1,0.0,1,0,0,0,0.0,1,0,0,0,0,1,0.0,0.0,0.0,0.0,0.0,0.6491907155332413,0.0,0.0,0.0,0.7606256732884044
0,1,0.0,3,2,0,0,0.0,1,0,0,0,0,1,0.0,0.0,0.0,0.0,0.0,0.6491907155332413,0.0,0.0,0.0,0.7606256732884044
0,1,0.0,9,10,0,0,0.0,1,0,0,0,0,1,0.0,0.0,0.0,0.0,0.0,0.6491907155332413,0.0,0.0,0.0,0.7606256732884044
1,1,0.0,27,0,0,0,0.0,1,0,0,0,0,0,1.0,0.0,0.0,0.0,0.0,0.0,0.0,0.0,0.0,0.0
1,1,0.0,9,1,0,0,0.0,1,0,0,0,0,0,1.0,0.0,0.0,0.0,0.0,0.0,0.0,0.0,0.0,0.0
2,2,0.31999999999999984,6,4,0,0,0.0,1,0,0,0,0,0,0.0,0.0,0.0,0.0,0.0,0.0,0.0,0.0,0.0,1.0
0,1,0.0,4,0,0,0,0.0,1,0,0,0,0,0,0.0,0.7071067811865476,0.0,0.0,0.0,0.0,0.0,0.7071067811865476,0.0,0.0
1,1,0.0,62,0,0,0,0.0,1,0,0,0,0,0,0.7465424266415343,0.0,0.0,0.0,0.0,0.0,0.0,0.6653378128621352,0.0,0.0
0,1,0.0,4,0,0,0,0.0,1,0,0,0,0,1,0.0,0.0,0.0,0.0,0.0,0.6491907155332413,0.0,0.0,0.0,0.7606256732884044
0,1,0.0,1,1,0,0,0.0,1,0,0,0,0,0,0.0,0.0,0.4902565218555369,0.5085628019388129,0.5185310131439518,0.0,0.4818070232677832,0.0,0.0,0.0
0,1,0.0,1,1,0,0,0.0,1,0,0,0,0,0,0.0,0.3408191486183217,0.32979864855721314,0.3421133984125007,0.34881907684293756,0.0,0.648229235330443,0.3408191486183217,0.0,0.0
1,1,0.0,0,1,0,0,0.0,1,0,0,0,0,0,0.0,0.0,0.0,0.0,0.0,0.0,0.0,0.0,0.0,0.0
1,2,0.1527777777777779,23,13,1,0,0.0,1,0,0,0,0,0,0.0,0.0,0.0,0.0,0.0,0.0,0.0,0.0,0.0,0.0
0,1,0.0,4,4,0,0,0.0,1,0,0,0,0,0,0.0,0.7071067811865476,0.0,0.0,0.0,0.0,0.0,0.7071067811865476,0.0,0.0
1,1,0.0,1,1,0,0,0.0,1,0,0,0,0,0,0.0,0.0,0.0,0.0,0.0,0.0,1.0,0.0,0.0,0.0
0,1,0.0,1,1,0,0,0.0,1,0,0,0,0,1,0.0,0.0,0.0,0.0,0.0,0.6491907155332413,0.0,0.0,0.0,0.7606256732884044
0,1,0.0,2,2,0,0,0.0,1,0,0,0,0,1,0.0,0.0,0.0,0.0,0.0,0.6491907155332413,0.0,0.0,0.0,0.7606256732884044
0,1,0.0,1,1,0,0,0.0,1,0,0,0,0,1,0.0,0.0,0.0,0.0,0.0,0.6491907155332413,0.0,0.0,0.0,0.7606256732884044
0,1,0.0,1,1,0,0,0.0,1,0,0,0,0,1,0.0,0.0,0.0,0.0,0.0,0.6491907155332413,0.0,0.0,0.0,0.7606256732884044
1,1,0.0,0,0,0,0,0.0,1,0,0,0,0,0,0.0,0.0,0.0,0.0,0.0,0.0,0.0,0.0,0.0,0.0
1,1,0.0,0,0,1,0,0.0,1,0,0,0,0,0,0.0,0.0,0.0,0.0,0.0,0.0,0.0,0.0,0.0,0.0
0,1,0.0,2,2,0,0,0.0,1,0,0,0,0,1,0.0,0.0,0.0,0.0,0.0,0.6491907155332413,0.0,0.0,0.0,0.7606256732884044
0,1,0.0,12,1,0,0,0.0,1,0,0,0,0,0,0.0,0.7071067811865476,0.0,0.0,0.0,0.0,0.0,0.7071067811865476,0.0,0.0
1,1,0.0,0,13,0,0,0.0,1,0,0,0,0,0,0.0,0.0,0.0,0.0,0.0,0.0,0.0,0.0,0.0,0.0
0,1,0.0,12,1,0,0,0.0,1,0,0,0,0,1,0.0,0.0,0.0,0.0,0.0,0.6491907155332413,0.0,0.0,0.0,0.7606256732884044
2,6,0.05947074132288899,194,3,0,0,0.0,1,0,0,0,0,0,1.0,0.0,0.0,0.0,0.0,0.0,0.0,0.0,0.0,0.0
1,2,0.4012345679012346,18,0,0,0,0.0,1,0,0,0,0,0,0.0,0.0,0.0,0.0,0.0,0.0,0.0,0.0,0.0,0.0
2,3,0.5493827160493827,16,2,0,0,0.0,1,0,0,0,0,0,0.0,0.0,0.0,0.0,0.0,0.0,0.0,0.0,0.0,0.0
1,1,0.0,21,1,0,0,0.0,1,0,0,0,0,0,0.0,0.0,0.0,0.0,0.0,0.0,0.0,0.0,0.0,0.0
1,2,0.5,62,0,0,0,0.0,1,0,0,0,0,0,0.0,0.0,0.0,0.0,0.0,0.0,0.0,0.0,0.0,0.0
1,2,0.2777777777777777,20,4,0,0,0.0,1,0,0,0,0,0,1.0,0.0,0.0,0.0,0.0,0.0,0.0,0.0,0.0,0.0
1,1,0.0,78,0,0,0,0.0,1,0,0,0,0,0,0.0,0.0,0.0,0.0,0.0,0.0,0.0,0.0,0.0,0.0
0,1,0.0,1,1,0,0,0.0,1,0,0,0,0,0,0.0,0.0,0.4902565218555369,0.5085628019388129,0.5185310131439518,0.0,0.4818070232677832,0.0,0.0,0.0
0,1,0.0,2,3,0,0,0.0,1,0,0,0,0,0,0.0,0.3408191486183217,0.32979864855721314,0.3421133984125007,0.34881907684293756,0.0,0.648229235330443,0.3408191486183217,0.0,0.0
1,1,0.0,0,0,0,0,0.0,1,0,0,0,0,0,0.0,0.0,0.0,0.0,0.0,0.0,0.0,0.0,0.0,0.0
4,11,0.6729042164144906,15097,46,0,0,0.0,1,0,0,0,0,0,0.0,0.0,0.0,0.0,0.0,0.0,0.0,0.0,0.0,0.0
0,1,0.0,4,0,0,0,0.0,1,0,0,0,0,1,0.0,0.0,0.0,0.0,0.0,0.6491907155332413,0.0,0.0,0.0,0.7606256732884044
1,2,0.39669421487603307,29,15,1,0,0.0,1,0,0,0,0,0,0.0,0.0,0.0,0.0,0.0,0.0,0.0,0.0,0.0,0.0
1,3,0.5,6,0,1,0,0.0,1,0,0,0,0,0,1.0,0.0,0.0,0.0,0.0,0.0,0.0,0.0,0.0,0.0
1,1,0.0,1,0,1,0,0.0,1,0,0,0,0,0,0.0,0.0,0.0,0.0,0.0,0.0,0.0,0.0,0.0,0.0
0,1,0.0,8,0,0,0,0.0,1,0,0,0,0,0,0.0,0.7071067811865476,0.0,0.0,0.0,0.0,0.0,0.7071067811865476,0.0,0.0
1,2,0.48,3,2,0,0,0.0,1,0,0,0,0,0,0.0,0.0,0.0,0.0,0.0,0.0,0.0,0.0,0.0,0.0
0,1,0.0,1,0,0,0,0.0,1,0,0,0,0,1,0.0,0.0,0.0,0.0,0.0,0.6491907155332413,0.0,0.0,0.0,0.7606256732884044
0,1,0.0,1,1,0,0,0.0,1,0,0,0,0,1,0.0,0.0,0.0,0.0,0.0,0.6491907155332413,0.0,0.0,0.0,0.7606256732884044
0,1,0.0,7,0,0,0,0.0,1,0,0,0,0,1,0.0,0.0,0.0,0.0,0.0,0.6491907155332413,0.0,0.0,0.0,0.7606256732884044
0,1,0.0,1,1,0,0,0.0,1,0,0,0,0,0,0.0,0.0,0.4902565218555369,0.5085628019388129,0.5185310131439518,0.0,0.4818070232677832,0.0,0.0,0.0
0,1,0.0,1,1,0,0,0.0,1,0,0,0,0,0,0.0,0.3408191486183217,0.32979864855721314,0.3421133984125007,0.34881907684293756,0.0,0.648229235330443,0.3408191486183217,0.0,0.0
1,2,0.15879017013232533,44,2,0,0,0.0,1,0,0,0,0,0,0.0,0.0,0.0,0.0,0.0,0.0,1.0,0.0,0.0,0.0
1,14,0.8577850346478548,3378,290,0,0,0.0,1,0,0,0,0,0,0.0,0.0,0.0,0.0,0.0,0.0,0.0,0.0,0.0,0.0
4,7,0.6064209274673008,102,14,0,0,0.0,1,0,0,0,0,0,0.0,0.0,0.0,0.0,0.0,0.0,0.0,0.0,0.0,0.0
1,1,0.0,9,14,0,0,0.0,1,0,0,0,0,0,0.0,0.0,0.0,0.0,0.0,0.0,0.0,0.0,0.0,0.0
2,3,0.6652303272801888,134,37,0,0,0.0,1,0,0,0,0,0,0.0,0.0,0.0,0.0,0.0,0.0,0.0,0.0,0.0,0.0
1,3,0.3515625000000001,46,2,0,0,0.0,1,0,0,0,0,0,1.0,0.0,0.0,0.0,0.0,0.0,0.0,0.0,0.0,0.0
1,1,0.0,91,0,1,0,0.0,1,0,0,0,0,0,0.0,0.0,0.0,0.0,0.0,0.0,0.0,1.0,0.0,0.0
1,1,0.0,28,5,0,0,0.0,1,0,0,0,0,0,0.0,0.0,0.0,0.0,0.0,0.0,0.0,0.0,0.0,0.0
1,1,0.0,5,0,0,0,0.0,1,0,1,0,0,0,0.0,0.0,0.0,0.0,0.0,0.0,0.0,0.0,0.0,0.0
1,1,0.0,21,19,0,0,0.0,1,0,0,0,0,0,0.0,0.0,0.0,0.0,0.0,0.0,0.0,0.0,0.0,0.0
0,1,0.0,3,0,0,0,0.0,1,0,0,0,0,1,0.0,0.0,0.0,0.0,0.0,0.6491907155332413,0.0,0.0,0.0,0.7606256732884044
0,1,0.0,1,1,0,0,0.0,1,0,0,0,0,0,0.0,0.0,0.4902565218555369,0.5085628019388129,0.5185310131439518,0.0,0.4818070232677832,0.0,0.0,0.0
0,1,0.0,2,3,0,0,0.0,1,0,0,0,0,0,0.0,0.3408191486183217,0.32979864855721314,0.3421133984125007,0.34881907684293756,0.0,0.648229235330443,0.3408191486183217,0.0,0.0
2,2,0.21875,16,0,0,0,0.0,1,0,0,0,0,0,0.0,0.0,0.0,0.0,0.0,0.0,0.0,0.0,0.0,0.0
1,1,0.0,47,0,0,0,0.0,1,0,0,0,0,0,0.0,0.0,0.0,0.0,0.0,0.0,0.0,0.0,0.0,0.0
3,3,0.5599999999999999,5,5,0,0,0.0,1,0,0,0,0,0,0.0,0.0,0.0,0.0,0.0,0.0,0.0,0.0,0.0,0.0
3,6,0.7748724489795918,39,17,0,0,0.0,1,0,0,0,0,0,0.0,0.0,0.0,0.0,0.0,0.0,0.0,0.0,0.0,0.0
2,3,0.5626346568174824,43,14,0,0,0.0,1,0,0,0,0,0,0.0,0.0,0.0,0.0,0.0,0.0,0.0,0.0,0.0,0.0
0,1,0.0,1,1,0,0,0.0,1,0,0,0,0,0,0.0,0.7071067811865476,0.0,0.0,0.0,0.0,0.0,0.7071067811865476,0.0,0.0
0,1,0.0,5,0,0,0,0.0,1,0,0,0,0,0,0.0,0.0,0.0,0.0,0.0,0.0,0.0,0.0,0.0,0.0
0,1,0.0,1,1,0,0,0.0,1,0,0,0,0,1,0.0,0.0,0.0,0.0,0.0,0.6491907155332413,0.0,0.0,0.0,0.7606256732884044
0,1,0.0,1,1,0,0,0.0,1,0,0,0,0,1,0.0,0.0,0.0,0.0,0.0,0.6491907155332413,0.0,0.0,0.0,0.7606256732884044
8,19,0.8458911337215128,2124,2025,1,0,0.0,1,0,0,1,0,0,0.0,0.0,0.0,0.0,0.0,0.0,0.0,0.0,0.0,0.0
6,13,0.8529501998202639,2130,2206,0,0,0.0,1,0,0,0,0,0,0.0,0.0,0.0,0.0,0.0,0.0,0.0,0.0,0.0,0.0
6,13,0.8529501998202639,2130,2206,0,0,0.0,1,0,0,0,0,0,0.0,0.0,0.0,0.0,0.0,0.0,0.0,0.0,0.0,0.0
1,2,0.15809911242603558,53,51,0,0,0.0,1,0,0,0,0,0,0.0,1.0,0.0,0.0,0.0,0.0,0.0,0.0,0.0,0.0
1,2,0.15809911242603558,53,51,0,0,0.0,1,0,0,0,0,0,0.0,0.0,0.0,0.0,0.0,0.0,0.0,0.0,0.0,0.0
1,5,0.6867000000000001,145,55,0,0,0.0,1,0,0,0,0,0,0.0,1.0,0.0,0.0,0.0,0.0,0.0,0.0,0.0,0.0
1,4,0.5636396570462505,94,88,0,0,0.0,1,0,0,0,0,0,0.0,0.0,0.0,0.0,0.0,0.0,0.0,0.0,0.0,0.0
1,4,0.5607363611932277,103,19,0,0,0.0,1,0,0,0,0,0,0.0,0.0,0.0,0.0,0.0,0.0,0.0,0.0,0.0,0.0
1,1,0.0,130,130,0,0,0.0,1,0,0,0,0,0,0.0,0.0,0.0,0.0,0.0,0.0,0.0,0.0,0.0,0.0
1,1,0.0,7,7,1,0,0.0,1,0,0,0,0,0,0.0,0.0,0.0,0.0,0.0,0.0,0.0,0.0,0.0,0.0
1,1,0.0,9,0,0,0,0.0,1,0,0,0,0,0,0.0,0.0,0.0,0.0,0.0,0.0,0.0,0.0,0.0,0.0
1,4,0.5,2,2,0,0,0.0,1,0,0,0,0,0,0.0,0.0,0.0,0.0,0.0,0.0,0.0,0.0,1.0,0.0
0,1,0.0,1,1,0,0,0.0,1,0,0,0,0,0,0.0,0.0,0.4902565218555369,0.5085628019388129,0.5185310131439518,0.0,0.4818070232677832,0.0,0.0,0.0
0,1,0.0,1,1,0,0,0.0,1,0,0,0,0,0,0.0,0.3408191486183217,0.32979864855721314,0.3421133984125007,0.34881907684293756,0.0,0.648229235330443,0.3408191486183217,0.0,0.0
0,1,0.0,1,1,0,0,0.0,1,0,0,0,0,1,0.0,0.0,0.0,0.0,0.0,0.0,0.0,0.0,0.0,0.0
0,1,0.0,1,0,0,0,0.0,1,0,0,0,0,0,0.0,0.0,0.0,0.0,0.0,0.0,0.0,0.0,0.0,0.0
0,1,0.0,1,1,0,0,0.0,1,0,0,0,0,0,0.0,0.3408191486183217,0.32979864855721314,0.3421133984125007,0.34881907684293756,0.0,0.648229235330443,0.3408191486183217,0.0,0.0
0,1,0.0,2,0,0,0,0.0,1,0,0,0,0,0,0.0,0.7071067811865476,0.0,0.0,0.0,0.0,0.0,0.7071067811865476,0.0,0.0
1,1,0.0,0,0,0,0,0.0,1,0,0,0,0,0,1.0,0.0,0.0,0.0,0.0,0.0,0.0,0.0,0.0,0.0
0,1,0.0,2,0,0,0,0.0,1,0,0,0,0,1,0.0,0.0,0.0,0.0,0.0,0.6491907155332413,0.0,0.0,0.0,0.7606256732884044
1,2,0.0,1,1,1,0,0.0,1,0,0,0,0,1,0.0,0.0,0.0,0.0,0.0,0.0,0.0,0.0,0.0,0.0
1,2,0.375,15,13,0,0,0.0,1,0,0,0,0,0,0.0,0.0,0.0,0.0,0.0,0.0,0.0,0.0,0.0,1.0
1,2,0.45674740484429055,8,9,0,0,0.0,1,0,0,0,0,0,0.0,0.0,0.0,0.0,0.0,0.0,0.0,0.0,0.0,0.0
2,6,0.6389413988657845,16,30,1,0,0.0,1,0,0,0,0,0,0.0,0.0,0.0,0.0,0.0,0.0,0.0,0.0,0.0,1.0
1,4,0.3541912632821723,70,7,1,0,0.0,1,0,0,0,0,0,1.0,0.0,0.0,0.0,0.0,0.0,0.0,0.0,0.0,0.0
1,2,0.5,18,2,1,0,0.0,1,0,0,0,0,0,0.0,0.0,0.0,0.0,0.0,0.0,0.0,0.0,0.0,0.0
2,3,0.3196908442330558,241,49,0,0,0.0,1,0,0,0,0,0,1.0,0.0,0.0,0.0,0.0,0.0,0.0,0.0,0.0,0.0
1,1,0.0,4,1,0,0,0.0,1,0,0,0,0,0,0.0,0.0,0.0,0.0,0.0,0.0,0.0,0.0,0.0,1.0
2,2,0.10775510204081629,17,18,0,0,0.0,1,0,0,0,0,0,0.0,0.0,0.0,0.0,0.0,0.0,0.0,0.0,0.0,0.0
1,2,0.4004733727810652,47,18,0,0,0.0,1,0,0,0,0,0,0.0,0.0,0.0,0.0,0.0,0.0,0.0,0.0,0.0,0.0
0,1,0.0,1,1,0,0,0.0,1,0,0,0,0,0,0.0,0.0,0.4902565218555369,0.5085628019388129,0.5185310131439518,0.0,0.4818070232677832,0.0,0.0,0.0
0,1,0.0,1,1,0,0,0.0,1,0,0,0,0,0,0.0,0.3408191486183217,0.32979864855721314,0.3421133984125007,0.34881907684293756,0.0,0.648229235330443,0.3408191486183217,0.0,0.0
0,1,0.0,1,0,0,0,0.0,1,0,0,0,0,0,0.0,0.0,0.0,0.0,0.0,0.0,1.0,0.0,0.0,0.0
1,3,0.33673469387755106,11,3,0,0,0.0,1,0,0,0,0,0,1.0,0.0,0.0,0.0,0.0,0.0,0.0,0.0,0.0,0.0
2,3,0.29488703923900117,28,30,1,0,0.0,1,0,0,0,0,0,0.0,0.0,0.0,0.0,0.0,0.0,0.0,0.0,0.0,0.0
2,5,0.6049586776859505,29,26,0,0,0.0,1,0,0,0,0,0,0.0,0.0,0.0,0.0,0.0,0.0,0.0,0.0,0.0,0.0
4,5,0.7575985246909365,89,32,0,0,0.0,1,0,0,0,0,0,0.0,0.0,0.0,0.0,0.0,0.0,0.0,0.0,0.0,0.0
0,1,0.0,3,0,0,0,0.0,1,0,0,0,0,0,0.0,0.7071067811865476,0.0,0.0,0.0,0.0,0.0,0.7071067811865476,0.0,0.0
1,2,0.07133058984910856,19,35,0,0,0.0,1,0,0,0,0,0,0.0,0.0,0.0,0.0,0.0,0.0,0.0,0.0,0.0,0.0
0,1,0.0,3,0,0,0,0.0,1,0,0,0,0,1,0.0,0.0,0.0,0.0,0.0,0.6491907155332413,0.0,0.0,0.0,0.7606256732884044
0,1,0.0,1,1,0,0,0.0,1,0,0,0,0,0,0.0,0.0,0.4902565218555369,0.5085628019388129,0.5185310131439518,0.0,0.4818070232677832,0.0,0.0,0.0
0,1,0.0,1,1,0,0,0.0,1,0,0,0,0,0,0.0,0.3408191486183217,0.32979864855721314,0.3421133984125007,0.34881907684293756,0.0,0.648229235330443,0.3408191486183217,0.0,0.0
1,1,0.0,8,3,1,0,0.0,1,0,0,0,0,0,0.0,0.0,0.0,0.0,0.0,0.0,1.0,0.0,0.0,0.0
1,1,0.0,0,0,1,0,0.0,1,0,0,0,0,0,0.0,0.0,0.0,0.0,0.0,0.0,0.0,0.0,0.0,0.0
1,2,0.0,25,0,1,0,0.0,1,0,0,0,0,0,1.0,0.0,0.0,0.0,0.0,0.0,0.0,0.0,0.0,0.0
2,2,0.5,2,2,1,0,0.0,1,0,0,0,0,0,0.0,0.0,0.0,0.0,0.0,0.0,0.0,0.0,0.0,0.0
2,2,0.06887755102040805,55,1,0,0,0.0,1,0,0,0,0,0,1.0,0.0,0.0,0.0,0.0,0.0,0.0,0.0,0.0,0.0
1,2,0.4280618311533888,27,2,0,0,0.0,1,0,0,0,0,0,1.0,0.0,0.0,0.0,0.0,0.0,0.0,0.0,0.0,0.0
1,1,0.0,36,1,0,0,0.0,1,0,0,0,0,0,0.0,0.0,0.0,0.0,0.0,0.0,0.0,0.0,0.0,0.0
1,1,0.0,17,3,0,0,0.0,1,0,0,0,0,0,0.0,0.0,0.0,0.0,0.0,0.0,0.0,0.0,0.0,0.0
1,1,0.0,17,2,0,0,0.0,1,0,0,0,0,0,0.0,0.0,0.0,0.0,0.0,0.0,0.0,0.0,0.0,0.0
1,1,0.0,13,3,0,0,0.0,1,0,0,0,0,0,0.0,0.0,0.0,0.0,0.0,0.0,0.0,0.0,0.0,0.0
0,2,0.5,2,2,0,0,0.0,1,0,0,0,0,0,0.0,0.0,0.0,0.0,0.0,0.0,0.0,0.0,0.0,0.0
1,1,0.0,19,7,0,0,0.0,1,0,0,0,0,0,0.0,0.0,0.0,0.0,0.0,0.0,0.0,0.0,0.0,0.0
1,1,0.0,5,7,0,0,0.0,1,0,0,0,0,0,0.0,0.0,0.0,0.0,0.0,0.0,0.0,0.0,0.0,0.0
1,2,0.48137888581101884,81,90,0,0,0.0,1,0,0,0,0,0,0.0,0.0,0.0,0.0,0.0,0.0,0.0,0.0,0.0,0.0
1,2,0.40816326530612246,7,7,0,0,0.0,1,0,0,0,0,0,0.0,0.0,0.0,0.0,0.0,0.0,0.0,0.0,0.0,0.0
2,3,0.5429362880886427,58,18,0,0,0.0,1,0,0,0,0,0,0.0,0.0,0.0,0.0,0.0,0.0,0.0,0.0,0.0,0.0
1,1,0.0,39,0,0,0,0.0,1,0,0,0,0,0,0.0,0.0,0.0,0.0,0.0,0.0,0.0,0.0,0.0,0.0
1,1,0.0,17,13,1,0,0.0,1,0,0,0,0,0,0.0,0.0,0.0,0.0,0.0,0.0,0.0,0.0,0.0,0.0
0,1,0.0,2,2,0,0,0.0,1,0,0,0,0,1,0.0,0.0,0.0,0.0,0.0,0.6491907155332413,0.0,0.0,0.0,0.7606256732884044
0,1,0.0,2,2,0,0,0.0,1,0,0,0,0,1,0.0,0.0,0.0,0.0,0.0,0.6491907155332413,0.0,0.0,0.0,0.7606256732884044
0,1,0.0,2,2,0,0,0.0,1,0,0,0,0,1,0.0,0.0,0.0,0.0,0.0,0.6491907155332413,0.0,0.0,0.0,0.7606256732884044
0,1,0.0,1,1,0,0,0.0,1,0,0,0,0,1,0.0,0.0,0.0,0.0,0.0,0.6491907155332413,0.0,0.0,0.0,0.7606256732884044
0,1,0.0,1,1,0,0,0.0,1,0,0,0,0,1,0.0,0.0,0.0,0.0,0.0,0.6491907155332413,0.0,0.0,0.0,0.7606256732884044
1,1,0.0,6,3,0,0,0.0,1,0,0,0,0,0,0.0,0.0,0.0,0.0,0.0,0.0,0.0,0.0,0.0,0.0
0,1,0.0,1,1,0,0,0.0,1,0,0,0,0,1,0.0,0.0,0.0,0.0,0.0,0.6491907155332413,0.0,0.0,0.0,0.7606256732884044
0,1,0.0,1,0,0,0,0.0,1,0,0,0,0,1,0.0,0.0,0.0,0.0,0.0,0.6491907155332413,0.0,0.0,0.0,0.7606256732884044
1,1,0.0,42,17,0,0,0.0,1,0,0,0,0,0,0.0,0.0,0.0,0.0,0.0,0.0,0.0,0.0,0.0,1.0
0,1,0.0,1,1,0,0,0.0,1,0,0,0,0,0,0.0,0.0,0.4902565218555369,0.5085628019388129,0.5185310131439518,0.0,0.4818070232677832,0.0,0.0,0.0
0,1,0.0,1,1,0,0,0.0,1,0,0,0,0,0,0.0,0.3408191486183217,0.32979864855721314,0.3421133984125007,0.34881907684293756,0.0,0.648229235330443,0.3408191486183217,0.0,0.0
1,1,0.0,1,6,0,0,0.0,1,0,0,0,0,0,0.0,0.0,0.0,0.0,0.0,0.0,1.0,0.0,0.0,0.0
0,1,0.0,11,0,0,0,0.0,1,0,0,0,0,0,0.0,0.7071067811865476,0.0,0.0,0.0,0.0,0.0,0.7071067811865476,0.0,0.0
6,8,0.7967513536026656,62,36,1,0,0.0,1,0,0,0,0,0,0.0,0.0,0.0,0.0,0.0,0.0,0.0,0.0,0.0,0.0
0,1,0.0,3,0,0,0,0.0,1,0,0,0,0,1,0.0,0.0,0.0,0.0,0.0,0.6491907155332413,0.0,0.0,0.0,0.7606256732884044
0,1,0.0,8,0,0,0,0.0,1,0,0,0,0,1,0.0,0.0,0.0,0.0,0.0,0.6491907155332413,0.0,0.0,0.0,0.7606256732884044
1,2,0.4992310649750096,101,1,0,0,0.0,1,0,0,0,0,0,0.0,0.0,0.0,0.0,0.0,0.0,0.0,0.0,0.0,0.0
0,1,0.0,1,1,0,0,0.0,1,0,0,0,0,1,0.0,0.0,0.0,0.0,0.0,0.6491907155332413,0.0,0.0,0.0,0.7606256732884044
0,1,0.0,2,2,0,0,0.0,1,0,0,0,0,1,0.0,0.0,0.0,0.0,0.0,0.6491907155332413,0.0,0.0,0.0,0.7606256732884044
1,1,0.0,1,1,0,0,0.0,1,0,0,0,0,1,0.0,0.0,0.0,0.0,0.0,0.0,0.0,0.0,0.0,0.0
1,1,0.0,11,2,0,0,0.0,1,0,0,0,0,1,0.0,0.0,0.0,0.0,0.0,0.0,0.0,0.0,0.0,0.0
1,4,0.2600121291076122,71,140,0,0,0.0,1,0,0,0,0,0,0.0,0.0,0.0,0.0,0.0,0.0,0.0,0.0,0.0,1.0
1,1,0.0,16,10,0,0,0.0,1,0,0,0,0,0,0.0,0.0,0.0,0.0,0.0,0.0,0.0,0.0,0.0,0.0
1,1,0.0,4,10,0,0,0.0,1,0,0,0,0,0,0.0,0.0,0.0,0.0,0.0,0.0,0.0,0.0,0.0,0.0
2,2,0.49586776859504145,11,11,0,0,0.0,1,0,0,0,0,0,0.0,0.0,0.0,0.0,0.0,0.0,0.0,0.0,0.0,0.0
0,1,0.0,1,1,0,0,0.0,1,0,0,0,0,0,0.0,0.0,0.4902565218555369,0.5085628019388129,0.5185310131439518,0.0,0.4818070232677832,0.0,0.0,0.0
0,1,0.0,1,1,0,0,0.0,1,0,0,0,0,0,0.0,0.3408191486183217,0.32979864855721314,0.3421133984125007,0.34881907684293756,0.0,0.648229235330443,0.3408191486183217,0.0,0.0
0,1,0.0,2,0,0,0,0.0,1,0,0,0,0,1,0.0,0.0,0.0,0.0,0.0,0.6491907155332413,0.0,0.0,0.0,0.7606256732884044
3,5,0.6046280991735538,183,37,1,0,0.0,1,0,0,0,0,0,0.0,0.0,0.0,0.0,0.0,0.0,0.0,0.0,0.0,0.0
2,2,0.3693827160493828,45,0,0,0,0.0,1,0,0,0,0,0,0.0,0.0,0.0,0.0,0.0,0.0,0.0,0.0,0.0,0.0
1,1,0.0,24,0,0,0,0.0,1,0,0,0,0,0,0.0,0.0,0.0,0.0,0.0,0.0,0.0,0.0,0.0,0.0
3,5,0.5014792899408284,52,0,0,0,0.0,1,0,0,0,0,0,0.0,0.0,0.0,0.0,0.0,0.0,0.0,0.0,0.0,0.0
2,2,0.2732194918783839,16,33,0,0,0.0,1,0,0,0,0,0,0.0,0.0,0.0,0.0,0.0,0.0,0.0,0.0,0.0,0.0
1,2,0.15473120412616548,66,5,0,0,0.0,1,0,0,0,0,0,0.0,0.0,0.0,0.0,0.0,0.0,0.0,0.0,0.0,0.0
1,1,0.0,21,0,0,0,0.0,1,0,0,0,0,0,0.0,0.0,0.0,0.0,0.0,0.0,0.0,0.0,0.0,0.0
2,2,0.3574323687435197,103,0,0,0,0.0,1,0,0,0,0,0,0.0,0.0,0.0,0.0,0.0,0.0,0.0,0.0,0.0,0.0
2,4,0.33016800584368144,58,16,0,0,0.0,1,0,0,0,0,0,0.0,0.0,0.0,0.0,0.0,0.0,0.0,0.0,0.0,0.0
1,1,0.0,12,6,0,0,0.0,1,0,0,0,0,0,0.0,0.0,0.0,0.0,0.0,0.0,0.0,0.0,0.0,0.0
1,1,0.0,62,8,0,0,0.0,1,0,0,0,0,0,0.0,0.0,0.0,0.0,0.0,0.0,0.0,0.0,0.0,0.0
2,3,0.5493827160493827,49,5,0,0,0.0,1,0,0,0,0,0,0.0,0.0,0.0,0.0,0.0,0.0,0.0,0.0,0.0,0.0
1,3,0.4919375157470396,123,3,0,0,0.0,1,0,0,0,0,0,1.0,0.0,0.0,0.0,0.0,0.0,0.0,0.0,0.0,0.0
0,1,0.0,4,2,0,0,0.0,1,0,0,0,0,0,0.0,0.0,0.0,0.0,0.0,0.6614647697683763,0.0,0.0,0.7499762385271077,0.0
0,1,0.0,1,1,0,0,0.0,1,0,0,0,0,1,0.0,0.0,0.0,0.0,0.0,0.6491907155332413,0.0,0.0,0.0,0.7606256732884044
0,1,0.0,2,2,0,0,0.0,1,0,0,0,0,1,0.0,0.0,0.0,0.0,0.0,0.6491907155332413,0.0,0.0,0.0,0.7606256732884044
0,1,0.0,1,1,0,0,0.0,1,0,0,0,0,0,0.0,0.0,0.4902565218555369,0.5085628019388129,0.5185310131439518,0.0,0.4818070232677832,0.0,0.0,0.0
0,1,0.0,2,3,0,0,0.0,1,0,0,0,0,0,0.0,0.3408191486183217,0.32979864855721314,0.3421133984125007,0.34881907684293756,0.0,0.648229235330443,0.3408191486183217,0.0,0.0
1,1,0.0,0,3,0,0,0.0,1,0,0,0,0,0,0.0,0.0,0.0,0.0,0.0,0.0,1.0,0.0,0.0,0.0
0,1,0.0,1,1,0,0,0.0,1,0,0,0,0,1,0.0,0.0,0.0,0.0,0.0,0.6491907155332413,0.0,0.0,0.0,0.7606256732884044
0,1,0.0,21,12,0,0,0.0,1,0,0,0,0,1,0.0,0.0,0.0,0.0,0.0,0.6491907155332413,0.0,0.0,0.0,0.7606256732884044
1,2,0.03826293872694819,2,203,0,0,0.0,1,0,0,0,0,0,0.0,0.0,0.0,0.0,0.0,0.0,0.0,0.0,0.0,0.0
0,1,0.0,3,3,1,0,0.0,1,0,0,0,0,0,0.0,0.0,0.0,0.0,0.0,0.0,0.0,0.0,0.0,0.0
0,1,0.0,1,1,0,0,0.0,1,0,0,0,0,0,0.0,0.0,0.0,0.0,0.0,0.0,0.0,0.0,0.0,1.0
2,4,0.37984173261141196,26,23,0,0,0.0,1,0,0,0,0,0,0.0,0.0,0.0,0.0,0.0,0.0,0.0,0.0,0.0,0.0
0,1,0.0,1,2,0,0,0.0,1,0,0,0,0,0,0.0,0.7071067811865476,0.0,0.0,0.0,0.0,0.0,0.7071067811865476,0.0,0.0
2,4,0.40625,11,37,0,0,0.0,1,0,0,0,0,0,0.0,0.0,0.0,0.0,0.0,0.0,0.0,0.0,0.0,0.0
0,1,0.0,1,2,0,0,0.0,1,0,0,0,0,1,0.0,0.0,0.0,0.0,0.0,0.6491907155332413,0.0,0.0,0.0,0.7606256732884044
0,1,0.0,3,3,1,0,0.0,1,0,0,0,0,0,0.0,0.0,0.0,0.0,0.0,0.0,0.0,0.0,0.0,0.0
0,2,0.24489795918367352,6,1,0,0,0.0,1,0,0,0,0,0,0.0,0.0,0.0,0.0,0.0,0.0,0.0,0.0,0.0,0.0
0,1,0.0,2,2,0,0,0.0,1,0,0,0,0,0,0.0,0.7071067811865476,0.0,0.0,0.0,0.0,0.0,0.7071067811865476,0.0,0.0
0,2,0.23781212841854948,27,2,0,0,0.0,1,0,0,0,0,0,0.0,0.0,0.0,0.0,0.0,0.0,0.0,0.0,0.0,0.0
0,1,0.0,2,2,0,0,0.0,1,0,0,0,0,1,0.0,0.0,0.0,0.0,0.0,0.6491907155332413,0.0,0.0,0.0,0.7606256732884044
3,3,0.5139475908706678,90,1,0,0,0.0,1,0,0,0,0,0,0.0,0.0,0.0,0.0,0.0,0.0,0.0,0.0,0.0,0.0
2,2,0.35888671875,50,142,0,0,0.0,1,0,0,0,0,0,0.0,0.0,0.0,0.0,0.0,0.0,0.0,1.0,0.0,0.0
3,7,0.2873813417146256,220,214,0,0,0.0,1,0,0,0,0,0,0.0,0.0,0.0,0.0,0.0,0.0,0.0,0.0,0.0,0.0
1,1,0.0,2,2,0,0,0.0,1,0,0,0,0,0,0.0,0.0,0.0,0.0,0.0,0.0,0.0,0.0,0.0,0.0
1,1,0.0,6,6,0,0,0.0,1,0,0,0,0,0,0.0,0.0,0.0,0.0,0.0,0.0,0.0,0.0,0.0,0.0
1,1,0.0,2,2,0,0,0.0,1,0,0,0,0,0,0.0,0.0,0.0,0.0,0.0,0.0,0.0,0.0,0.0,0.0
1,1,0.0,18,4,0,0,0.0,1,0,0,0,0,0,0.0,0.0,0.0,0.0,0.0,0.0,0.0,0.0,0.0,0.0
0,1,0.0,1,1,0,0,0.0,1,0,0,0,0,1,0.0,0.0,0.0,0.0,0.0,0.6491907155332413,0.0,0.0,0.0,0.7606256732884044
0,1,0.0,1,1,0,0,0.0,1,0,0,0,0,1,0.0,0.0,0.0,0.0,0.0,0.6491907155332413,0.0,0.0,0.0,0.7606256732884044
0,1,0.0,2,2,0,0,0.0,1,0,0,0,0,1,0.0,0.0,0.0,0.0,0.0,0.6491907155332413,0.0,0.0,0.0,0.7606256732884044
0,1,0.0,1,1,0,0,0.0,1,0,0,0,0,1,0.0,0.0,0.0,0.0,0.0,0.6491907155332413,0.0,0.0,0.0,0.7606256732884044
0,1,0.0,16,18,0,0,0.0,1,0,0,0,0,1,0.0,0.0,0.0,0.0,0.0,0.6491907155332413,0.0,0.0,0.0,0.7606256732884044
0,1,0.0,4,1,0,0,0.0,1,0,0,0,0,1,0.0,0.0,0.0,0.0,0.0,0.6491907155332413,0.0,0.0,0.0,0.7606256732884044
0,1,0.0,8,0,0,0,0.0,1,0,0,0,0,1,1.0,0.0,0.0,0.0,0.0,0.0,0.0,0.0,0.0,0.0
0,1,0.0,1,1,0,0,0.0,1,0,0,0,0,1,0.0,0.0,0.0,0.0,0.0,0.6491907155332413,0.0,0.0,0.0,0.7606256732884044
0,1,0.0,10,4,0,0,0.0,1,0,0,0,0,1,0.0,0.0,0.0,0.0,0.0,0.6491907155332413,0.0,0.0,0.0,0.7606256732884044
0,1,0.0,1,1,0,0,0.0,1,0,0,0,0,1,0.0,0.0,0.0,0.0,0.0,0.6491907155332413,0.0,0.0,0.0,0.7606256732884044
0,1,0.0,4,4,0,0,0.0,1,0,0,0,0,1,0.0,0.0,0.0,0.0,0.0,0.6491907155332413,0.0,0.0,0.0,0.7606256732884044
0,1,0.0,3,3,0,0,0.0,1,0,0,0,0,1,0.0,0.0,0.0,0.0,0.0,0.6491907155332413,0.0,0.0,0.0,0.7606256732884044
0,1,0.0,1,1,0,0,0.0,1,0,0,0,0,0,0.0,0.0,0.4902565218555369,0.5085628019388129,0.5185310131439518,0.0,0.4818070232677832,0.0,0.0,0.0
0,1,0.0,2,3,0,0,0.0,1,0,0,0,0,0,0.0,0.3408191486183217,0.32979864855721314,0.3421133984125007,0.34881907684293756,0.0,0.648229235330443,0.3408191486183217,0.0,0.0
1,2,0.5,2,0,0,0,0.0,1,0,0,0,0,1,1.0,0.0,0.0,0.0,0.0,0.0,0.0,0.0,0.0,0.0
1,1,0.0,3,0,0,0,0.0,1,0,0,0,0,0,0.0,0.0,0.0,0.0,0.0,0.0,1.0,0.0,0.0,0.0
2,3,0.5173010380622838,22,12,1,0,0.0,1,0,0,0,0,0,1.0,0.0,0.0,0.0,0.0,0.0,0.0,0.0,0.0,0.0
0,1,0.0,3,0,0,0,0.0,1,0,0,0,0,1,0.0,0.0,0.0,0.0,0.0,0.6491907155332413,0.0,0.0,0.0,0.7606256732884044
3,4,0.6168,31,19,0,0,0.0,1,0,0,0,0,1,0.0,0.0,0.0,0.0,0.0,0.0,0.0,0.0,0.0,1.0
1,3,0.653061224489796,4,3,0,0,0.0,1,0,0,0,0,0,0.0,0.0,0.0,0.0,0.0,0.0,0.0,0.0,0.0,0.0
0,1,0.0,15,14,0,0,0.0,1,0,0,0,0,0,0.0,0.7071067811865476,0.0,0.0,0.0,0.0,0.0,0.7071067811865476,0.0,0.0
1,3,0.6666666666666667,3,3,1,0,0.0,1,0,0,0,0,1,0.0,0.0,0.0,0.0,0.0,0.0,0.0,0.0,0.0,0.0
0,1,0.0,15,14,0,0,0.0,1,0,0,0,0,1,0.0,0.0,0.0,0.0,0.0,0.6491907155332413,0.0,0.0,0.0,0.7606256732884044
2,4,0.5888287287704197,136,11,1,0,0.0,1,0,0,0,0,0,0.0,0.0,0.0,0.0,0.0,0.0,0.0,0.0,0.0,0.0
2,3,0.4227160493827161,23,22,0,0,0.0,1,0,0,0,0,0,0.0,0.0,0.0,0.0,0.0,0.0,0.0,0.0,0.0,0.0
3,5,0.68304872969596,27,22,1,0,0.0,1,0,0,0,0,0,0.0,0.0,0.0,0.0,0.0,0.0,0.0,0.0,0.0,0.0
0,1,0.0,1,1,0,0,0.0,1,0,0,0,0,0,0.0,0.0,0.4902565218555369,0.5085628019388129,0.5185310131439518,0.0,0.4818070232677832,0.0,0.0,0.0
0,1,0.0,1,1,0,0,0.0,1,0,0,0,0,0,0.0,0.3408191486183217,0.32979864855721314,0.3421133984125007,0.34881907684293756,0.0,0.648229235330443,0.3408191486183217,0.0,0.0
4,10,0.8162967630516464,172,242,0,0,0.0,1,0,0,0,0,0,0.0,0.0,0.0,0.0,0.0,0.0,0.0,0.0,0.0,0.0
3,8,0.28236442109213744,198,167,1,0,0.0,1,0,0,0,0,0,0.0,0.0,0.0,0.0,0.0,0.0,0.0,0.0,0.0,0.0
2,2,0.40816326530612246,4,3,0,0,0.0,1,0,0,0,0,0,0.0,0.0,0.0,0.0,0.0,0.0,0.0,0.0,0.0,0.0
1,1,0.0,5,43,0,0,0.0,1,0,0,0,0,0,0.0,0.0,0.0,0.0,0.0,0.0,0.0,0.0,0.0,0.0
2,4,0.149730274987939,96,55,0,0,0.0,1,0,0,0,0,0,0.0,0.0,0.0,0.0,0.0,0.0,0.0,0.0,0.0,1.0
5,17,0.5331948435327198,527,14,0,0,0.0,1,0,0,0,0,0,1.0,0.0,0.0,0.0,0.0,0.0,0.0,0.0,0.0,0.0
0,1,0.0,1,1,0,0,0.0,1,0,0,0,0,0,0.0,0.0,0.0,0.0,0.0,0.0,1.0,0.0,0.0,0.0
3,5,0.7058823529411764,13,4,0,0,0.0,1,0,0,0,0,0,0.0,0.0,0.0,0.0,0.0,0.0,0.0,0.0,0.0,0.0
1,2,0.11072664359861584,20,14,0,0,0.0,1,0,0,0,0,0,0.0,0.0,0.0,0.0,0.0,0.0,0.0,0.0,0.0,1.0
0,1,0.0,2,3,0,0,0.0,1,0,0,0,0,0,0.0,0.3408191486183217,0.32979864855721314,0.3421133984125007,0.34881907684293756,0.0,0.648229235330443,0.3408191486183217,0.0,0.0
1,3,0.40625,8,16,0,0,0.0,1,0,0,0,0,0,0.0,0.0,0.0,0.0,0.0,0.0,0.0,0.0,0.0,0.0
3,21,0.9113052112512872,222,1700,0,0,0.0,1,0,0,0,0,0,0.0,0.0,0.0,0.0,0.0,0.0,0.0,0.0,0.0,0.0
3,9,0.6923699623815495,142,109,1,1,0.0,1,0,0,0,0,0,0.0,1.0,0.0,0.0,0.0,0.0,0.0,0.0,0.0,0.0
1,1,0.0,34,23,1,0,0.0,1,0,0,0,0,0,0.0,0.0,0.0,0.0,0.0,0.0,0.0,0.0,0.0,0.0
1,3,0.10644998740236844,68,58,0,0,0.0,1,0,0,0,0,0,0.0,0.0,0.0,0.0,0.0,0.0,0.0,0.0,0.0,0.0
2,6,0.6192995716805241,39,24,0,0,0.0,1,0,0,0,0,0,0.0,0.0,0.0,0.0,0.0,0.0,0.0,0.0,0.0,0.0
1,2,0.48979591836734704,2,5,0,0,0.0,1,0,0,0,0,0,0.0,0.0,0.0,0.0,0.0,0.0,0.0,0.0,0.0,0.0
7,19,0.7401542533081286,713,437,1,0,0.0,1,0,0,0,0,0,0.0,1.0,0.0,0.0,0.0,0.0,0.0,0.0,0.0,0.0
1,1,0.0,0,3,1,0,0.0,1,0,0,0,0,0,0.0,0.0,0.0,0.0,0.0,0.0,0.0,0.0,0.0,0.0
1,3,0.2777777777777777,6,6,1,0,0.0,1,0,0,0,0,0,0.0,0.0,0.0,0.0,0.0,0.0,0.0,0.0,0.0,0.0
3,6,0.4441964285714286,99,13,1,0,0.0,1,0,0,0,0,0,0.0,0.0,0.0,0.0,0.0,0.0,0.0,0.0,0.0,0.0
7,15,0.44323790500065896,333,336,1,0,0.0,1,0,0,0,0,0,0.0,0.0,0.0,0.0,0.0,0.0,0.0,0.0,0.0,0.0
3,6,0.6345663265306123,282,110,1,0,0.0,1,0,0,0,0,0,0.0,0.0,0.0,0.0,0.0,0.0,0.0,0.0,0.0,0.0
1,2,0.06549841999425454,71,47,1,0,0.0,1,0,0,0,0,0,0.0,0.0,0.0,0.0,0.0,0.0,0.0,0.0,0.0,0.0
0,1,0.0,1,1,0,0,0.0,1,0,0,0,0,0,0.0,0.0,0.4902565218555369,0.5085628019388129,0.5185310131439518,0.0,0.4818070232677832,0.0,0.0,0.0
0,1,0.0,2,3,0,0,0.0,1,0,0,0,0,0,0.0,0.3408191486183217,0.32979864855721314,0.3421133984125007,0.34881907684293756,0.0,0.648229235330443,0.3408191486183217,0.0,0.0
0,1,0.0,21,19,0,0,0.0,1,0,0,0,0,0,0.0,0.0,0.0,0.0,0.0,0.0,0.0,0.0,0.0,0.0
1,1,0.0,1,1,1,0,0.0,1,0,0,0,0,0,0.0,0.0,0.0,0.0,0.0,0.0,0.0,0.0,0.0,0.0
1,1,0.0,4,0,0,0,0.0,1,0,0,0,0,0,0.0,0.0,0.0,0.0,0.0,0.0,0.0,0.0,0.0,0.0
1,1,0.0,9,0,0,0,0.0,1,0,0,0,0,0,1.0,0.0,0.0,0.0,0.0,0.0,0.0,0.0,0.0,0.0
1,1,0.0,2,2,0,0,0.0,1,0,0,0,0,0,0.0,0.0,0.0,0.0,0.0,0.0,0.0,0.0,0.0,0.0
2,2,0.1270661157024795,31,13,1,0,0.0,1,0,0,0,0,0,0.0,0.0,0.0,0.0,0.0,0.0,0.0,0.0,0.0,0.0
0,1,0.0,1,1,0,0,0.0,1,0,0,0,0,0,0.0,0.0,0.4902565218555369,0.5085628019388129,0.5185310131439518,0.0,0.4818070232677832,0.0,0.0,0.0
0,1,0.0,1,1,0,0,0.0,1,0,0,0,0,0,0.0,0.3408191486183217,0.32979864855721314,0.3421133984125007,0.34881907684293756,0.0,0.648229235330443,0.3408191486183217,0.0,0.0
3,5,0.6036951303155007,139,77,0,0,0.0,1,0,0,0,0,0,1.0,0.0,0.0,0.0,0.0,0.0,0.0,0.0,0.0,0.0
3,5,0.5242340136054422,1043,7,0,0,0.0,1,0,0,0,0,0,0.0,0.7071067811865476,0.0,0.0,0.0,0.0,0.0,0.7071067811865476,0.0,0.0
6,12,0.8713329081632653,62,50,0,0,0.0,1,0,0,0,0,0,0.0,0.0,0.0,0.0,0.0,0.0,0.0,0.0,0.0,0.0
2,3,0.5057743425393534,1027,3,0,0,0.0,1,0,0,0,0,0,0.0,0.0,0.0,0.0,0.0,0.0,0.0,0.0,0.0,0.0
1,1,0.0,4,4,0,0,0.0,1,0,0,0,0,0,0.0,0.0,0.0,0.0,0.0,0.0,0.0,0.0,0.0,1.0
1,1,0.0,12,0,0,0,0.0,1,0,0,0,0,0,1.0,0.0,0.0,0.0,0.0,0.0,0.0,0.0,0.0,0.0
0,1,0.0,1,1,0,0,0.0,1,0,0,0,0,0,0.0,0.0,0.4902565218555369,0.5085628019388129,0.5185310131439518,0.0,0.4818070232677832,0.0,0.0,0.0
0,1,0.0,1,1,0,0,0.0,1,0,0,0,0,0,0.0,0.3408191486183217,0.32979864855721314,0.3421133984125007,0.34881907684293756,0.0,0.648229235330443,0.3408191486183217,0.0,0.0
0,1,0.0,1,1,0,0,0.0,1,0,0,0,0,0,0.0,0.0,0.0,0.0,0.0,0.0,1.0,0.0,0.0,0.0
0,1,0.0,1,1,0,0,0.0,1,0,0,0,0,0,0.0,0.7071067811865476,0.0,0.0,0.0,0.0,0.0,0.7071067811865476,0.0,0.0
0,1,0.0,1,1,0,0,0.0,1,0,0,0,0,0,0.0,0.3408191486183217,0.32979864855721314,0.3421133984125007,0.34881907684293756,0.0,0.648229235330443,0.3408191486183217,0.0,0.0
0,1,0.0,1,1,0,0,0.0,1,0,0,0,0,0,0.0,0.3408191486183217,0.32979864855721314,0.3421133984125007,0.34881907684293756,0.0,0.648229235330443,0.3408191486183217,0.0,0.0
0,1,0.0,1,1,0,0,0.0,1,0,0,0,0,0,0.0,0.3408191486183217,0.32979864855721314,0.3421133984125007,0.34881907684293756,0.0,0.648229235330443,0.3408191486183217,0.0,0.0
1,1,0.0,3,3,0,0,0.0,1,0,0,0,0,0,0.0,0.0,0.0,0.0,0.0,0.0,0.0,0.0,0.0,0.0
6,10,0.7540049839800641,25,28,0,0,0.0,1,0,0,0,0,0,0.0,0.7071067811865476,0.0,0.0,0.0,0.0,0.0,0.7071067811865476,0.0,0.0
1,1,0.0,7,3,0,0,0.0,1,0,0,0,0,0,0.0,0.0,0.0,0.0,0.0,0.0,0.0,0.0,0.0,0.0
0,1,0.0,1,1,0,0,0.0,1,0,0,0,0,1,0.0,0.0,0.0,0.0,0.0,0.0,0.0,0.0,0.0,0.0
3,3,0.35538752362948955,11,12,0,0,0.0,1,0,0,0,0,0,1.0,0.0,0.0,0.0,0.0,0.0,0.0,0.0,0.0,0.0
0,1,0.0,5,3,0,0,0.0,1,0,0,0,0,0,0.0,0.7071067811865476,0.0,0.0,0.0,0.0,0.0,0.7071067811865476,0.0,0.0
3,6,0.8194444444444444,4,8,0,0,0.0,1,0,0,0,0,0,0.0,0.0,0.0,0.0,0.0,0.0,0.0,0.0,0.0,0.0
0,1,0.0,2,0,0,0,0.0,1,0,0,0,0,1,0.0,0.0,0.0,0.0,0.0,0.0,0.0,0.0,0.0,0.0
0,1,0.0,1,1,0,0,0.0,1,0,0,0,0,1,0.0,0.0,0.0,0.0,0.0,0.0,0.0,0.0,0.0,0.0
0,1,0.0,1,1,0,0,0.0,1,0,0,0,0,1,0.0,0.0,0.0,0.0,0.0,0.0,0.0,0.0,0.0,0.0
0,1,0.0,1,1,0,0,0.0,1,0,0,0,0,1,0.0,0.0,0.0,0.0,0.0,0.0,0.0,0.0,0.0,0.0
0,1,0.0,4,4,0,0,0.0,1,0,0,0,0,1,0.0,0.0,0.0,0.0,0.0,0.0,0.0,0.0,0.0,0.0
0,1,0.0,1,1,0,0,0.0,1,0,0,0,0,1,0.0,0.0,0.0,0.0,0.0,0.0,0.0,0.0,0.0,0.0
1,1,0.0,21,43,0,0,0.0,1,0,0,0,0,0,0.0,0.0,0.0,0.0,0.0,0.0,0.0,0.0,0.0,0.0
0,1,0.0,1,1,0,0,0.0,1,0,0,0,0,0,0.0,0.0,0.4902565218555369,0.5085628019388129,0.5185310131439518,0.0,0.4818070232677832,0.0,0.0,0.0
0,1,0.0,1,1,0,0,0.0,1,0,0,0,0,0,0.0,0.3408191486183217,0.32979864855721314,0.3421133984125007,0.34881907684293756,0.0,0.648229235330443,0.3408191486183217,0.0,0.0
0,1,0.0,1,1,0,0,0.0,1,0,0,0,0,0,0.0,0.0,0.0,0.0,0.0,0.0,0.0,0.0,0.0,0.0
0,1,0.0,1,1,0,0,0.0,1,0,0,0,0,0,0.0,0.0,0.4902565218555369,0.5085628019388129,0.5185310131439518,0.0,0.4818070232677832,0.0,0.0,0.0
0,1,0.0,1,1,0,0,0.0,1,0,0,0,0,0,0.0,0.3408191486183217,0.32979864855721314,0.3421133984125007,0.34881907684293756,0.0,0.648229235330443,0.3408191486183217,0.0,0.0
0,1,0.0,1,1,0,0,0.0,1,0,0,0,0,1,0.0,0.0,0.0,0.0,0.0,0.0,0.0,0.0,0.0,0.0
0,1,0.0,1,1,0,0,0.0,1,0,0,0,0,0,0.0,0.3408191486183217,0.32979864855721314,0.3421133984125007,0.34881907684293756,0.0,0.648229235330443,0.3408191486183217,0.0,0.0
0,1,0.0,2,2,0,0,0.0,1,0,0,0,0,1,0.0,0.0,0.0,0.0,0.0,0.0,0.0,0.0,0.0,0.0
0,1,0.0,1,1,0,0,0.0,1,0,0,0,0,0,0.0,0.3408191486183217,0.32979864855721314,0.3421133984125007,0.34881907684293756,0.0,0.648229235330443,0.3408191486183217,0.0,0.0
0,1,0.0,1,1,0,0,0.0,1,0,0,0,0,0,0.0,0.0,0.4902565218555369,0.5085628019388129,0.5185310131439518,0.0,0.4818070232677832,0.0,0.0,0.0
0,1,0.0,1,1,0,0,0.0,1,0,0,0,0,0,0.0,0.3408191486183217,0.32979864855721314,0.3421133984125007,0.34881907684293756,0.0,0.648229235330443,0.3408191486183217,0.0,0.0
2,2,0.2603550295857988,8,5,0,0,0.0,1,0,0,0,0,1,0.0,0.0,0.0,0.0,0.0,0.0,1.0,0.0,0.0,0.0
0,1,0.0,1,1,0,0,0.0,1,0,0,0,0,1,0.0,0.0,0.0,0.0,0.0,0.0,0.0,0.0,0.0,0.0
1,1,0.0,0,35,0,0,0.0,1,0,0,0,0,0,0.0,0.0,0.0,0.0,0.0,0.0,0.0,0.0,0.0,0.0
0,1,0.0,1,1,0,0,0.0,1,0,0,0,0,0,0.0,0.0,0.4902565218555369,0.5085628019388129,0.5185310131439518,0.0,0.4818070232677832,0.0,0.0,0.0
0,1,0.0,1,1,0,0,0.0,1,0,0,0,0,0,0.0,0.3408191486183217,0.32979864855721314,0.3421133984125007,0.34881907684293756,0.0,0.648229235330443,0.3408191486183217,0.0,0.0
1,1,0.0,12,12,0,0,0.0,1,0,0,0,0,0,0.0,0.0,0.0,0.0,0.0,0.0,0.0,0.0,0.0,0.0
1,1,0.0,4,4,1,0,0.0,1,0,0,0,0,0,0.0,0.0,0.0,0.0,0.0,0.0,0.0,0.0,0.0,0.0
1,1,0.0,11,11,0,0,0.0,1,0,0,0,0,0,0.0,0.0,0.0,0.0,0.0,0.0,0.0,0.0,0.0,0.0
2,2,0.4410781911338828,11,56,1,0,0.0,1,0,0,0,0,0,0.0,0.0,0.0,0.0,0.0,0.0,0.0,0.0,0.0,0.0
0,1,0.0,1,1,0,0,0.0,1,0,0,0,0,0,0.0,0.0,0.4902565218555369,0.5085628019388129,0.5185310131439518,0.0,0.4818070232677832,0.0,0.0,0.0
0,1,0.0,1,1,0,0,0.0,1,0,0,0,0,0,0.0,0.3408191486183217,0.32979864855721314,0.3421133984125007,0.34881907684293756,0.0,0.648229235330443,0.3408191486183217,0.0,0.0
0,1,0.0,4,0,0,0,0.0,1,0,0,0,0,0,0.0,0.0,0.0,0.0,0.0,0.0,1.0,0.0,0.0,0.0
0,1,0.0,39,1,0,0,0.0,1,0,0,0,0,0,0.0,0.7071067811865476,0.0,0.0,0.0,0.0,0.0,0.7071067811865476,0.0,0.0
1,1,0.0,55,0,0,0,0.0,1,0,0,0,0,0,1.0,0.0,0.0,0.0,0.0,0.0,0.0,0.0,0.0,0.0
0,1,0.0,1,1,0,0,0.0,1,0,0,0,0,1,0.0,0.0,0.0,0.0,0.0,0.0,0.0,0.0,0.0,0.0
0,1,0.0,9,7,0,0,0.0,1,0,0,0,0,0,0.0,0.0,0.0,0.0,0.0,0.6614647697683763,0.0,0.0,0.7499762385271077,0.0
0,1,0.0,24,1,0,0,0.0,1,0,0,0,0,1,0.0,0.0,0.0,0.0,0.0,0.0,0.0,0.0,0.0,0.0
0,1,0.0,14,1,0,0,0.0,1,0,0,0,0,1,0.0,0.0,0.0,0.0,0.0,0.0,0.0,0.0,0.0,0.0
1,2,0.07396449704142016,51,1,0,0,0.0,1,0,0,0,0,0,1.0,0.0,0.0,0.0,0.0,0.0,0.0,0.0,0.0,0.0
1,3,0.5767012687427913,44,7,1,0,0.0,1,0,0,0,0,0,0.0,0.0,0.0,0.0,0.0,0.0,0.0,0.0,0.0,0.0
1,1,0.0,5,4,1,0,0.0,1,0,0,0,0,0,0.0,0.0,0.0,0.0,0.0,0.0,0.0,0.0,0.0,0.0
5,11,0.7430838550610731,393,38,0,0,0.0,1,0,0,0,0,0,0.0,0.0,0.0,0.0,0.0,0.0,0.0,0.0,0.0,0.0
0,1,0.0,35,20,0,0,0.0,1,0,0,0,0,0,0.0,0.7071067811865476,0.0,0.0,0.0,0.0,0.0,0.7071067811865476,0.0,0.0
1,3,0.09070294784580502,17,4,0,0,0.0,1,0,0,0,0,0,0.0,0.0,0.0,0.0,0.0,0.0,0.0,0.0,0.0,0.0
0,1,0.0,2,5,0,0,0.0,1,0,0,0,0,1,0.0,0.0,0.0,0.0,0.0,0.0,0.0,0.0,0.0,0.0
0,1,0.0,20,2,0,0,0.0,1,0,0,0,0,1,0.0,0.0,0.0,0.0,0.0,0.0,0.0,0.0,0.0,0.0
0,1,0.0,18,18,0,0,0.0,1,0,0,0,0,1,0.0,0.0,0.0,0.0,0.0,0.0,0.0,0.0,0.0,0.0
0,1,0.0,27,17,0,0,0.0,1,0,0,0,0,0,0.0,0.7071067811865476,0.0,0.0,0.0,0.0,0.0,0.7071067811865476,0.0,0.0
1,2,0.16528925619834722,16,6,0,0,0.0,1,0,0,0,0,0,0.0,0.0,0.0,0.0,0.0,1.0,0.0,0.0,0.0,0.0
0,1,0.0,27,17,0,0,0.0,1,0,0,0,0,0,0.0,0.0,0.0,0.0,0.0,0.6614647697683763,0.0,0.0,0.7499762385271077,0.0
1,3,0.44431869624264364,116,72,0,0,0.0,1,0,0,0,0,0,0.0,0.0,0.0,0.0,0.0,0.0,0.0,0.0,0.0,0.0
0,1,0.0,6,0,0,0,0.0,1,0,0,0,0,0,0.0,0.7071067811865476,0.0,0.0,0.0,0.0,0.0,0.7071067811865476,0.0,0.0
5,7,0.835,14,6,0,0,0.0,1,0,0,0,0,0,0.0,0.0,0.0,0.0,0.0,0.0,0.0,0.0,0.0,0.0
0,1,0.0,6,0,0,0,0.0,1,0,0,0,0,0,0.0,0.0,0.0,0.0,0.0,0.6614647697683763,0.0,0.0,0.7499762385271077,0.0
0,1,0.0,3,2,0,0,0.0,1,0,0,0,0,1,0.0,0.0,0.0,0.0,0.0,0.0,0.0,0.0,0.0,0.0
0,1,0.0,4,2,0,0,0.0,1,0,0,0,0,1,0.0,0.0,0.0,0.0,0.0,0.0,0.0,0.0,0.0,0.0
0,1,0.0,2,2,0,0,0.0,1,0,0,0,0,1,0.0,0.0,0.0,0.0,0.0,0.0,0.0,0.0,0.0,0.0
0,1,0.0,2,2,0,0,0.0,1,0,0,0,0,1,0.0,0.0,0.0,0.0,0.0,0.0,0.0,0.0,0.0,0.0
0,1,0.0,1,1,0,0,0.0,1,0,0,0,0,1,0.0,0.0,0.0,0.0,0.0,0.0,0.0,0.0,0.0,0.0
0,1,0.0,3,1,0,0,0.0,1,0,0,0,0,1,0.0,0.0,0.0,0.0,0.0,0.0,0.0,0.0,0.0,0.0
0,1,0.0,2,2,0,0,0.0,1,0,0,0,0,1,0.0,0.0,0.0,0.0,0.0,0.0,0.0,0.0,0.0,0.0
0,1,0.0,3,0,0,0,0.0,1,0,0,0,0,0,0.0,0.0,0.0,0.0,0.0,0.0,0.0,0.0,0.0,0.0
3,7,0.0,0,3,0,0,0.0,1,0,0,0,0,0,0.0,0.0,0.0,0.0,0.0,0.0,0.0,0.0,0.0,0.0
0,1,0.0,1,5,0,0,0.0,1,0,0,0,0,0,0.0,0.0,0.0,0.0,0.0,0.6614647697683763,0.0,0.0,0.7499762385271077,0.0
0,1,0.0,1,1,0,0,0.0,1,0,0,0,0,0,0.0,0.0,0.4902565218555369,0.5085628019388129,0.5185310131439518,0.0,0.4818070232677832,0.0,0.0,0.0
0,1,0.0,2,3,0,0,0.0,1,0,0,0,0,0,0.0,0.3408191486183217,0.32979864855721314,0.3421133984125007,0.34881907684293756,0.0,0.648229235330443,0.3408191486183217,0.0,0.0
3,3,0.5996430696014277,31,10,0,0,0.0,1,0,0,0,0,0,1.0,0.0,0.0,0.0,0.0,0.0,0.0,0.0,0.0,0.0
1,1,0.0,327,0,0,0,0.0,1,0,0,0,0,0,1.0,0.0,0.0,0.0,0.0,0.0,0.0,0.0,0.0,0.0
2,2,0.4012345679012346,9,9,0,0,0.0,1,0,0,0,0,0,0.0,0.0,0.0,0.0,0.0,0.0,0.0,0.0,0.0,0.0
5,7,0.37252362948960316,432,28,0,0,0.0,1,0,0,0,0,0,1.0,0.0,0.0,0.0,0.0,0.0,0.0,0.0,0.0,0.0
1,2,0.07396449704142016,75,3,0,0,0.0,1,0,0,0,0,0,1.0,0.0,0.0,0.0,0.0,0.0,0.0,0.0,0.0,0.0
0,1,0.0,1,1,0,0,0.0,1,0,0,0,0,0,0.0,0.0,0.4902565218555369,0.5085628019388129,0.5185310131439518,0.0,0.4818070232677832,0.0,0.0,0.0
0,1,0.0,2,3,0,0,0.0,1,0,0,0,0,0,0.0,0.3408191486183217,0.32979864855721314,0.3421133984125007,0.34881907684293756,0.0,0.648229235330443,0.3408191486183217,0.0,0.0
0,1,0.0,28,15,1,0,0.0,1,0,0,0,0,0,0.0,0.0,0.0,0.0,0.0,0.0,0.0,0.0,0.0,0.0
1,1,0.0,13,0,0,0,0.0,1,0,0,0,0,0,0.0,0.0,0.0,0.0,0.0,0.0,0.0,0.0,0.0,0.0
1,1,0.0,0,1,0,0,0.0,1,0,0,0,0,0,0.0,0.0,0.0,0.0,0.0,0.0,0.0,0.0,0.0,0.0
0,1,0.0,1,1,0,0,0.0,1,0,0,0,0,0,0.0,0.0,0.4902565218555369,0.5085628019388129,0.5185310131439518,0.0,0.4818070232677832,0.0,0.0,0.0
0,1,0.0,2,3,0,0,0.0,1,0,0,0,0,0,0.0,0.3408191486183217,0.32979864855721314,0.3421133984125007,0.34881907684293756,0.0,0.648229235330443,0.3408191486183217,0.0,0.0
2,2,0.31999999999999984,2,3,0,0,0.0,1,0,0,0,0,0,0.0,0.0,0.0,0.0,0.0,0.0,1.0,0.0,0.0,0.0
1,1,0.0,227,0,0,0,0.0,1,0,0,0,0,0,0.0,0.0,0.0,0.0,0.0,0.0,0.0,0.0,0.0,0.0
2,3,0.009775664415375807,7525,12,0,0,0.0,1,0,0,0,0,0,1.0,0.0,0.0,0.0,0.0,0.0,0.0,0.0,0.0,0.0
1,1,0.0,1,1,0,0,0.0,1,0,1,0,0,0,0.0,0.0,0.0,0.0,0.0,0.0,0.0,0.0,0.0,0.0
1,1,0.0,40,22,0,0,0.0,1,0,0,0,0,0,0.0,0.0,0.0,0.0,0.0,0.0,0.0,0.0,0.0,0.0
1,1,0.0,0,1,0,0,0.0,1,0,0,0,0,0,0.0,0.0,0.0,0.0,0.0,0.0,0.0,0.0,0.0,0.0
1,1,0.0,72,21,0,0,0.0,1,0,0,0,0,0,0.0,0.0,0.0,0.0,0.0,0.0,0.0,0.0,0.0,0.0
1,3,0.576171875,30,2,0,0,0.0,1,0,0,0,0,0,1.0,0.0,0.0,0.0,0.0,0.0,0.0,0.0,0.0,0.0
2,3,0.07302249436236552,1795,1735,0,0,0.0,1,0,0,0,0,0,0.0,0.0,0.0,0.0,0.0,0.0,0.0,0.0,0.0,0.0
1,1,0.0,3,0,0,0,0.0,1,0,0,0,0,0,0.0,0.0,0.0,0.0,0.0,0.0,0.0,0.0,0.0,0.0
2,2,0.06532610130469063,1818,16,0,0,0.0,1,0,0,0,0,0,0.0,0.0,0.0,0.0,0.0,0.0,0.0,0.0,0.0,0.0
1,1,0.0,2,2,0,0,0.0,1,0,0,0,0,0,0.0,0.0,0.0,0.0,0.0,0.0,0.0,0.0,0.0,0.0
3,16,0.5989157422012104,16935,1,0,0,0.0,1,0,0,0,0,0,1.0,0.0,0.0,0.0,0.0,0.0,0.0,0.0,0.0,0.0
1,2,0.00035539758983982317,11252,1,0,0,0.0,1,0,0,0,0,0,0.0,0.0,0.0,0.0,0.0,0.0,0.0,0.0,0.0,0.0
2,3,0.2975206611570247,6,5,0,0,0.0,1,0,0,0,0,0,0.0,0.0,0.0,0.0,0.0,0.0,0.0,0.0,0.0,0.0
3,6,0.4401284360560733,94,19,0,0,0.0,1,0,0,0,0,0,0.0,0.0,0.0,0.0,0.0,0.0,0.0,0.0,0.0,0.0
3,7,0.7983441576000119,349,102,0,0,0.0,1,0,0,0,0,0,0.0,0.0,0.0,0.0,0.0,0.0,0.0,0.0,0.0,0.0
8,15,0.8242294653485844,838,274,0,0,0.0,1,0,0,0,0,0,0.0,1.0,0.0,0.0,0.0,0.0,0.0,0.0,0.0,0.0
5,8,0.5929167066201692,299,472,0,0,0.0,1,0,0,0,0,0,0.0,0.0,0.0,0.0,0.0,0.0,0.0,0.0,0.0,0.0
1,2,0.498046875,0,128,0,0,0.0,1,0,0,0,0,0,0.0,0.0,0.0,0.0,0.0,0.0,0.0,1.0,0.0,0.0
2,4,0.6956782713085234,160,78,0,0,0.0,1,0,0,0,0,0,0.0,0.0,0.0,0.0,0.0,0.0,0.0,0.0,0.0,0.0
0,0,0.0,0,0,0,0,,1,0,0,0,0,0,0.0,0.7071067811865476,0.0,0.0,0.0,0.0,0.0,0.7071067811865476,0.0,0.0
2,3,0.5447530864197531,26,10,0,0,0.0,1,0,0,0,0,0,0.0,0.0,0.0,0.0,0.0,0.0,0.0,0.0,0.0,0.0
2,4,0.5055233626862274,125,114,0,0,0.0,1,0,0,0,0,0,0.0,0.0,0.0,0.0,0.0,0.0,0.0,0.0,0.0,0.0
1,1,0.0,13,0,0,0,0.0,1,0,0,0,0,0,0.0,0.0,0.0,0.0,0.0,0.0,0.0,0.0,0.0,0.0
2,4,0.6609614162061714,123,20,0,0,0.0,1,0,0,0,0,0,0.0,0.0,0.0,0.0,0.0,0.0,0.0,0.0,0.0,0.0
1,3,0.42432352170495236,513,22,0,0,0.0,1,0,0,0,0,0,1.0,0.0,0.0,0.0,0.0,0.0,0.0,0.0,0.0,0.0
1,1,0.0,12,10,0,0,0.0,1,0,0,0,0,0,0.0,0.0,0.0,0.0,0.0,0.0,0.0,0.0,0.0,0.0
1,3,0.378713332930555,382,235,0,0,0.0,1,0,0,0,0,0,1.0,0.0,0.0,0.0,0.0,0.0,0.0,0.0,0.0,0.0
2,3,0.5447530864197531,26,10,0,0,0.0,1,0,0,0,0,0,0.0,0.0,0.0,0.0,0.0,0.0,0.0,0.0,0.0,0.0
1,1,0.0,20,0,0,0,0.0,1,0,0,0,0,0,0.0,0.0,0.0,0.0,0.0,0.0,0.0,0.0,0.0,0.0
1,1,0.0,5,4,0,0,0.0,1,0,0,0,0,0,0.0,0.0,0.0,0.0,0.0,0.0,0.0,0.0,0.0,0.0
1,1,0.0,19,0,0,0,0.0,1,0,0,0,0,0,0.0,0.0,0.0,0.0,0.0,0.0,0.0,0.0,0.0,0.0
2,4,0.5055233626862274,125,114,0,0,0.0,1,0,0,0,0,0,0.0,0.0,0.0,0.0,0.0,0.0,0.0,0.0,0.0,0.0
1,1,0.0,13,0,0,0,0.0,1,0,0,0,0,0,0.0,0.0,0.0,0.0,0.0,0.0,0.0,0.0,0.0,0.0
2,4,0.6609614162061714,123,20,0,0,0.0,1,0,0,0,0,0,0.0,0.0,0.0,0.0,0.0,0.0,0.0,0.0,0.0,0.0
1,3,0.42432352170495236,513,22,0,0,0.0,1,0,0,0,0,0,1.0,0.0,0.0,0.0,0.0,0.0,0.0,0.0,0.0,0.0
1,1,0.0,12,10,0,0,0.0,1,0,0,0,0,0,0.0,0.0,0.0,0.0,0.0,0.0,0.0,0.0,0.0,0.0
1,3,0.378713332930555,382,235,0,0,0.0,1,0,0,0,0,0,1.0,0.0,0.0,0.0,0.0,0.0,0.0,0.0,0.0,0.0
1,1,0.0,33,14,0,0,0.0,1,0,0,0,0,0,0.0,0.0,0.0,0.0,0.0,0.0,0.0,0.0,0.0,0.0
0,1,0.0,2,2,0,0,0.0,1,0,0,0,0,0,0.0,0.7071067811865476,0.0,0.0,0.0,0.0,0.0,0.7071067811865476,0.0,0.0
1,3,0.5023795359904819,172,74,0,0,0.0,1,0,0,0,0,0,0.0,0.0,0.0,0.0,0.0,0.0,0.0,0.0,0.0,0.0
0,1,0.0,1,1,0,0,0.0,1,0,0,0,0,0,0.0,0.0,0.0,0.0,0.0,0.6614647697683763,0.0,0.0,0.7499762385271077,0.0
0,1,0.0,2,2,0,0,0.0,1,0,0,0,0,0,0.0,0.0,0.0,0.0,0.0,0.6614647697683763,0.0,0.0,0.7499762385271077,0.0
0,1,0.0,1,1,0,0,0.0,1,0,0,0,0,0,0.0,0.0,0.0,0.0,0.0,0.6614647697683763,0.0,0.0,0.7499762385271077,0.0
0,1,0.0,1,1,0,0,0.0,1,0,0,0,0,0,0.0,0.0,0.0,0.0,0.0,0.6614647697683763,0.0,0.0,0.7499762385271077,0.0
0,1,0.0,1,0,0,0,0.0,1,0,0,0,0,0,0.0,0.0,0.0,0.0,0.0,0.6614647697683763,0.0,0.0,0.7499762385271077,0.0
0,1,0.0,3,0,0,0,0.0,1,0,0,0,0,0,0.0,0.0,0.0,0.0,0.0,0.6614647697683763,0.0,0.0,0.7499762385271077,0.0
0,1,0.0,1,0,0,0,0.0,1,0,0,0,0,0,0.0,0.0,0.0,0.0,0.0,0.6614647697683763,0.0,0.0,0.7499762385271077,0.0
0,1,0.0,1,0,0,0,0.0,1,0,0,0,0,0,0.0,0.0,0.0,0.0,0.0,0.6614647697683763,0.0,0.0,0.7499762385271077,0.0
1,2,0.4444444444444444,11,19,0,0,0.0,1,0,0,0,0,0,0.0,0.0,0.0,0.0,0.0,0.0,0.0,0.0,0.0,0.0
1,1,0.0,1,1,0,0,0.0,1,0,0,0,0,0,0.0,0.0,0.0,0.0,0.0,0.0,0.0,0.0,0.0,0.0
2,3,0.24380165289256195,11,11,0,0,0.0,1,0,0,0,0,0,0.0,0.0,0.0,0.0,0.0,0.0,0.0,0.0,0.0,0.0
0,1,0.0,5,3,0,0,0.0,1,0,0,0,0,0,0.0,0.7071067811865476,0.0,0.0,0.0,0.0,0.0,0.7071067811865476,0.0,0.0
1,3,0.17440397238377037,15,282,0,0,0.0,1,0,0,0,0,0,0.0,0.0,0.0,0.0,0.0,0.0,0.0,0.0,0.0,0.0
0,1,0.0,5,3,0,0,0.0,1,0,0,0,0,0,0.0,0.0,0.0,0.0,0.0,0.6614647697683763,0.0,0.0,0.7499762385271077,0.0
1,1,0.0,0,0,0,0,0.0,1,0,0,0,0,0,0.0,0.0,0.0,0.0,0.0,0.0,0.0,0.0,1.0,0.0
0,1,0.0,2,0,0,0,0.0,1,0,0,0,0,0,0.0,0.0,0.0,0.0,0.0,0.6614647697683763,0.0,0.0,0.7499762385271077,0.0
1,1,0.0,0,0,0,0,0.0,1,0,0,0,0,0,1.0,0.0,0.0,0.0,0.0,0.0,0.0,0.0,0.0,0.0
0,1,0.0,1,1,0,0,0.0,1,0,0,0,0,0,0.0,0.0,0.0,0.0,0.0,0.6614647697683763,0.0,0.0,0.7499762385271077,0.0
0,1,0.0,1,1,0,0,0.0,1,0,0,0,0,0,0.0,0.0,0.0,0.0,0.0,0.6614647697683763,0.0,0.0,0.7499762385271077,0.0
1,1,0.0,0,12,0,0,0.0,1,0,0,0,0,0,0.0,0.0,0.0,0.0,0.0,0.0,0.0,0.0,0.0,0.0
0,1,0.0,1,1,0,0,0.0,1,0,0,0,0,0,0.0,0.0,0.0,0.0,0.0,0.6614647697683763,0.0,0.0,0.7499762385271077,0.0
0,1,0.0,1,1,0,0,0.0,1,0,0,0,0,0,0.0,0.0,0.0,0.0,0.0,0.6614647697683763,0.0,0.0,0.7499762385271077,0.0
0,1,0.0,2,2,0,0,0.0,1,0,0,0,0,0,0.0,0.0,0.0,0.0,0.0,0.6614647697683763,0.0,0.0,0.7499762385271077,0.0
0,1,0.0,3,1,0,0,0.0,1,0,0,0,0,0,0.0,0.0,0.0,0.0,0.0,0.6614647697683763,0.0,0.0,0.7499762385271077,0.0
0,1,0.0,1,1,0,0,0.0,1,0,0,0,0,0,0.0,0.0,0.0,0.0,0.0,0.6614647697683763,0.0,0.0,0.7499762385271077,0.0
0,1,0.0,2,2,0,0,0.0,1,0,0,0,0,0,0.0,0.0,0.0,0.0,0.0,0.6614647697683763,0.0,0.0,0.7499762385271077,0.0
0,1,0.0,8,6,0,0,0.0,1,0,0,0,0,0,0.0,0.0,0.0,0.0,0.0,0.6614647697683763,0.0,0.0,0.7499762385271077,0.0
0,1,0.0,37,1,0,0,0.0,1,0,0,0,0,0,1.0,0.0,0.0,0.0,0.0,0.0,0.0,0.0,0.0,0.0
0,1,0.0,0,0,0,0,0.0,1,0,0,0,0,0,0.0,0.0,0.0,0.0,0.0,0.0,0.0,0.0,0.0,0.0
0,1,0.0,1,1,0,0,0.0,1,0,0,0,0,0,0.0,0.0,0.4902565218555369,0.5085628019388129,0.5185310131439518,0.0,0.4818070232677832,0.0,0.0,0.0
0,1,0.0,2,3,0,0,0.0,1,0,0,0,0,0,0.0,0.3408191486183217,0.32979864855721314,0.3421133984125007,0.34881907684293756,0.0,0.648229235330443,0.3408191486183217,0.0,0.0
0,1,0.0,4,4,0,0,0.0,1,0,0,0,0,0,0.0,0.0,0.0,0.0,0.0,0.0,1.0,0.0,0.0,0.0
0,1,0.0,3,4,0,0,0.0,1,0,0,0,0,0,0.0,0.3408191486183217,0.32979864855721314,0.3421133984125007,0.34881907684293756,0.0,0.648229235330443,0.3408191486183217,0.0,0.0
0,1,0.0,2,2,0,0,0.0,1,0,0,0,0,0,0.0,0.0,0.0,0.0,0.0,0.0,0.0,0.0,0.0,0.0
0,1,0.0,0,0,0,0,0.0,1,0,0,0,0,0,0.0,0.0,0.0,0.0,0.0,0.0,0.0,0.0,0.0,0.0
0,1,0.0,58,136,0,0,0.0,1,0,0,0,0,0,0.0,0.0,0.0,0.0,0.0,0.0,1.0,0.0,0.0,0.0
0,1,0.0,1,1,0,0,0.0,1,0,0,0,0,0,0.0,0.3408191486183217,0.32979864855721314,0.3421133984125007,0.34881907684293756,0.0,0.648229235330443,0.3408191486183217,0.0,0.0
0,1,0.0,2,1,0,0,0.0,1,0,0,0,0,0,1.0,0.0,0.0,0.0,0.0,0.0,0.0,0.0,0.0,0.0
0,1,0.0,1,1,0,0,0.0,1,0,0,0,0,0,0.0,0.3408191486183217,0.32979864855721314,0.3421133984125007,0.34881907684293756,0.0,0.648229235330443,0.3408191486183217,0.0,0.0
0,1,0.0,1,1,0,0,0.0,1,0,0,0,0,0,0.0,0.0,0.0,0.0,0.0,0.0,0.0,0.0,0.0,0.0
0,1,0.0,1,1,0,0,0.0,1,0,0,0,0,0,0.0,0.3408191486183217,0.32979864855721314,0.3421133984125007,0.34881907684293756,0.0,0.648229235330443,0.3408191486183217,0.0,0.0
0,1,0.0,1,1,0,0,0.0,1,0,0,0,0,0,0.0,0.0,0.0,0.0,0.0,0.0,0.0,0.0,0.0,0.0
0,1,0.0,1,1,0,0,0.0,1,0,0,0,0,0,0.0,0.3408191486183217,0.32979864855721314,0.3421133984125007,0.34881907684293756,0.0,0.648229235330443,0.3408191486183217,0.0,0.0
0,1,0.0,4,4,0,0,0.0,1,0,0,0,0,0,0.0,0.0,0.0,0.0,0.0,0.0,0.0,0.0,0.0,0.0
0,1,0.0,1,1,0,0,0.0,1,0,0,0,0,0,0.0,0.3408191486183217,0.32979864855721314,0.3421133984125007,0.34881907684293756,0.0,0.648229235330443,0.3408191486183217,0.0,0.0
0,1,0.0,2,28,0,0,0.0,1,0,0,0,0,0,0.0,0.0,0.0,0.0,0.0,0.0,0.0,0.0,0.0,0.0
0,1,0.0,3,3,0,0,0.0,1,0,0,0,0,0,0.0,0.0,0.0,0.0,0.0,0.0,0.0,0.0,0.0,0.0
0,1,0.0,1,1,0,0,0.0,1,0,0,0,0,0,0.0,0.3408191486183217,0.32979864855721314,0.3421133984125007,0.34881907684293756,0.0,0.648229235330443,0.3408191486183217,0.0,0.0
0,1,0.0,3,3,0,0,0.0,1,0,0,0,0,0,0.0,0.0,0.0,0.0,0.0,0.0,0.0,0.0,0.0,0.0
0,1,0.0,2,3,0,0,0.0,1,0,0,0,0,0,0.0,0.3408191486183217,0.32979864855721314,0.3421133984125007,0.34881907684293756,0.0,0.648229235330443,0.3408191486183217,0.0,0.0
0,1,0.0,4,3,0,0,0.0,1,0,0,0,0,0,0.0,0.0,0.0,0.0,0.0,0.0,0.0,0.0,0.0,0.0
0,1,0.0,4,4,0,0,0.0,1,0,0,0,0,0,0.0,0.0,0.0,0.0,0.0,0.0,0.0,0.0,0.0,0.0
0,1,0.0,2,3,0,0,0.0,1,0,0,0,0,0,0.0,0.3408191486183217,0.32979864855721314,0.3421133984125007,0.34881907684293756,0.0,0.648229235330443,0.3408191486183217,0.0,0.0
0,1,0.0,15,2,0,0,0.0,1,0,0,0,0,0,0.0,0.0,0.0,0.0,0.0,0.0,0.0,0.0,0.0,0.0
0,1,0.0,1,1,0,0,0.0,1,0,0,0,0,0,0.0,0.3408191486183217,0.32979864855721314,0.3421133984125007,0.34881907684293756,0.0,0.648229235330443,0.3408191486183217,0.0,0.0
0,1,0.0,3,3,0,0,0.0,1,0,0,0,0,0,0.0,0.0,0.0,0.0,0.0,0.0,0.0,0.0,0.0,0.0
0,1,0.0,2,3,0,0,0.0,1,0,0,0,0,0,0.0,0.3408191486183217,0.32979864855721314,0.3421133984125007,0.34881907684293756,0.0,0.648229235330443,0.3408191486183217,0.0,0.0
0,1,0.0,2,13,0,0,0.0,1,0,0,0,0,0,0.0,0.0,0.0,0.0,0.0,0.0,0.0,0.0,0.0,0.0
0,1,0.0,1,1,0,0,0.0,1,0,0,0,0,0,0.0,0.0,0.0,0.0,0.0,0.0,0.0,0.0,0.0,0.0
0,1,0.0,1,1,0,0,0.0,1,0,0,0,0,0,0.0,0.3408191486183217,0.32979864855721314,0.3421133984125007,0.34881907684293756,0.0,0.648229235330443,0.3408191486183217,0.0,0.0
0,1,0.0,1,1,0,0,0.0,1,0,0,0,0,0,0.0,0.0,0.0,0.0,0.0,0.0,0.0,0.0,0.0,0.0
0,1,0.0,2,3,0,0,0.0,1,0,0,0,0,0,0.0,0.3408191486183217,0.32979864855721314,0.3421133984125007,0.34881907684293756,0.0,0.648229235330443,0.3408191486183217,0.0,0.0
0,1,0.0,41,24,0,0,0.0,1,0,0,0,0,0,0.0,0.0,0.0,0.0,0.0,0.0,1.0,0.0,0.0,0.0
0,1,0.0,9,8,0,0,0.0,1,0,0,0,1,0,0.0,0.0,0.0,0.0,0.0,0.0,0.0,0.0,0.0,0.0
0,4,0.6057760987920826,362,140,0,0,0.0,1,0,0,0,0,0,0.0,0.0,0.0,0.0,0.0,0.0,0.0,0.0,0.0,0.0
1,1,0.0,536976,0,0,0,0.0,1,0,0,0,0,0,0.0,0.0,0.0,0.0,0.0,0.0,0.0,0.0,0.0,1.0
0,1,0.0,2,2,0,0,0.0,1,0,0,0,0,0,0.0,0.0,0.0,0.0,0.0,0.6614647697683763,0.0,0.0,0.7499762385271077,0.0
2,2,0.0034676965177291574,2301,2,0,0,0.0,1,0,0,0,0,0,0.0,0.0,0.0,0.0,0.0,0.0,0.0,0.0,0.0,1.0
0,1,0.0,1,1,0,0,0.0,1,0,0,0,0,0,0.0,0.0,0.0,0.0,0.0,0.6614647697683763,0.0,0.0,0.7499762385271077,0.0
0,1,0.0,12,11,0,0,0.0,1,0,0,0,0,0,0.0,0.0,0.0,0.0,0.0,0.6614647697683763,0.0,0.0,0.7499762385271077,0.0
22,100,0.05111344610383106,380,550995,0,0,0.0,1,0,0,0,0,0,0.0,1.0,0.0,0.0,0.0,0.0,0.0,0.0,0.0,0.0
0,1,0.0,24,14,0,0,0.0,1,0,0,0,0,0,0.0,0.0,0.0,0.0,0.0,0.0,0.0,0.0,0.0,0.0
2,6,0.7151020408163264,49,21,0,0,0.0,1,0,0,0,0,0,0.0,0.0,0.0,0.0,0.0,0.0,0.0,0.0,0.0,0.0
3,5,0.39708089643393196,112,27,0,0,0.0,1,0,0,0,0,0,0.0,0.0,0.0,0.0,0.0,0.0,0.0,0.0,0.0,0.0
8,15,0.9127196679900019,1646,0,0,0,0.0,1,0,0,0,0,0,0.0,0.0,0.0,0.0,0.0,0.0,0.0,0.0,0.0,0.0
10,26,0.9127196679900019,0,1646,0,0,0.0,1,0,0,0,0,0,0.0,0.0,0.0,0.0,0.0,0.0,0.0,0.0,0.0,0.0
4,18,0.8742891393652326,31,422,0,0,0.0,1,0,0,0,0,0,0.0,0.0,0.0,0.0,0.0,0.0,0.0,0.0,0.0,0.0
3,8,0.04818475592283478,0,550526,0,0,0.0,1,0,0,0,0,0,0.0,0.0,0.0,0.0,0.0,0.0,0.0,0.0,0.0,0.0
11,35,0.5660413987235798,184,19,0,0,0.0,1,0,0,0,0,0,0.0,0.0,0.0,0.0,0.0,0.0,0.0,0.0,0.0,0.0
14,78,0.9662410536405095,164,6846,0,0,0.0,1,0,0,0,0,0,0.0,0.0,0.0,0.0,0.0,0.0,0.0,0.0,0.0,0.0
17,70,0.9639541531989924,6707,11,0,0,0.0,1,0,0,0,0,0,0.0,0.0,0.0,0.0,0.0,0.0,0.0,0.0,0.0,0.0
3,6,0.621879977002531,1365,191,0,0,0.0,1,0,0,0,0,0,0.0,0.0,0.0,0.0,0.0,0.0,0.0,0.0,0.0,0.0
2,7,0.6382746814691753,463,14,0,0,0.0,1,0,0,0,0,0,1.0,0.0,0.0,0.0,0.0,0.0,0.0,0.0,0.0,0.0
5,7,0.6776859504132231,22,11,0,0,0.0,1,0,0,0,0,0,0.0,0.0,0.0,0.0,0.0,0.0,0.0,0.0,0.0,0.0
0,1,0.0,1,1,0,0,0.0,1,0,0,0,0,0,0.0,0.0,0.0,0.0,0.0,0.6614647697683763,0.0,0.0,0.7499762385271077,0.0
0,2,0.40816326530612246,3,4,0,0,0.0,1,0,0,0,0,0,0.0,0.0,0.0,0.0,0.0,0.0,0.0,0.0,0.0,0.0
10,50,0.9553093396787626,83,81,0,0,0.0,1,0,0,0,0,0,0.0,0.0,0.0,0.0,0.0,0.0,0.0,0.0,0.0,0.0
3,4,0.69189453125,189,3,0,0,0.0,1,0,0,0,0,0,0.7465424266415343,0.0,0.0,0.0,0.0,0.0,0.0,0.6653378128621352,0.0,0.0
5,7,0.5382956573468174,319,9,0,0,0.0,1,0,0,0,0,0,0.0,0.0,0.0,0.0,0.0,0.0,0.0,0.0,0.0,0.0
1,2,0.03388822829964333,22,36,0,0,0.0,1,0,0,0,0,0,0.0,0.0,0.0,0.0,0.0,0.0,0.0,0.0,0.0,0.0
5,9,0.8131487889273357,23,11,0,0,0.0,1,0,0,0,0,0,0.0,0.0,0.0,0.0,0.0,0.0,0.0,0.0,0.0,0.0
1,1,0.0,2,115,0,0,0.0,1,0,0,0,0,0,0.0,0.0,0.0,0.0,0.0,0.0,0.0,0.0,0.0,0.0
3,5,0.560724666402431,324,24,0,0,0.0,1,0,0,0,0,0,1.0,0.0,0.0,0.0,0.0,0.0,0.0,0.0,0.0,0.0
2,6,0.7213293765496332,558,0,0,0,0.0,1,0,0,0,0,0,1.0,0.0,0.0,0.0,0.0,0.0,0.0,0.0,0.0,0.0
0,1,0.0,1,1,0,0,0.0,1,0,0,0,0,0,0.0,0.7071067811865476,0.0,0.0,0.0,0.0,0.0,0.7071067811865476,0.0,0.0
1,16,0.9154055362142949,1609,0,0,0,0.0,1,0,0,0,0,0,0.0,0.0,0.0,0.0,0.0,0.0,0.0,0.0,0.0,0.0
0,1,0.0,1,1,0,0,0.0,1,0,0,0,0,0,0.0,0.0,0.0,0.0,0.0,0.6614647697683763,0.0,0.0,0.7499762385271077,0.0
1,1,0.0,22,12,0,0,0.0,1,0,0,0,0,0,0.0,0.0,0.0,0.0,0.0,0.0,0.0,0.0,0.0,0.0
4,8,0.795556092259389,41,50,0,0,0.0,1,0,0,0,0,0,0.0,0.0,0.0,0.0,0.0,0.0,0.0,0.0,0.0,0.0
0,1,0.0,50,0,0,0,0.0,1,0,0,0,0,0,1.0,0.0,0.0,0.0,0.0,0.0,0.0,0.0,0.0,0.0
0,1,0.0,4,0,0,0,0.0,1,0,0,0,0,0,0.0,0.7071067811865476,0.0,0.0,0.0,0.0,0.0,0.7071067811865476,0.0,0.0
5,12,0.7413139561752401,85,366,0,0,0.0,1,0,0,0,0,0,0.0,0.0,0.0,0.0,0.0,0.0,0.0,0.0,0.0,0.0
0,1,0.0,4,0,0,0,0.0,1,0,0,0,0,0,0.0,0.0,0.0,0.0,0.0,0.6614647697683763,0.0,0.0,0.7499762385271077,0.0
1,1,0.0,13,4,0,0,0.0,1,0,0,0,0,0,1.0,0.0,0.0,0.0,0.0,0.0,0.0,0.0,0.0,0.0
0,1,0.0,1,1,0,0,0.0,1,0,0,0,0,0,0.0,0.0,0.0,0.0,0.0,0.6614647697683763,0.0,0.0,0.7499762385271077,0.0
0,1,0.0,2,2,0,0,0.0,1,0,0,0,0,0,0.0,0.0,0.0,0.0,0.0,0.6614647697683763,0.0,0.0,0.7499762385271077,0.0
0,1,0.0,2,2,0,0,0.0,1,0,0,0,0,0,0.0,0.7071067811865476,0.0,0.0,0.0,0.0,0.0,0.7071067811865476,0.0,0.0
1,2,0.4501385041551246,20,18,1,0,0.0,1,0,0,0,0,0,0.0,0.0,0.0,0.0,0.0,0.0,0.0,0.0,0.0,0.0
0,1,0.0,1,1,0,0,0.0,1,0,0,0,0,0,0.0,0.0,0.0,0.0,0.0,0.6614647697683763,0.0,0.0,0.7499762385271077,0.0
0,1,0.0,1,1,0,0,0.0,1,0,0,0,0,0,0.0,0.0,0.0,0.0,0.0,0.6614647697683763,0.0,0.0,0.7499762385271077,0.0
0,1,0.0,4,0,0,0,0.0,1,0,0,0,0,0,0.0,0.7071067811865476,0.0,0.0,0.0,0.0,0.0,0.7071067811865476,0.0,0.0
0,1,0.0,1,1,0,0,0.0,1,0,0,0,0,0,0.0,0.0,0.0,0.0,0.0,0.6614647697683763,0.0,0.0,0.7499762385271077,0.0
1,1,0.0,0,0,0,0,0.0,1,0,0,0,0,0,0.0,0.0,0.0,0.0,0.0,0.0,0.0,0.0,0.0,1.0
0,1,0.0,4,0,0,0,0.0,1,0,0,0,0,0,0.0,0.0,0.0,0.0,0.0,0.6614647697683763,0.0,0.0,0.7499762385271077,0.0
0,1,0.0,90,2,0,0,0.0,1,0,0,0,0,0,0.0,0.7071067811865476,0.0,0.0,0.0,0.0,0.0,0.7071067811865476,0.0,0.0
1,2,0.0,13,0,0,0,0.0,1,0,0,0,0,0,1.0,0.0,0.0,0.0,0.0,0.0,0.0,0.0,0.0,0.0
1,2,0.19399324355592573,147,0,0,0,0.0,1,0,0,0,0,0,1.0,0.0,0.0,0.0,0.0,0.0,0.0,0.0,0.0,0.0
2,2,0.3911111111111112,3,12,0,0,0.0,1,0,0,0,0,0,0.0,0.0,0.0,0.0,0.0,0.0,0.0,0.0,0.0,0.0
0,1,0.0,1,1,0,0,0.0,1,0,0,0,0,0,0.0,0.0,0.0,0.0,0.0,0.6614647697683763,0.0,0.0,0.7499762385271077,0.0
0,1,0.0,3,1,0,0,0.0,1,0,0,0,0,0,0.0,0.0,0.0,0.0,0.0,0.6614647697683763,0.0,0.0,0.7499762385271077,0.0
0,1,0.0,8,7,0,0,0.0,1,0,0,0,0,0,0.0,0.0,0.0,0.0,0.0,0.6614647697683763,0.0,0.0,0.7499762385271077,0.0
0,1,0.0,27,2,0,0,0.0,1,0,0,0,0,0,0.0,0.0,0.0,0.0,0.0,0.6614647697683763,0.0,0.0,0.7499762385271077,0.0
0,1,0.0,2,2,0,0,0.0,1,0,0,0,0,0,0.0,0.0,0.0,0.0,0.0,0.6614647697683763,0.0,0.0,0.7499762385271077,0.0
0,1,0.0,34,34,0,0,0.0,1,0,0,0,0,0,0.0,0.0,0.0,0.0,0.0,0.6614647697683763,0.0,0.0,0.7499762385271077,0.0
0,1,0.0,62,2,0,0,0.0,1,0,0,0,0,0,0.0,0.0,0.0,0.0,0.0,0.6614647697683763,0.0,0.0,0.7499762385271077,0.0
3,3,0.5576937076852144,141,62,0,0,0.0,1,0,0,0,0,0,0.0,0.0,0.0,0.0,0.0,0.0,0.0,0.0,0.0,0.0
4,7,0.04604149454695439,11385,136,0,0,0.0,1,0,0,0,0,0,0.0,0.0,0.0,0.0,0.0,0.0,0.0,0.0,0.0,0.0
3,7,0.0014654906480950913,537213,157,1,0,0.0,1,0,0,0,0,0,0.0,0.0,0.0,0.0,0.0,0.0,0.0,0.0,0.0,0.0
4,8,0.5447331878595517,32,39,0,0,0.0,1,0,0,0,0,0,0.0,0.0,0.0,0.0,0.0,0.0,0.0,0.0,0.0,0.0
2,6,0.6844072623709505,76,30,0,0,0.0,1,0,0,0,0,0,0.0,0.0,0.0,0.0,0.0,0.0,0.0,0.0,0.0,0.0
2,5,0.5550877863249747,266,373,0,0,0.0,1,0,0,0,1,0,0.0,0.0,0.0,0.0,0.0,0.0,0.0,0.0,0.0,1.0
2,4,0.7152777777777777,27,21,1,0,0.0,1,0,0,0,0,0,0.0,0.0,0.0,0.0,0.0,0.0,0.0,0.0,0.0,0.0
3,5,0.0590404739895698,75,488,0,0,0.0,1,0,0,0,0,0,0.0,0.0,0.0,0.0,0.0,0.0,0.0,1.0,0.0,0.0
4,8,0.43079724099296224,56,113,0,0,0.0,1,0,0,0,0,0,0.0,0.0,0.0,0.0,0.0,0.0,0.0,0.0,0.0,0.0
6,15,0.8010314049586778,90,460,0,0,0.0,1,0,0,0,0,0,0.0,0.0,0.0,0.0,0.0,0.0,0.0,0.0,0.0,0.0
1,2,0.42692429094803896,492,1101,0,0,0.0,1,0,0,0,0,0,0.0,0.0,0.0,0.0,0.0,0.0,0.0,0.0,0.0,0.0
0,1,0.0,1,3,0,0,0.0,1,0,0,0,0,0,0.0,0.0,0.0,0.0,0.0,0.6614647697683763,0.0,0.0,0.7499762385271077,0.0
0,1,0.0,6,1,0,0,0.0,1,0,0,0,0,0,0.0,0.0,0.0,0.0,0.0,0.6614647697683763,0.0,0.0,0.7499762385271077,0.0
5,22,0.9379810765692,0,3438,0,0,0.0,1,0,0,0,0,0,0.0,0.0,0.0,0.0,0.0,0.0,0.0,0.0,0.0,0.0
5,9,0.8341437290972865,136,395,0,0,0.0,1,0,0,0,0,0,0.0,0.0,0.0,0.0,0.0,0.0,0.0,0.0,0.0,0.0
2,11,0.7589225740389314,676,85,0,0,0.0,1,0,0,0,0,0,1.0,0.0,0.0,0.0,0.0,0.0,0.0,0.0,0.0,0.0
19,80,0.8739785813688157,16506,0,0,0,0.0,1,0,0,0,0,0,0.0,0.0,0.0,0.0,0.0,0.0,0.0,0.0,0.0,0.0
0,3,0.4340277777777777,24,0,0,0,0.0,1,0,0,0,0,0,0.0,0.0,0.0,0.0,0.0,0.0,0.0,0.0,0.0,0.0
