DIFF_ND,DIFF_NF,DIFF_EN,SIZE_LA,SIZE_LD,PURP_FIX,PURP_MR,HIST_NDEV,SKIP_DOC,SKIP_MET,SKIP_COM,SKIP_FRM,SKIP_BLD,LABEL,CM_adding,CM_fixing,CM_gi,CM_jmotif,CM_maven,CM_next,CM_plugin,CM_prepare,CM_release,CM_working
0,1,0.0,2,0,0,0,0.0,1,0,0,0,0,1,0.0,0.0,0.0,0.0,0.0,0.0,0.0,0.0,0.0,0.0
1,1,0.0,14,0,0,0,0.0,1,0,0,0,0,0,0.0,0.0,0.0,0.0,1.0,0.0,0.0,0.0,0.0,0.0
0,1,0.0,3,1,0,0,0.0,1,0,0,0,0,1,0.0,0.0,0.0,0.0,0.0,0.0,0.0,0.0,0.0,0.0
0,1,0.0,1,1,0,0,0.0,1,0,0,0,0,0,0.0,0.0,0.0,0.0,0.0,0.0,0.0,0.0,0.0,0.0
0,1,0.0,2,2,0,0,0.0,1,0,0,0,0,0,0.0,0.0,0.0,0.0,0.4338497378430081,0.5266551555751307,0.4366201665992298,0.4366201665992298,0.3913239224956858,0.0
0,1,0.0,2,1,0,0,0.0,1,0,0,0,0,0,0.0,0.0,0.37436550707984667,0.3534564097591396,0.3420924143906356,0.0,0.3442769095728272,0.3442769095728272,0.6171212462680092,0.0
3,6,0.8199445983379502,15,4,1,0,0.0,1,0,0,0,0,0,0.0,1.0,0.0,0.0,0.0,0.0,0.0,0.0,0.0,0.0
0,1,0.0,5,10,0,0,0.0,1,0,0,0,0,0,0.0,0.0,0.0,0.0,0.0,0.0,0.0,0.0,1.0,0.0
0,1,0.0,30,4,0,0,0.0,1,0,0,0,0,1,0.0,0.0,0.0,0.0,0.0,0.0,0.0,0.0,0.0,0.0
0,1,0.0,0,12,0,0,0.0,1,0,0,0,0,1,0.0,0.0,0.0,0.0,0.0,0.0,0.0,0.0,0.0,0.0
0,1,0.0,1,1,0,0,0.0,1,0,0,0,0,1,0.0,0.0,0.0,0.0,0.0,0.0,0.0,0.0,0.0,0.0
0,1,0.0,1,1,0,0,0.0,1,0,0,0,0,1,0.0,0.8026749860838686,0.0,0.0,0.0,0.0,0.0,0.0,0.5964166888302687,0.0
0,1,0.0,14,10,0,0,0.0,1,0,0,0,0,0,0.0,0.0,0.0,0.0,0.0,0.0,0.0,0.0,0.0,0.0
0,1,0.0,1,1,0,0,0.0,1,0,0,0,0,1,0.0,0.0,0.0,0.0,0.0,0.0,0.0,0.0,0.0,0.0
0,1,0.0,1,1,0,0,0.0,1,0,0,0,0,0,0.0,0.0,0.0,0.0,0.0,0.0,0.0,0.0,0.0,0.0
1,3,0.5961729129486417,196,50,0,0,0.0,1,0,0,0,0,0,0.0,0.0,0.0,0.0,0.0,0.0,0.0,0.0,0.0,0.0
1,1,0.0,0,0,0,0,0.0,1,0,0,0,0,0,0.0,0.0,0.0,0.0,0.0,0.0,0.0,0.0,0.0,0.0
1,1,0.0,0,0,0,0,0.0,1,0,0,0,0,0,0.0,0.0,0.0,0.0,0.0,0.0,0.0,0.0,0.0,0.0
0,2,0.4444444444444444,3,3,0,0,0.0,1,0,0,0,0,0,0.0,0.0,0.0,0.0,0.0,0.0,0.0,0.0,0.0,0.0
1,1,0.0,46,0,0,0,0.0,1,0,0,0,0,0,1.0,0.0,0.0,0.0,0.0,0.0,0.0,0.0,0.0,0.0
0,1,0.0,4,0,0,0,0.0,1,0,0,0,0,1,0.0,0.0,0.0,0.0,0.0,0.0,0.0,0.0,0.0,0.0
0,1,0.0,1,1,0,0,0.0,1,0,0,0,0,1,0.0,0.0,0.0,0.0,0.0,0.0,0.0,0.0,0.0,0.0
0,1,0.0,1,1,0,0,0.0,1,0,0,0,0,0,0.0,0.0,0.0,0.0,0.4338497378430081,0.5266551555751307,0.4366201665992298,0.4366201665992298,0.3913239224956858,0.0
0,1,0.0,1,1,0,0,0.0,1,0,0,0,0,0,0.0,0.0,0.37436550707984667,0.3534564097591396,0.3420924143906356,0.0,0.3442769095728272,0.3442769095728272,0.6171212462680092,0.0
0,1,0.0,1,1,1,0,0.0,1,0,0,0,0,0,0.0,1.0,0.0,0.0,0.0,0.0,0.0,0.0,0.0,0.0
2,3,0.12469766191883902,50,11,1,0,0.0,1,0,0,0,0,0,0.0,1.0,0.0,0.0,0.0,0.0,0.0,0.0,0.0,0.0
1,1,0.0,1,1,0,0,0.0,1,0,0,0,0,0,0.0,0.0,0.0,0.0,0.0,0.0,0.0,0.0,0.0,0.0
2,5,0.508774264774867,334,343,0,0,0.0,1,0,0,0,0,0,0.0,0.0,0.0,0.0,0.0,0.0,0.0,0.0,0.0,0.0
1,2,0.06100812201624417,60,67,0,0,0.0,1,0,0,0,0,0,0.0,0.0,0.0,0.0,0.0,0.0,0.0,0.0,0.0,0.0
1,1,0.0,3,1,0,0,0.0,1,0,0,0,0,0,0.0,0.0,0.0,0.0,0.0,0.0,0.0,0.0,0.0,0.0
1,2,0.5,4,2,1,0,0.0,1,0,0,0,0,0,0.0,0.0,0.0,0.0,0.0,0.0,0.0,0.0,0.0,0.0
1,2,0.49546485260770967,333,339,0,0,0.0,1,0,0,0,0,0,0.0,0.0,0.0,0.0,0.0,0.0,0.0,0.0,0.0,0.0
0,1,0.0,4,4,0,0,0.0,1,0,0,0,0,0,0.0,0.0,0.0,0.0,0.0,0.0,0.0,0.0,0.0,0.0
0,1,0.0,1,2,0,0,0.0,1,0,0,0,0,1,0.0,0.0,0.0,0.0,0.0,0.0,0.0,0.0,0.0,0.0
0,1,0.0,1,1,0,0,0.0,1,0,0,0,0,0,0.0,0.0,0.0,0.0,0.4338497378430081,0.5266551555751307,0.4366201665992298,0.4366201665992298,0.3913239224956858,0.0
0,1,0.0,2,3,0,0,0.0,1,0,0,0,0,0,0.0,0.0,0.37436550707984667,0.3534564097591396,0.3420924143906356,0.0,0.3442769095728272,0.3442769095728272,0.6171212462680092,0.0
0,1,0.0,1,1,0,0,0.0,1,0,0,0,0,0,0.0,0.0,0.0,0.0,0.0,0.0,0.0,0.0,0.0,0.0
0,1,0.0,1,1,0,0,0.0,1,0,0,0,0,1,0.0,0.0,0.0,0.0,0.0,0.0,0.0,0.0,0.0,0.0
0,1,0.0,4,1,0,0,0.0,1,0,0,0,0,1,0.0,0.0,0.0,0.0,0.0,0.0,0.0,0.0,0.0,0.0
1,2,0.1171875,16,16,0,0,0.0,1,0,0,0,0,0,0.0,0.0,0.0,0.0,0.0,0.0,0.0,0.0,0.0,0.0
1,2,0.3422781009570275,65,8,0,0,0.0,1,0,0,0,0,0,1.0,0.0,0.0,0.0,0.0,0.0,0.0,0.0,0.0,0.0
1,2,0.4982404481470841,0,236,0,0,0.0,1,0,0,0,0,0,0.0,0.0,0.0,0.0,0.0,0.0,0.0,0.0,0.0,0.0
1,1,0.0,20,0,0,0,0.0,1,0,0,0,0,0,0.0,0.0,0.0,0.0,0.0,0.0,0.0,0.0,0.0,0.0
2,3,0.5267148526077099,156,12,0,0,0.0,1,0,0,0,0,0,0.0,0.0,0.0,0.0,0.0,0.0,0.0,0.0,0.0,1.0
1,1,0.0,7,5,0,0,0.0,1,0,0,0,0,0,0.0,0.0,0.0,0.0,0.0,0.0,0.0,0.0,0.0,0.0
1,2,0.49869845897542686,106,90,0,0,0.0,1,0,0,0,0,0,1.0,0.0,0.0,0.0,0.0,0.0,0.0,0.0,0.0,0.0
0,1,0.0,3,2,0,0,0.0,1,0,0,0,1,0,0.0,0.0,0.0,0.0,0.0,0.0,0.0,0.0,0.0,0.0
0,1,0.0,1,1,0,0,0.0,1,0,0,0,0,0,0.0,0.0,0.0,0.0,0.4338497378430081,0.5266551555751307,0.4366201665992298,0.4366201665992298,0.3913239224956858,0.0
0,1,0.0,1,1,0,0,0.0,1,0,0,0,0,0,0.0,0.0,0.37436550707984667,0.3534564097591396,0.3420924143906356,0.0,0.3442769095728272,0.3442769095728272,0.6171212462680092,0.0
1,1,0.0,9,10,0,0,0.0,1,0,0,0,0,0,0.0,0.0,0.0,0.0,0.0,0.0,0.0,0.0,0.0,0.0
1,1,0.0,8,8,0,0,0.0,1,0,0,0,0,0,0.0,0.0,0.0,0.0,0.0,0.0,0.0,0.0,0.0,0.0
1,3,0.6632653061224489,0,14,0,0,0.0,1,0,0,0,0,0,0.0,0.0,0.0,0.0,0.0,0.0,0.0,0.0,0.0,0.0
0,1,0.0,1,1,0,0,0.0,1,0,0,0,1,0,0.0,0.0,0.0,0.0,0.0,0.0,0.0,0.0,0.0,0.0
6,11,0.7026748971193416,69,39,0,0,0.0,1,0,0,0,0,0,0.0,0.0,0.0,1.0,0.0,0.0,0.0,0.0,0.0,0.0
6,9,0.6888572445710217,67,39,0,0,0.0,1,0,0,0,0,0,0.0,0.0,0.0,0.0,0.0,0.6485500050919675,0.0,0.0,0.4818962260989023,0.5892019332680815
2,4,0.75,5,3,0,0,0.0,1,0,0,0,0,0,0.0,0.0,0.0,0.0,0.0,0.0,0.0,0.0,0.0,1.0
0,1,0.0,1,1,0,0,0.0,1,0,0,0,0,1,0.0,0.0,0.0,0.0,0.0,0.0,0.0,0.0,0.0,0.0
0,1,0.0,3,4,0,0,0.0,1,0,0,0,0,1,0.0,0.0,0.0,0.0,0.0,0.0,0.0,0.0,0.0,0.0
0,1,0.0,2,2,0,0,0.0,1,0,0,0,0,0,0.0,0.0,0.7271207772114439,0.6865095595455505,0.0,0.0,0.0,0.0,0.0,0.0
2,2,0.21875,12,4,1,0,0.0,1,0,0,0,0,0,0.0,1.0,0.0,0.0,0.0,0.0,0.0,0.0,0.0,0.0
0,1,0.0,2,2,0,0,0.0,1,0,0,0,0,1,0.0,0.0,0.0,0.0,0.0,0.0,0.0,0.0,0.0,0.0
1,1,0.0,81,84,1,0,0.0,1,0,0,0,0,0,0.0,1.0,0.0,0.0,0.0,0.0,0.0,0.0,0.0,0.0
1,3,0.5484693877551021,12,16,0,0,0.0,1,0,0,0,0,0,0.0,0.0,0.0,0.0,0.0,0.0,0.0,0.0,0.0,0.0
0,1,0.0,2,2,0,0,0.0,1,0,0,0,0,1,0.0,0.0,0.0,0.0,0.0,0.0,0.0,0.0,0.0,0.0
0,1,0.0,8,0,0,0,0.0,1,0,0,0,0,1,0.0,0.0,0.0,0.0,0.0,0.0,0.0,0.0,0.0,0.0
2,5,0.6274238227146816,32,6,0,0,0.0,1,0,0,0,0,0,0.0,0.0,0.0,0.0,0.0,0.0,0.0,0.0,0.0,0.0
0,1,0.0,15,0,0,0,0.0,1,0,0,0,0,0,0.0,0.0,0.7271207772114439,0.6865095595455505,0.0,0.0,0.0,0.0,0.0,0.0
0,1,0.0,15,0,0,0,0.0,1,0,0,0,0,1,0.0,0.0,0.0,0.0,0.0,0.0,0.0,0.0,0.0,0.0
1,1,0.0,0,0,0,0,0.0,1,0,0,0,0,0,0.0,0.0,0.0,0.0,0.0,0.0,0.0,0.0,0.0,1.0
3,5,0.712890625,16,16,0,0,0.0,1,0,0,0,0,0,0.0,0.0,0.0,0.0,0.0,0.0,0.0,0.0,0.0,0.0
1,15,0.9285714285714286,350,0,0,0,0.0,1,0,0,0,0,0,0.0,0.0,0.0,0.0,0.0,0.0,0.0,0.0,0.0,1.0
0,1,0.0,1,1,0,0,0.0,1,0,0,0,0,0,0.0,0.0,0.0,0.0,0.4338497378430081,0.5266551555751307,0.4366201665992298,0.4366201665992298,0.3913239224956858,0.0
0,1,0.0,1,1,0,0,0.0,1,0,0,0,0,0,0.0,0.0,0.37436550707984667,0.3534564097591396,0.3420924143906356,0.0,0.3442769095728272,0.3442769095728272,0.6171212462680092,0.0
0,1,0.0,1,1,0,0,0.0,1,0,0,0,0,1,0.0,0.0,0.0,0.0,0.0,0.0,0.0,0.0,0.0,0.0
0,1,0.0,1,1,0,0,0.0,1,0,0,0,0,0,0.0,0.0,0.37436550707984667,0.3534564097591396,0.3420924143906356,0.0,0.3442769095728272,0.3442769095728272,0.6171212462680092,0.0
0,1,0.0,1,1,0,0,0.0,1,0,0,0,0,0,0.0,0.0,0.0,0.0,0.0,0.0,0.0,0.0,1.0,0.0
6,10,0.5874805079082202,211,124,1,0,0.0,1,0,0,0,0,0,0.0,0.8026749860838686,0.0,0.0,0.0,0.0,0.0,0.0,0.5964166888302687,0.0
0,1,0.0,1,1,0,0,0.0,1,0,0,0,0,0,0.0,0.0,0.0,0.0,0.4338497378430081,0.5266551555751307,0.4366201665992298,0.4366201665992298,0.3913239224956858,0.0
0,1,0.0,2,3,0,0,0.0,1,0,0,0,0,0,0.0,0.0,0.37436550707984667,0.3534564097591396,0.3420924143906356,0.0,0.3442769095728272,0.3442769095728272,0.6171212462680092,0.0
1,2,0.2975206611570247,4,7,0,0,0.0,1,0,0,0,0,0,0.0,0.0,0.0,0.0,0.0,0.0,0.0,0.0,0.0,0.0
7,17,0.6354944178301847,864,775,1,0,0.0,1,0,0,0,0,0,0.0,0.761507506892444,0.0,0.6481560899555404,0.0,0.0,0.0,0.0,0.0,0.0
2,2,0.29385041551246527,190,0,0,0,0.0,1,0,0,0,0,0,0.0,0.0,0.0,0.0,0.0,0.0,0.0,0.0,0.0,0.0
6,15,0.5457770309692174,674,775,1,0,0.0,1,0,0,0,0,0,0.0,0.0,0.0,0.0,0.0,0.0,0.0,0.0,0.0,0.0
2,2,0.19284149013878737,33,4,0,0,0.0,1,0,0,0,0,0,0.0,0.0,0.0,0.0,0.0,0.0,0.0,0.0,0.0,0.0
2,3,0.6064209274673008,51,36,1,0,0.0,1,0,0,0,0,0,0.0,1.0,0.0,0.0,0.0,0.0,0.0,0.0,0.0,0.0
0,1,0.0,3,6,0,0,0.0,1,0,0,0,0,1,0.0,0.0,0.0,0.0,0.0,0.0,0.0,0.0,0.0,0.0
1,2,0.49742969028123885,0,265,0,0,0.0,1,0,0,0,0,0,0.0,0.0,0.0,0.0,0.0,0.0,0.0,0.0,0.0,0.0
2,8,0.789426141399177,5,1962,0,0,0.0,1,0,0,0,0,0,0.0,0.0,0.0,0.0,0.0,0.0,0.0,0.0,0.0,0.0
1,1,0.0,14,0,0,0,0.0,1,0,0,0,0,0,0.0,0.0,0.0,0.0,0.0,0.0,0.0,0.0,0.0,1.0
1,1,0.0,13,0,0,0,0.0,1,0,0,0,0,0,0.0,0.0,0.0,0.0,0.0,0.0,0.0,0.0,0.0,1.0
4,5,0.2211973743775465,97,91,0,0,0.0,1,0,0,0,0,0,0.0,0.0,0.0,0.0,0.0,0.0,0.0,0.0,0.0,1.0
1,1,0.0,11,11,0,0,0.0,1,0,0,0,0,0,0.0,0.0,0.0,0.0,0.0,0.0,0.0,0.0,0.0,0.0
2,9,0.712268244575937,113,82,0,0,0.0,1,0,0,0,0,0,0.0,0.0,0.0,1.0,0.0,0.0,0.0,0.0,0.0,0.0
2,8,0.7863894139886578,8,15,0,0,0.0,1,0,0,0,0,0,0.0,0.0,0.0,0.0,0.0,0.0,0.0,0.0,1.0,0.0
2,2,0.38927335640138394,28,6,1,0,0.0,1,0,0,0,0,0,0.0,0.0,0.0,0.0,0.0,0.0,0.0,0.0,0.0,1.0
1,1,0.0,6,2,0,0,0.0,1,0,0,0,0,0,0.0,0.0,0.0,0.0,0.0,0.0,0.0,0.0,0.0,1.0
1,1,0.0,30,2,0,0,0.0,1,0,0,0,0,0,0.0,0.0,0.0,0.0,0.0,0.0,0.0,0.0,0.0,1.0
1,1,0.0,18,2,0,0,0.0,1,0,0,0,0,0,0.0,0.0,0.0,0.0,0.0,0.0,0.0,0.0,0.0,1.0
2,4,0.6392644672796106,27,59,0,0,0.0,1,0,0,0,0,0,0.0,0.0,0.0,0.0,0.0,0.0,0.0,0.0,0.0,0.0
2,4,0.4787797471929949,99,20,0,0,0.0,1,0,0,0,0,0,0.7522913154172732,0.0,0.0,0.6588306130924313,0.0,0.0,0.0,0.0,0.0,0.0
2,4,0.4787797471929949,99,20,0,0,0.0,1,0,0,0,0,0,1.0,0.0,0.0,0.0,0.0,0.0,0.0,0.0,0.0,0.0
3,7,0.6547406082289804,368,191,0,0,0.0,1,0,0,0,0,0,0.0,0.0,0.0,1.0,0.0,0.0,0.0,0.0,0.0,0.0
2,2,0.4296875,63,65,0,0,0.0,1,0,0,0,0,0,0.0,0.0,0.0,0.0,0.0,0.7401609920791766,0.0,0.0,0.0,0.6724297032436694
3,4,0.5305169890431549,88,71,0,0,0.0,1,0,0,0,0,0,0.0,0.0,0.0,0.0,0.0,0.0,0.0,0.0,0.0,0.0
3,5,0.22313180700017365,220,93,0,0,0.0,1,0,0,0,0,0,0.0,0.0,0.0,0.0,0.0,0.0,0.0,0.0,0.0,0.0
2,3,0.5453898184407262,44,9,0,0,0.0,1,0,0,0,0,0,0.0,0.0,0.0,0.0,0.0,0.0,0.0,0.0,0.0,0.0
3,11,0.7444593425605537,549,131,0,0,0.0,1,0,0,0,0,0,0.0,0.0,0.0,1.0,0.0,0.0,0.0,0.0,0.0,0.0
2,2,0.4444444444444444,2,1,0,1,0.0,1,0,0,0,0,0,0.0,0.0,0.0,0.0,0.0,1.0,0.0,0.0,0.0,0.0
2,3,0.5121107266435986,13,4,0,0,0.0,1,0,0,0,0,0,0.0,0.0,0.0,0.0,0.0,0.0,0.0,0.0,0.0,0.0
2,7,0.6727025803531009,173,62,0,0,0.0,1,0,0,0,0,0,1.0,0.0,0.0,0.0,0.0,0.0,0.0,0.0,0.0,0.0
1,2,0.1356335514574658,21,20,0,0,0.0,1,0,0,0,0,0,0.0,0.0,0.0,0.0,0.0,0.0,0.0,0.0,0.0,0.0
2,3,0.4577632361689471,70,12,0,0,0.0,1,0,0,0,0,0,0.0,0.0,0.0,0.0,0.0,0.0,0.0,0.0,0.0,1.0
2,7,0.5673454857200979,296,75,0,0,0.0,1,0,0,0,0,0,0.0,0.0,0.0,0.0,0.0,0.0,0.0,0.0,0.0,0.0
2,2,0.22684310018903586,20,3,0,0,0.0,1,0,0,0,0,0,0.0,0.0,0.0,0.0,0.0,0.0,0.0,0.0,0.0,0.0
2,8,0.760128064558572,754,1,0,0,0.0,1,0,0,0,0,0,0.0,0.0,0.0,1.0,0.0,0.0,0.0,0.0,0.0,0.0
1,1,0.0,0,1,0,0,0.0,1,0,0,0,0,0,0.0,0.0,0.0,0.0,0.0,0.0,0.0,0.0,0.0,0.0
2,5,0.6301140541050051,485,30,0,0,0.0,1,0,0,0,0,0,0.0,0.0,0.0,0.0,0.0,0.0,0.0,0.0,0.0,1.0
2,2,0.40816326530612246,10,4,0,0,0.0,1,0,0,0,0,0,0.0,0.0,0.0,0.0,0.0,0.0,0.0,0.0,0.0,1.0
2,5,0.5808216029876473,294,1,0,0,0.0,1,0,0,0,0,0,0.0,0.0,0.0,0.0,0.0,0.0,0.0,0.0,0.0,1.0
3,45,0.6587301587301587,31,11,0,0,0.0,1,0,0,0,0,0,0.0,0.0,0.0,0.0,0.0,0.0,0.0,0.0,0.0,0.0
1,1,0.0,10,12,1,0,0.0,1,0,0,0,0,0,0.0,1.0,0.0,0.0,0.0,0.0,0.0,0.0,0.0,0.0
1,1,0.0,9,4,0,0,0.0,1,0,0,0,0,0,0.0,0.0,0.0,0.0,0.0,0.0,0.0,0.0,0.0,0.0
1,1,0.0,10,2,0,0,0.0,1,0,0,0,0,0,0.0,0.0,0.0,0.0,0.0,0.0,0.0,0.0,0.0,0.0
2,4,0.0,125,45,0,0,0.0,1,0,0,0,0,0,0.0,0.0,0.0,0.0,0.0,0.0,0.0,0.0,0.0,0.0
2,4,0.49761778085975106,408,1,0,0,0.0,1,0,0,0,0,0,0.0,0.0,0.7271207772114439,0.6865095595455505,0.0,0.0,0.0,0.0,0.0,0.0
2,2,0.0,35,216,0,0,0.0,1,0,0,0,0,0,0.0,0.0,0.0,0.0,0.0,0.0,0.0,0.0,0.0,1.0
2,4,0.49761778085975106,408,1,0,0,0.0,1,0,0,0,0,0,0.0,0.0,0.0,0.0,0.0,0.0,0.0,0.0,0.0,1.0
3,9,0.7308384773662551,1080,0,0,0,0.0,1,0,0,0,0,0,0.0,0.0,0.0,1.0,0.0,0.0,0.0,0.0,0.0,0.0
2,3,0.6215277777777778,16,8,0,0,0.0,1,0,0,0,0,0,0.0,0.0,0.0,0.0,0.0,0.0,0.0,0.0,0.0,0.0
3,9,0.7272308002895967,1072,0,0,0,0.0,1,0,0,0,0,0,0.0,0.0,0.0,0.0,0.0,0.0,0.0,0.0,0.0,0.0
1,1,0.0,7,4,0,0,0.0,1,0,0,0,0,0,0.0,0.0,0.0,0.0,0.0,0.0,0.0,0.0,0.0,0.0
2,3,0.0,9,11,1,0,0.0,1,0,0,0,0,0,0.0,1.0,0.0,0.0,0.0,0.0,0.0,0.0,0.0,0.0
1,1,0.0,26,4,0,0,0.0,1,0,0,0,0,0,0.0,0.0,0.0,0.0,0.0,0.0,0.0,0.0,0.0,0.0
1,1,0.0,19,5,0,0,0.0,1,0,0,0,0,0,0.0,0.0,0.0,0.0,0.0,0.0,0.0,0.0,0.0,1.0
2,5,0.5001176781757579,13,135920,0,0,0.0,1,0,0,0,0,0,0.0,0.0,0.0,0.0,0.0,0.0,0.0,0.0,0.0,0.0
4,6,0.7510204081632653,16,19,0,0,0.0,1,0,0,0,0,0,0.0,0.0,0.0,0.0,0.0,0.0,0.0,0.0,0.0,1.0
2,4,0.6745867768595042,22,22,0,0,0.0,1,0,0,0,0,0,0.0,0.0,0.0,0.0,0.0,0.0,0.0,0.0,0.0,0.0
1,1,0.0,18,5,0,0,0.0,1,0,0,0,0,0,0.0,0.0,0.0,0.0,0.0,0.0,0.0,0.0,0.0,0.0
2,14,0.5617679024272431,66,25,0,0,0.0,1,0,0,0,0,0,0.0,0.0,0.0,0.0,0.0,0.0,0.0,0.0,0.0,1.0
3,9,0.010672368167808033,68276,41,0,0,0.0,1,0,0,0,0,0,0.0,0.0,0.0,0.0,0.0,0.0,0.0,0.0,0.0,1.0
14,138,0.8314534876005619,68107,146914,0,0,0.0,1,0,0,0,0,0,0.0,0.0,0.0,0.0,0.0,0.0,0.0,0.0,0.0,0.0
3,26,0.8335111871027296,24312,7,0,0,0.0,1,0,0,0,0,0,0.0,0.0,0.7271207772114439,0.6865095595455505,0.0,0.0,0.0,0.0,0.0,0.0
1,4,0.0,0,0,0,0,0.0,1,0,0,0,0,0,1.0,0.0,0.0,0.0,0.0,0.0,0.0,0.0,0.0,0.0
2,25,0.8333333333333333,24306,0,0,0,0.0,1,0,0,0,0,0,0.0,0.0,0.0,0.0,0.0,0.0,0.0,0.0,0.0,0.0
1,1,0.0,2,1,1,0,0.0,1,0,0,0,0,1,0.0,1.0,0.0,0.0,0.0,0.0,0.0,0.0,0.0,0.0
1,1,0.0,5,7,0,0,0.0,1,0,0,0,0,0,0.0,0.0,0.0,0.0,0.0,0.0,0.0,0.0,0.0,0.0
2,4,0.7377190462510773,118,0,0,0,0.0,1,0,0,0,0,0,1.0,0.0,0.0,0.0,0.0,0.0,0.0,0.0,0.0,0.0
2,2,0.25631897472410103,96,63,1,0,0.0,1,0,0,0,0,0,0.0,1.0,0.0,0.0,0.0,0.0,0.0,0.0,0.0,0.0
1,1,0.0,10,3,0,0,0.0,1,0,0,0,0,0,1.0,0.0,0.0,0.0,0.0,0.0,0.0,0.0,0.0,0.0
1,1,0.0,11,3,0,0,0.0,1,0,0,0,0,0,0.0,0.0,0.0,0.0,0.0,0.0,0.0,0.0,0.0,0.0
1,17,0.9375,45616,0,0,0,0.0,1,0,0,0,0,0,1.0,0.0,0.0,0.0,0.0,0.0,0.0,0.0,0.0,0.0
0,1,0.0,1,1,0,0,0.0,1,0,0,0,0,0,0.0,0.0,0.0,0.0,0.4338497378430081,0.5266551555751307,0.4366201665992298,0.4366201665992298,0.3913239224956858,0.0
0,1,0.0,1,1,0,0,0.0,1,0,0,0,0,0,0.0,0.0,0.37436550707984667,0.3534564097591396,0.3420924143906356,0.0,0.3442769095728272,0.3442769095728272,0.6171212462680092,0.0
0,1,0.0,1,0,1,0,0.0,1,0,0,0,1,0,0.0,0.0,0.0,0.0,0.0,0.0,0.0,0.0,0.0,0.0
3,3,0.5532879818594105,14,7,0,0,0.0,1,0,0,0,0,0,0.0,0.0,0.0,0.0,0.0,0.0,0.0,0.0,0.0,0.0
2,3,0.17632412856496138,48,46,0,0,0.0,1,0,0,0,0,0,0.0,0.0,0.0,0.0,0.0,0.0,0.0,0.0,0.0,0.0
2,4,0.6869806094182827,11,8,0,0,0.0,1,0,0,0,0,0,0.0,0.0,0.0,0.0,0.0,0.0,0.0,0.0,0.0,0.0
1,1,0.0,68,0,0,0,0.0,1,0,0,0,0,0,0.0,0.0,0.0,0.0,0.0,0.0,0.0,0.0,0.0,0.0
1,1,0.0,235,1,0,0,0.0,1,0,0,0,0,0,0.0,0.0,0.0,0.0,0.0,0.0,0.0,0.0,0.0,0.0
1,1,0.0,2530,1,0,0,0.0,1,0,0,0,0,0,0.0,0.0,0.0,0.0,0.0,0.0,0.0,0.0,0.0,0.0
1,2,0.15426713971364903,2291,131,0,0,0.0,1,0,0,0,0,0,0.0,0.0,0.0,0.0,0.0,0.0,0.0,0.0,0.0,0.0
1,1,0.0,35959,1920,0,0,0.0,1,0,0,0,0,0,0.0,0.0,0.0,0.0,0.0,0.0,0.0,0.0,0.0,0.0
1,1,0.0,35803,0,0,0,0.0,1,0,0,0,0,0,1.0,0.0,0.0,0.0,0.0,0.0,0.0,0.0,0.0,0.0
1,2,0.4120707596253901,16,15,1,0,0.0,1,0,0,0,0,0,0.0,0.0,0.0,0.0,0.0,0.0,0.0,0.0,0.0,0.0
1,1,0.0,2,2,0,0,0.0,1,0,0,0,0,0,0.0,0.0,0.0,0.0,0.0,0.0,0.0,0.0,0.0,0.0
1,1,0.0,5,2,0,0,0.0,1,0,0,0,0,0,0.0,0.0,0.0,0.0,0.0,0.0,0.0,0.0,0.0,0.0
1,1,0.0,2,1,1,0,0.0,1,0,0,0,0,0,0.0,0.0,0.0,0.0,0.0,0.0,0.0,0.0,0.0,0.0
3,8,0.6114975981706003,348,19,0,0,0.0,1,0,0,0,0,0,0.0,0.0,0.0,0.0,0.0,0.0,0.0,0.0,0.0,0.0
4,5,0.1462455279736381,2080,2,0,0,0.0,1,0,0,0,0,0,0.0,0.0,0.0,0.0,0.0,0.0,0.0,0.0,0.0,0.0
4,67,0.0,0,0,0,0,0.0,1,0,0,0,0,0,1.0,0.0,0.0,0.0,0.0,0.0,0.0,0.0,0.0,0.0
2,2,0.4526627218934911,47,5,0,0,0.0,1,0,0,0,0,0,0.0,0.0,0.0,0.0,0.0,0.0,0.0,0.0,0.0,0.0
2,2,0.21681368902115006,97,0,0,0,0.0,1,0,0,0,0,0,0.0,0.0,0.0,0.0,0.0,0.0,0.0,0.0,0.0,0.0
1,1,0.0,2,2,0,0,0.0,1,0,0,0,0,1,0.0,0.0,0.0,0.0,0.0,0.0,0.0,0.0,0.0,0.0
1,2,0.1527777777777779,24,0,0,0,0.0,1,0,0,0,0,0,0.0,0.0,0.0,0.0,0.0,0.0,0.0,0.0,0.0,0.0
1,32,0.0,0,0,0,0,0.0,1,0,0,0,0,0,0.0,0.0,0.0,0.0,0.0,0.0,0.0,0.0,0.0,0.0
2,35,0.47572536627405915,59,0,0,0,0.0,1,0,0,0,0,0,0.0,0.0,0.0,0.0,0.0,0.0,0.0,0.0,0.0,0.0
2,33,0.0,2,1,0,0,0.0,1,0,0,0,0,0,0.0,0.0,0.0,0.0,0.0,0.0,0.0,0.0,0.0,0.0
0,1,0.0,1,1,0,0,0.0,1,0,0,0,0,0,0.0,0.0,0.0,0.0,0.4338497378430081,0.5266551555751307,0.4366201665992298,0.4366201665992298,0.3913239224956858,0.0
0,1,0.0,1,1,0,0,0.0,1,0,0,0,0,0,0.0,0.0,0.37436550707984667,0.3534564097591396,0.3420924143906356,0.0,0.3442769095728272,0.3442769095728272,0.6171212462680092,0.0
0,1,0.0,0,1,1,0,0.0,1,0,0,0,0,0,0.0,1.0,0.0,0.0,0.0,0.0,0.0,0.0,0.0,0.0
1,1,0.0,7,4,0,0,0.0,1,0,0,0,0,0,0.0,0.0,0.0,0.0,0.0,0.0,0.0,0.0,0.0,0.0
1,1,0.0,26,20,1,0,0.0,1,0,0,0,0,0,0.0,1.0,0.0,0.0,0.0,0.0,0.0,0.0,0.0,0.0
2,33,0.0,7500,0,0,0,0.0,1,0,0,0,0,0,0.0,0.0,0.0,0.0,0.0,0.0,0.0,0.0,0.0,0.0
2,6,0.6899424717317992,48,23,0,0,0.0,1,0,0,0,0,0,0.0,0.0,0.0,0.0,0.0,0.0,0.0,0.0,0.0,1.0
3,7,0.4787492560999802,178,106,0,0,0.0,1,0,0,0,0,0,0.0,0.0,0.0,0.0,0.0,0.0,0.0,0.0,0.0,1.0
3,10,0.7017132833525568,370,446,0,0,0.0,1,0,0,0,0,0,0.0,0.0,0.0,0.0,0.0,0.0,0.0,0.0,0.0,0.0
1,2,0.4444444444444444,3,3,0,0,0.0,1,0,0,0,0,0,0.0,0.0,0.0,0.0,0.0,0.0,0.0,0.0,0.0,0.0
0,1,0.0,1,1,0,0,0.0,1,0,0,0,0,0,0.0,0.0,0.0,0.0,0.4338497378430081,0.5266551555751307,0.4366201665992298,0.4366201665992298,0.3913239224956858,0.0
0,1,0.0,1,1,0,0,0.0,1,0,0,0,0,0,0.0,0.0,0.37436550707984667,0.3534564097591396,0.3420924143906356,0.0,0.3442769095728272,0.3442769095728272,0.6171212462680092,0.0
1,1,0.0,0,90,0,0,0.0,1,0,0,0,0,0,0.0,0.0,0.0,0.0,0.0,0.0,0.0,0.0,0.0,0.0
1,1,0.0,2,6,0,0,0.0,1,0,0,0,0,0,0.0,0.0,0.0,0.0,0.0,0.0,0.0,0.0,0.0,0.0
5,53,0.6278860549628078,1306876,4,0,0,0.0,1,0,0,0,0,0,0.0,0.0,0.0,0.0,0.0,0.0,0.0,0.0,0.0,0.0
0,1,0.0,2,0,0,0,0.0,1,0,0,0,0,0,0.0,0.0,0.0,0.0,0.0,0.0,0.0,0.0,0.0,0.0
1,1,0.0,55,0,0,0,0.0,1,0,0,0,0,0,0.0,0.0,0.0,0.0,0.0,0.0,0.0,0.0,0.0,0.0
3,3,0.6666666666666667,6,6,0,0,0.0,1,0,0,0,0,0,0.0,0.0,0.0,0.0,0.0,0.0,0.0,0.0,0.0,0.0
3,4,0.7318668252080855,39,19,0,0,0.0,1,0,0,0,0,0,0.0,0.0,0.0,0.0,0.0,0.0,0.0,0.0,0.0,0.0
2,4,0.74,5,5,0,0,0.0,1,0,0,0,0,0,0.0,0.0,0.0,0.0,0.0,0.0,0.0,0.0,0.0,0.0
0,1,0.0,1,1,0,0,0.0,1,0,0,0,0,0,0.0,0.0,0.0,0.0,0.4338497378430081,0.5266551555751307,0.4366201665992298,0.4366201665992298,0.3913239224956858,0.0
0,1,0.0,2,3,0,0,0.0,1,0,0,0,0,0,0.0,0.0,0.37436550707984667,0.3534564097591396,0.3420924143906356,0.0,0.3442769095728272,0.3442769095728272,0.6171212462680092,0.0
1,1,0.0,2,2,0,0,0.0,1,0,0,0,0,0,0.0,0.0,0.0,0.0,0.0,0.0,0.0,0.0,1.0,0.0
6,21,0.8598150706770115,53,44,0,0,0.0,1,0,0,0,0,0,0.0,0.0,0.0,0.0,0.0,0.0,0.0,0.0,0.0,0.0
2,5,0.6198184100282003,425,4,0,0,0.0,1,0,0,0,1,0,0.0,0.0,0.0,0.0,0.0,0.0,0.0,0.0,0.0,0.0
2,2,0.18663194444444442,37,11,0,0,0.0,1,0,0,0,0,0,0.0,0.0,0.0,0.0,0.0,0.0,0.0,0.0,0.0,1.0
0,1,0.0,1,1,0,0,0.0,1,0,0,0,0,0,0.0,0.0,0.0,0.0,0.4338497378430081,0.5266551555751307,0.4366201665992298,0.4366201665992298,0.3913239224956858,0.0
0,1,0.0,1,1,0,0,0.0,1,0,0,0,0,0,0.0,0.0,0.37436550707984667,0.3534564097591396,0.3420924143906356,0.0,0.3442769095728272,0.3442769095728272,0.6171212462680092,0.0
0,1,0.0,1,2,0,0,0.0,1,0,0,0,0,0,0.0,0.0,0.0,0.0,0.0,0.0,0.0,0.0,1.0,0.0
0,1,0.0,1,1,0,0,0.0,1,0,0,0,0,0,0.0,0.0,0.0,0.0,0.0,0.0,0.0,0.0,1.0,0.0
1,1,0.0,1,5,0,0,0.0,1,0,0,0,0,0,0.0,0.0,0.0,0.0,0.0,0.0,0.0,0.0,1.0,0.0
0,1,0.0,1,0,0,0,0.0,1,0,0,0,0,1,0.0,0.0,0.0,0.0,0.0,0.0,0.0,0.0,0.0,0.0
3,6,0.7214880902280952,102,7,1,0,0.0,1,0,0,0,0,0,0.0,0.0,0.0,0.0,0.0,0.0,0.0,0.0,0.0,0.0
0,3,0.565843621399177,46,8,0,0,0.0,1,0,0,0,0,0,0.0,0.0,0.7271207772114439,0.6865095595455505,0.0,0.0,0.0,0.0,0.0,0.0
1,2,0.025153150229218157,78,79,0,0,0.0,1,0,0,0,1,0,0.0,0.0,0.0,0.0,0.0,0.0,0.0,0.0,0.0,0.0
0,1,0.0,1,1,0,0,0.0,1,0,0,0,0,1,0.0,0.0,0.0,0.0,0.0,0.0,0.0,0.0,0.0,0.0
0,1,0.0,6,3,0,0,0.0,1,0,0,0,0,1,0.0,0.0,0.0,0.0,0.0,0.0,0.0,0.0,0.0,0.0
0,2,0.3926234384295062,38,3,0,0,0.0,1,0,0,0,0,0,1.0,0.0,0.0,0.0,0.0,0.0,0.0,0.0,0.0,0.0
0,1,0.0,1,1,0,0,0.0,1,0,0,0,0,0,0.0,0.0,0.0,0.0,0.0,0.0,0.0,0.0,0.0,0.0
0,1,0.0,1,1,0,0,0.0,1,0,0,0,0,0,0.0,0.0,0.0,0.0,0.4338497378430081,0.5266551555751307,0.4366201665992298,0.4366201665992298,0.3913239224956858,0.0
0,1,0.0,1,1,0,0,0.0,1,0,0,0,0,0,0.0,0.0,0.37436550707984667,0.3534564097591396,0.3420924143906356,0.0,0.3442769095728272,0.3442769095728272,0.6171212462680092,0.0
1,1,0.0,2,0,0,0,0.0,1,0,0,0,0,0,0.0,0.0,0.0,0.0,0.0,0.0,0.0,0.0,1.0,0.0
4,6,0.63379355687048,79,116,0,0,0.0,1,0,0,0,0,0,0.0,0.0,0.0,0.0,0.0,0.0,0.0,0.0,0.0,0.0
5,14,0.9053254437869822,29,23,0,0,0.0,1,0,0,0,1,0,0.0,0.0,0.0,0.0,0.0,0.0,0.0,0.0,0.0,0.0
1,1,0.0,0,1,0,0,0.0,1,0,0,0,0,0,0.0,0.0,0.0,0.0,0.0,0.0,0.0,0.0,0.0,0.0
1,4,0.20808116767532925,75,31,0,0,0.0,1,0,0,0,0,0,0.0,0.0,0.0,0.0,0.0,0.0,0.0,0.0,0.0,0.0
1,1,0.0,3,1,1,0,0.0,1,0,0,0,0,0,0.0,1.0,0.0,0.0,0.0,0.0,0.0,0.0,0.0,0.0
1,1,0.0,1,5,1,0,0.0,1,0,0,0,0,0,0.0,1.0,0.0,0.0,0.0,0.0,0.0,0.0,0.0,0.0
1,2,0.050985444477947395,132,59,0,0,0.0,1,0,0,0,0,0,0.0,0.0,0.0,0.0,0.0,0.0,0.0,0.0,0.0,0.0
1,1,0.0,100,0,0,0,0.0,1,0,0,0,0,0,1.0,0.0,0.0,0.0,0.0,0.0,0.0,0.0,0.0,0.0
0,1,0.0,1,1,0,0,0.0,1,0,0,0,0,0,0.0,0.0,0.0,0.0,0.4338497378430081,0.5266551555751307,0.4366201665992298,0.4366201665992298,0.3913239224956858,0.0
0,1,0.0,1,1,0,0,0.0,1,0,0,0,0,0,0.0,0.0,0.37436550707984667,0.3534564097591396,0.3420924143906356,0.0,0.3442769095728272,0.3442769095728272,0.6171212462680092,0.0
0,1,0.0,1,1,0,0,0.0,1,0,0,0,0,0,0.0,0.0,1.0,0.0,0.0,0.0,0.0,0.0,0.0,0.0
1,2,0.45061224489795915,34,1,0,0,0.0,1,0,0,0,0,0,0.0,0.0,0.0,0.0,0.0,0.0,0.0,0.0,0.0,0.0
1,1,0.0,17,0,0,0,0.0,1,0,0,0,0,0,1.0,0.0,0.0,0.0,0.0,0.0,0.0,0.0,0.0,0.0
1,1,0.0,27,17,1,0,0.0,1,0,0,0,0,0,0.0,1.0,0.0,0.0,0.0,0.0,0.0,0.0,0.0,0.0
1,2,0.44907197827071077,45,2,1,0,0.0,1,0,0,0,0,0,0.0,1.0,0.0,0.0,0.0,0.0,0.0,0.0,0.0,0.0
1,2,0.5,2,2,0,0,0.0,1,0,0,0,1,0,0.0,0.0,0.0,1.0,0.0,0.0,0.0,0.0,0.0,0.0
1,2,0.09613843935266786,64,15,0,0,0.0,1,0,0,0,0,0,0.0,0.0,0.0,0.0,0.0,0.0,0.0,0.0,0.0,0.0
1,1,0.0,21,0,0,0,0.0,1,0,0,0,0,0,0.0,0.0,0.0,0.0,0.0,0.0,0.0,0.0,0.0,0.0
1,1,0.0,11,5,1,0,0.0,1,0,0,0,0,0,0.0,1.0,0.0,0.0,0.0,0.0,0.0,0.0,0.0,0.0
0,1,0.0,1,1,0,0,0.0,1,0,0,0,0,0,0.0,0.0,0.0,0.0,0.4338497378430081,0.5266551555751307,0.4366201665992298,0.4366201665992298,0.3913239224956858,0.0
0,1,0.0,2,3,0,0,0.0,1,0,0,0,0,0,0.0,0.0,0.37436550707984667,0.3534564097591396,0.3420924143906356,0.0,0.3442769095728272,0.3442769095728272,0.6171212462680092,0.0
1,2,0.05592375507016256,259,262,0,0,0.0,1,0,0,0,0,0,0.0,0.0,0.0,0.0,0.0,0.0,0.0,0.0,1.0,0.0
0,1,0.0,1,1,0,0,0.0,1,0,0,0,0,0,0.0,0.0,0.0,0.0,0.4338497378430081,0.5266551555751307,0.4366201665992298,0.4366201665992298,0.3913239224956858,0.0
0,1,0.0,1,1,0,0,0.0,1,0,0,0,0,0,0.0,0.0,0.37436550707984667,0.3534564097591396,0.3420924143906356,0.0,0.3442769095728272,0.3442769095728272,0.6171212462680092,0.0
1,3,0.3676268861454046,20,7,1,0,0.0,1,0,0,0,0,0,0.0,0.0,0.0,0.0,0.0,0.0,0.0,0.0,0.0,0.0
0,1,0.0,1,1,0,0,0.0,1,0,0,0,0,0,0.0,0.0,0.0,0.0,0.4338497378430081,0.5266551555751307,0.4366201665992298,0.4366201665992298,0.3913239224956858,0.0
0,1,0.0,1,1,0,0,0.0,1,0,0,0,0,0,0.0,0.0,0.37436550707984667,0.3534564097591396,0.3420924143906356,0.0,0.3442769095728272,0.3442769095728272,0.6171212462680092,0.0
0,1,0.0,1,1,0,0,0.0,1,0,0,0,0,0,0.0,0.0,0.0,0.0,0.0,0.0,0.0,0.0,1.0,0.0
0,0,0.0,0,0,0,0,,1,0,0,0,0,0,0.0,0.0,0.7271207772114439,0.6865095595455505,0.0,0.0,0.0,0.0,0.0,0.0
0,1,0.0,1,1,0,0,0.0,1,0,0,0,0,0,0.0,0.0,0.0,0.0,0.0,0.0,0.0,0.0,1.0,0.0
0,1,0.0,1,1,0,0,0.0,1,0,0,0,0,0,0.0,0.0,0.0,0.0,0.0,0.0,0.0,0.0,1.0,0.0
0,1,0.0,1,1,0,0,0.0,1,0,0,0,0,0,0.0,0.0,0.37436550707984667,0.3534564097591396,0.3420924143906356,0.0,0.3442769095728272,0.3442769095728272,0.6171212462680092,0.0
1,2,0.1138659320477502,18,15,1,0,0.0,1,0,0,0,0,0,0.0,0.8026749860838686,0.0,0.0,0.0,0.0,0.0,0.0,0.5964166888302687,0.0
0,1,0.0,1,1,0,0,0.0,1,0,0,0,0,0,0.0,0.0,0.0,0.0,0.4338497378430081,0.5266551555751307,0.4366201665992298,0.4366201665992298,0.3913239224956858,0.0
0,1,0.0,1,1,0,0,0.0,1,0,0,0,0,0,0.0,0.0,0.37436550707984667,0.3534564097591396,0.3420924143906356,0.0,0.3442769095728272,0.3442769095728272,0.6171212462680092,0.0
1,1,0.0,9,40,0,0,0.0,1,0,0,0,0,0,0.0,0.0,0.0,0.0,0.0,0.0,0.0,0.0,0.0,0.0
1,1,0.0,38,11,0,0,0.0,1,0,0,0,0,0,1.0,0.0,0.0,0.0,0.0,0.0,0.0,0.0,0.0,0.0
1,2,0.49824417009602184,157,113,0,0,0.0,1,0,0,0,0,0,0.0,0.0,0.0,0.0,0.0,0.0,0.0,0.0,0.0,0.0
1,2,0.46875,7,1,0,0,0.0,1,0,0,0,0,0,0.0,0.0,0.0,0.0,0.0,0.0,0.0,0.0,0.0,0.0
1,3,0.4505411203045113,237,12,0,0,0.0,1,0,0,0,0,0,0.0,0.0,0.0,0.0,0.0,0.0,0.0,0.0,0.0,1.0
1,3,0.5000679128190707,398,325,0,0,0.0,1,0,0,0,0,0,0.0,0.0,0.0,0.0,0.0,0.0,0.0,0.0,0.0,0.0
0,1,0.0,1,1,0,0,0.0,1,0,0,0,0,0,0.0,0.0,0.0,0.0,0.4338497378430081,0.5266551555751307,0.4366201665992298,0.4366201665992298,0.3913239224956858,0.0
0,1,0.0,1,1,0,0,0.0,1,0,0,0,0,0,0.0,0.0,0.37436550707984667,0.3534564097591396,0.3420924143906356,0.0,0.3442769095728272,0.3442769095728272,0.6171212462680092,0.0
0,1,0.0,1,1,0,0,0.0,1,0,0,0,0,0,0.0,0.0,0.0,0.0,0.0,0.0,0.0,0.0,1.0,0.0
3,4,0.27383300460223536,44,34,1,0,0.0,1,0,0,0,0,0,0.0,0.8026749860838686,0.0,0.0,0.0,0.0,0.0,0.0,0.5964166888302687,0.0
0,1,0.0,1,1,0,0,0.0,1,0,0,0,0,0,0.0,0.0,0.0,0.0,0.4338497378430081,0.5266551555751307,0.4366201665992298,0.4366201665992298,0.3913239224956858,0.0
0,1,0.0,1,1,0,0,0.0,1,0,0,0,0,0,0.0,0.0,0.37436550707984667,0.3534564097591396,0.3420924143906356,0.0,0.3442769095728272,0.3442769095728272,0.6171212462680092,0.0
0,1,0.0,2,2,0,0,0.0,1,0,0,0,0,0,0.0,0.0,0.0,0.0,0.0,0.0,0.0,0.0,1.0,0.0
2,7,0.8096,27,23,0,0,0.0,1,0,0,0,0,0,0.0,0.0,0.0,0.0,0.0,0.0,0.0,0.0,0.0,1.0
0,1,0.0,1,1,0,0,0.0,1,0,0,0,0,0,0.0,0.0,0.0,0.0,0.4338497378430081,0.5266551555751307,0.4366201665992298,0.4366201665992298,0.3913239224956858,0.0
0,1,0.0,1,1,0,0,0.0,1,0,0,0,0,0,0.0,0.0,0.37436550707984667,0.3534564097591396,0.3420924143906356,0.0,0.3442769095728272,0.3442769095728272,0.6171212462680092,0.0
0,1,0.0,1,1,0,0,0.0,1,0,0,0,0,0,0.0,0.0,0.0,0.0,0.0,0.0,0.0,0.0,0.0,0.0
0,1,0.0,1,1,0,0,0.0,1,0,0,0,1,0,0.0,0.0,0.0,0.0,0.0,0.0,0.0,0.0,0.0,0.0
1,3,0.6315456790123457,223,2,0,0,0.0,1,0,0,0,0,0,0.0,0.0,0.0,0.0,0.0,0.0,0.0,0.0,0.0,1.0
2,9,0.0,21,27,0,0,0.0,1,0,0,0,0,0,0.0,0.0,0.0,0.0,0.0,0.0,0.0,0.0,0.0,0.0
2,9,0.49992742052547545,54,29,0,0,0.0,1,0,0,0,0,1,0.0,0.0,0.0,0.0,0.0,0.0,0.0,0.0,0.0,0.0
1,1,0.0,9,10,0,0,0.0,1,0,0,0,0,0,1.0,0.0,0.0,0.0,0.0,0.0,0.0,0.0,0.0,0.0
2,3,0.5673076923076923,29,23,0,0,0.0,1,0,0,0,0,0,0.0,0.0,0.0,0.0,0.0,0.0,0.0,0.0,0.0,0.0
1,2,0.0,10,4,0,0,0.0,1,0,0,0,0,0,0.0,0.0,0.7271207772114439,0.6865095595455505,0.0,0.0,0.0,0.0,0.0,0.0
2,2,0.1504971781779092,57,4,0,0,0.0,1,0,0,0,0,0,1.0,0.0,0.0,0.0,0.0,0.0,0.0,0.0,0.0,0.0
1,2,0.0,10,4,0,0,0.0,1,0,0,0,0,0,1.0,0.0,0.0,0.0,0.0,0.0,0.0,0.0,0.0,0.0
1,1,0.0,7,2,0,0,0.0,1,0,0,1,0,0,0.0,0.0,0.0,0.0,0.0,0.0,0.0,0.0,0.0,1.0
2,2,0.4326898193675276,87,52,0,0,0.0,1,0,0,0,0,0,0.0,0.0,0.0,0.0,0.0,0.0,0.0,0.0,0.0,0.0
1,1,0.0,4,4,0,0,0.0,1,0,0,0,0,0,0.0,0.0,0.0,0.0,0.0,0.0,0.0,0.0,0.0,0.0
1,1,0.0,15,7,1,0,0.0,1,0,0,0,0,0,0.0,0.0,0.0,0.0,0.0,0.0,0.0,0.0,0.0,0.0
1,1,0.0,1,1,1,0,0.0,1,0,0,0,0,0,0.0,1.0,0.0,0.0,0.0,0.0,0.0,0.0,0.0,0.0
2,6,0.437896728515625,204,52,0,0,0.0,1,0,0,0,0,0,0.0,0.0,0.0,0.0,0.0,0.0,0.0,0.0,0.0,1.0
2,5,0.5420014609203798,50,24,0,0,0.0,1,0,0,0,0,0,0.0,0.0,0.0,0.0,0.0,0.0,0.0,0.0,0.0,0.0
1,5,0.5005339978640085,80,26,0,0,0.0,1,0,0,0,0,0,1.0,0.0,0.0,0.0,0.0,0.0,0.0,0.0,0.0,0.0
1,1,0.0,0,0,0,0,0.0,1,0,0,0,0,0,0.0,0.0,0.0,0.0,0.0,0.0,0.0,0.0,0.0,0.0
1,5,0.6639307821209945,163,8,0,0,0.0,1,0,0,0,0,0,0.0,0.0,0.0,0.0,0.0,0.0,0.0,0.0,0.0,1.0
3,11,0.3679527833060898,0,46291,0,0,0.0,1,0,0,0,0,0,0.0,0.0,0.0,0.0,0.0,0.0,0.0,0.0,0.0,0.0
1,1,0.0,11,21,1,0,0.0,1,0,0,0,0,0,0.0,0.0,0.0,0.0,0.0,0.0,0.0,0.0,0.0,0.0
1,2,0.24489795918367352,8,6,0,0,0.0,1,0,0,0,0,0,0.0,0.0,0.0,0.0,0.0,0.0,0.0,0.0,0.0,0.0
2,4,0.5033768017680882,243,94,0,0,0.0,1,0,0,0,0,0,0.0,0.0,0.0,0.0,0.0,0.0,0.0,0.0,0.0,1.0
1,2,0.0,1,1,0,0,0.0,1,0,0,0,0,0,0.0,0.0,0.0,0.0,0.0,0.0,0.0,0.0,0.0,0.0
5,11,0.386994984610183,47007,1,0,0,0.0,1,0,0,0,0,0,0.0,0.0,0.0,1.0,0.0,0.0,0.0,0.0,0.0,0.0
3,3,0.002164474124586979,35069,9,0,0,0.0,1,0,0,0,0,0,0.0,0.0,0.0,0.0,0.0,0.0,0.0,0.0,0.0,0.0
3,3,0.007061380788476179,11282,9,0,0,0.0,1,0,0,0,0,0,1.0,0.0,0.0,0.0,0.0,0.0,0.0,0.0,0.0,0.0
1,1,0.0,18,4,0,0,0.0,1,0,0,0,0,0,0.0,0.0,0.0,0.0,0.0,0.0,0.0,0.0,0.0,0.0
1,2,0.49777777777777776,75,0,0,0,0.0,1,0,0,0,0,0,1.0,0.0,0.0,0.0,0.0,0.0,0.0,0.0,0.0,0.0
1,1,0.0,10,6,1,0,0.0,1,0,0,0,0,0,0.0,1.0,0.0,0.0,0.0,0.0,0.0,0.0,0.0,0.0
3,5,0.3666191338754641,141,138,0,0,0.0,1,0,0,0,0,0,0.0,0.0,0.0,0.0,0.0,0.0,0.0,0.0,0.0,0.0
1,1,0.0,18,7,0,0,0.0,1,0,0,0,0,0,0.0,0.0,0.0,0.0,0.0,0.0,0.0,0.0,0.0,0.0
1,1,0.0,96,72,0,0,0.0,1,0,0,0,0,0,0.0,0.0,0.0,0.0,0.0,0.0,0.0,0.0,0.0,0.0
4,6,0.5475291523271744,637,55,0,0,0.0,1,0,0,0,0,0,0.0,0.0,0.0,0.0,0.0,0.0,0.0,0.0,0.0,1.0
2,2,0.38435988578754143,36,95,0,0,0.0,1,0,0,0,0,0,0.0,0.0,0.0,0.0,0.0,0.0,0.0,0.0,0.0,0.0
4,6,0.39457701781594967,97,457,0,0,0.0,1,0,0,0,0,0,0.0,0.0,0.0,0.0,0.0,0.0,0.0,0.0,0.0,1.0
2,2,0.13265306122448983,27,1,0,0,0.0,1,0,0,0,0,1,0.0,0.0,0.0,0.0,0.0,0.0,0.0,0.0,0.0,0.0
1,1,0.0,11,3,0,0,0.0,1,0,0,0,0,1,0.0,0.0,0.0,0.0,0.0,0.0,0.0,0.0,0.0,0.0
1,1,0.0,17,6,0,0,0.0,1,0,0,0,0,1,1.0,0.0,0.0,0.0,0.0,0.0,0.0,0.0,0.0,0.0
1,2,0.02751757706868574,187,28,0,0,0.0,1,0,0,0,0,1,0.0,0.0,0.0,0.0,0.0,0.0,0.0,0.0,0.0,0.0
1,1,0.0,2,1,0,0,0.0,1,0,0,0,0,1,0.0,0.0,0.0,0.0,0.0,0.0,0.0,0.0,0.0,0.0
1,1,0.0,174,0,0,0,0.0,1,0,0,0,0,1,0.0,0.0,0.0,0.0,0.0,0.0,0.0,0.0,0.0,0.0
0,1,0.0,1,1,0,0,0.0,1,0,0,0,0,1,0.0,0.0,0.0,0.0,0.0,0.0,0.0,0.0,0.0,0.0
0,1,0.0,3,3,0,0,0.0,1,0,0,0,0,1,0.0,0.0,0.0,0.0,0.0,0.0,0.0,0.0,0.0,0.0
0,1,0.0,3,0,0,0,0.0,1,0,0,0,0,1,0.0,0.0,0.0,0.0,0.0,0.0,0.0,0.0,0.0,0.0
0,1,0.0,1,1,0,0,0.0,1,0,0,0,0,1,0.0,0.0,0.0,0.0,0.0,0.0,0.0,0.0,0.0,0.0
0,1,0.0,1,1,0,0,0.0,1,0,0,0,0,0,0.0,0.0,0.0,0.0,0.0,0.0,0.0,0.0,0.0,0.0
0,1,0.0,1,1,0,0,0.0,1,0,0,0,0,1,0.0,0.0,0.0,0.0,0.0,0.0,0.0,0.0,0.0,0.0
0,1,0.0,1,1,0,0,0.0,1,0,0,0,0,1,0.0,0.0,0.0,0.0,0.0,0.0,0.0,0.0,0.0,0.0
0,1,0.0,1,1,0,0,0.0,1,0,0,0,0,1,0.0,0.0,0.0,0.0,0.0,0.0,0.0,0.0,0.0,0.0
0,1,0.0,64,0,0,0,0.0,1,0,0,0,0,0,0.0,0.0,0.7271207772114439,0.6865095595455505,0.0,0.0,0.0,0.0,0.0,0.0
2,3,0.6666666666666667,3,3,1,0,0.0,1,0,0,0,0,0,0.0,1.0,0.0,0.0,0.0,0.0,0.0,0.0,0.0,0.0
0,1,0.0,1,1,0,0,0.0,1,0,0,0,0,1,0.0,0.0,0.0,0.0,0.0,0.0,0.0,0.0,0.0,0.0
0,1,0.0,17,1,0,0,0.0,1,0,0,0,0,1,0.0,0.0,0.0,0.0,0.0,0.0,0.0,0.0,0.0,0.0
0,1,0.0,21,21,0,0,0.0,1,0,0,0,0,1,0.0,0.0,0.0,0.0,0.0,0.0,0.0,0.0,0.0,0.0
0,1,0.0,46,0,0,0,0.0,1,0,0,0,0,1,0.0,0.0,0.0,0.0,0.0,0.0,0.0,0.0,0.0,0.0
0,1,0.0,2,0,0,0,0.0,1,0,0,0,0,1,0.0,0.0,0.0,0.0,0.0,0.0,0.0,0.0,0.0,0.0
0,1,0.0,1,1,0,0,0.0,1,0,0,0,0,0,0.0,0.0,0.0,0.0,0.4338497378430081,0.5266551555751307,0.4366201665992298,0.4366201665992298,0.3913239224956858,0.0
0,1,0.0,1,1,0,0,0.0,1,0,0,0,0,0,0.0,0.0,0.37436550707984667,0.3534564097591396,0.3420924143906356,0.0,0.3442769095728272,0.3442769095728272,0.6171212462680092,0.0
1,4,0.4820056931363881,569,142,0,0,0.0,1,0,0,0,0,0,1.0,0.0,0.0,0.0,0.0,0.0,0.0,0.0,0.0,0.0
1,1,0.0,29,0,0,0,0.0,1,0,0,0,0,0,1.0,0.0,0.0,0.0,0.0,0.0,0.0,0.0,0.0,0.0
2,3,0.012657714308896839,142,15,0,0,0.0,1,0,0,0,0,0,1.0,0.0,0.0,0.0,0.0,0.0,0.0,0.0,0.0,0.0
2,6,0.6649527410207939,102,13,0,0,0.0,1,0,0,0,0,0,0.0,0.0,0.0,0.0,0.0,0.0,0.0,0.0,0.0,0.0
1,1,0.0,5,2,0,0,0.0,1,0,0,0,0,0,0.0,0.0,0.0,0.0,0.0,0.0,0.0,0.0,0.0,0.0
1,1,0.0,16,11,0,0,0.0,1,0,0,0,0,0,1.0,0.0,0.0,0.0,0.0,0.0,0.0,0.0,0.0,0.0
2,3,0.17767455363623164,45,38,0,0,0.0,1,0,0,0,0,0,0.0,0.0,0.0,0.0,0.0,0.0,0.0,0.0,0.0,0.0
2,6,0.6943999999999999,27,23,0,0,0.0,1,0,0,0,0,0,0.0,0.0,0.0,0.0,0.0,0.0,0.0,0.0,0.0,0.0
2,3,0.4369929691725257,43,0,0,0,0.0,1,0,0,0,0,0,0.0,0.0,0.0,0.0,0.0,0.0,0.0,0.0,0.0,0.0
2,2,0.0,75,0,0,0,0.0,1,0,0,0,0,0,0.0,0.0,0.0,0.0,0.0,0.0,0.0,0.0,0.0,0.0
1,6,0.7243635439193774,312,451,0,0,0.0,1,0,0,0,0,0,0.0,0.0,0.0,1.0,0.0,0.0,0.0,0.0,0.0,0.0
1,3,0.2986767485822307,13,10,1,0,0.0,1,0,0,0,0,0,0.0,0.0,0.0,0.0,0.0,0.0,0.0,0.0,0.0,0.0
1,5,0.6363088402312052,79,318,1,0,0.0,1,0,0,0,1,0,0.0,0.0,0.0,0.0,0.0,0.0,0.0,0.0,0.0,0.0
1,3,0.5491014044477003,320,223,0,0,0.0,1,0,0,0,0,0,0.0,0.0,0.0,0.0,0.0,0.0,0.0,0.0,0.0,0.0
1,1,0.0,15,0,0,0,0.0,1,0,0,0,0,0,0.0,0.0,0.0,0.0,0.0,0.0,0.0,0.0,0.0,1.0
0,2,0.5,3,7,0,0,0.0,1,0,0,0,0,0,0.0,0.0,0.7271207772114439,0.6865095595455505,0.0,0.0,0.0,0.0,0.0,0.0
1,10,0.5360836938885885,225,119,0,0,0.0,1,0,0,0,0,0,0.0,0.0,0.0,0.0,0.0,0.0,0.0,0.0,0.0,0.0
0,1,0.0,0,3,0,0,0.0,1,0,0,0,0,1,0.0,0.0,0.0,0.0,0.0,0.0,0.0,0.0,0.0,0.0
0,1,0.0,1,1,0,0,0.0,1,0,0,0,0,1,0.0,0.0,0.0,0.0,0.0,0.0,0.0,0.0,0.0,0.0
0,1,0.0,1,1,0,0,0.0,1,0,0,0,0,0,0.0,0.0,0.0,0.0,0.4338497378430081,0.5266551555751307,0.4366201665992298,0.4366201665992298,0.3913239224956858,0.0
0,1,0.0,1,1,0,0,0.0,1,0,0,0,0,0,0.0,0.0,0.37436550707984667,0.3534564097591396,0.3420924143906356,0.0,0.3442769095728272,0.3442769095728272,0.6171212462680092,0.0
0,1,0.0,1,1,0,0,0.0,1,0,0,0,0,0,0.0,0.0,0.0,0.0,0.0,0.0,0.0,0.0,0.0,0.0
0,1,0.0,2,3,0,0,0.0,1,0,0,0,0,0,0.0,0.0,0.37436550707984667,0.3534564097591396,0.3420924143906356,0.0,0.3442769095728272,0.3442769095728272,0.6171212462680092,0.0
1,1,0.0,22,0,0,0,0.0,1,0,0,0,0,0,1.0,0.0,0.0,0.0,0.0,0.0,0.0,0.0,0.0,0.0
3,12,0.46056941295036524,306,387,0,0,0.0,1,0,0,0,0,0,0.0,0.0,0.0,0.0,0.0,0.0,0.0,0.0,0.0,1.0
1,2,0.4131944444444444,14,10,1,0,0.0,1,0,0,0,0,0,0.0,1.0,0.0,0.0,0.0,0.0,0.0,0.0,0.0,0.0
2,5,0.7046440972222223,62,34,0,0,0.0,1,0,0,0,0,0,0.0,0.0,0.0,0.0,0.0,0.0,0.0,0.0,0.0,1.0
0,1,0.0,17,1,0,0,0.0,1,0,0,0,0,0,0.0,0.0,0.7271207772114439,0.6865095595455505,0.0,0.0,0.0,0.0,0.0,0.0
3,7,0.06815318640150969,2351,31,1,0,0.0,1,0,0,0,0,0,0.0,1.0,0.0,0.0,0.0,0.0,0.0,0.0,0.0,0.0
0,1,0.0,1,1,0,0,0.0,1,0,0,0,0,1,0.0,0.0,0.0,0.0,0.0,0.0,0.0,0.0,0.0,0.0
0,1,0.0,6,0,0,0,0.0,1,0,0,0,0,0,0.0,0.0,0.0,0.0,0.0,0.0,0.0,0.0,0.0,0.0
0,1,0.0,1,1,0,0,0.0,1,0,0,0,0,1,0.0,0.0,0.0,0.0,0.0,0.0,0.0,0.0,0.0,0.0
0,1,0.0,11,1,0,0,0.0,1,0,0,0,0,1,0.0,0.0,0.0,0.0,0.0,0.0,0.0,0.0,0.0,0.0
1,1,0.0,0,19,0,0,0.0,1,0,0,0,0,0,0.0,0.0,0.0,0.0,0.0,0.0,0.0,0.0,0.0,0.0
0,1,0.0,1,1,0,0,0.0,1,0,0,0,1,0,0.0,0.0,0.0,0.0,0.0,0.0,0.0,0.0,0.0,0.0
0,1,0.0,3,0,0,0,0.0,1,0,0,0,0,0,0.0,0.0,0.0,0.0,0.0,0.0,0.0,0.0,0.0,0.0
2,2,0.48,4,1,0,0,0.0,1,0,0,0,0,0,0.0,0.0,0.0,0.0,0.0,0.0,0.0,0.0,0.0,0.0
0,1,0.0,339,0,0,0,0.0,1,0,0,0,0,0,1.0,0.0,0.0,0.0,0.0,0.0,0.0,0.0,0.0,0.0
1,2,0.011018945526814372,1,360,0,0,0.0,1,0,0,0,0,0,0.0,0.0,0.0,0.0,0.0,0.0,0.0,0.0,0.0,0.0
0,1,0.0,1,1,0,0,0.0,1,0,0,0,0,0,0.0,0.0,0.0,0.0,0.4338497378430081,0.5266551555751307,0.4366201665992298,0.4366201665992298,0.3913239224956858,0.0
0,1,0.0,1,1,0,0,0.0,1,0,0,0,0,0,0.0,0.0,0.37436550707984667,0.3534564097591396,0.3420924143906356,0.0,0.3442769095728272,0.3442769095728272,0.6171212462680092,0.0
0,1,0.0,1,1,0,0,0.0,1,0,0,0,0,0,0.0,0.0,0.0,0.0,0.0,0.0,0.0,0.0,0.0,0.0
1,2,0.4444444444444444,3,3,1,0,0.0,1,0,0,0,1,0,0.0,0.0,0.0,0.0,0.0,0.0,0.0,0.0,0.0,0.0
0,1,0.0,1,1,0,0,0.0,1,0,0,0,0,0,0.0,0.0,0.0,0.0,0.4338497378430081,0.5266551555751307,0.4366201665992298,0.4366201665992298,0.3913239224956858,0.0
0,1,0.0,2,3,0,0,0.0,1,0,0,0,0,0,0.0,0.0,0.4001978816393022,0.0,0.3656978460219279,0.0,0.3680330781088356,0.3680330781088356,0.6597045155081241,0.0
3,9,0.8097502972651605,172,60,0,0,0.0,1,0,0,0,0,0,0.0,0.0,0.0,0.0,0.0,0.0,0.0,0.0,0.0,0.0
2,11,0.37471046997261226,252,371,0,0,0.0,1,0,0,0,0,0,0.0,0.0,0.0,0.0,0.0,0.0,0.0,0.0,0.0,0.0
1,1,0.0,0,5,0,0,0.0,1,0,0,0,0,0,0.0,0.0,0.0,0.0,0.0,0.0,0.0,0.0,0.0,0.0
1,2,0.4444444444444444,2,1,0,0,0.0,1,0,0,0,0,0,0.0,0.0,0.0,0.0,0.0,0.0,0.0,0.0,0.0,0.0
3,6,0.3879864871118516,242,52,1,0,0.0,1,0,0,0,0,0,0.0,0.0,0.0,0.0,0.0,0.0,0.0,0.0,0.0,0.0
4,31,0.8510983923912128,417,673,1,0,0.0,1,0,0,0,0,0,0.0,0.0,0.0,0.0,0.0,0.0,0.0,0.0,0.0,0.0
4,46,0.9412051969794953,5951,53,0,0,0.0,1,0,0,0,0,0,0.0,0.0,1.0,0.0,0.0,0.0,0.0,0.0,0.0,0.0
3,13,0.8628897959183673,175,0,0,0,0.0,1,0,0,0,0,0,1.0,0.0,0.0,0.0,0.0,0.0,0.0,0.0,0.0,0.0
0,1,0.0,1,0,0,0,0.0,1,0,0,0,0,0,0.0,0.0,0.0,0.0,0.0,0.0,0.0,0.0,0.0,0.0
