DIFF_ND,DIFF_NF,DIFF_EN,SIZE_LA,SIZE_LD,PURP_FIX,PURP_MR,SKIP_DOC,SKIP_MET,SKIP_COM,SKIP_FRM,SKIP_BLD,LABEL,CM_add,CM_csv,CM_dependencies,CM_dropwizard,CM_fix,CM_make,CM_mtsar,CM_process,CM_update,CM_use
0,2,0.20761245674740492,6,11,0,0,1,0,0,0,0,0,0.0,0.0,0.0,0.0,0.0,0.0,0.0,0.0,1.0,0.0
0,1,0.0,2,2,0,0,1,0,0,0,0,0,0.0,0.0,0.0,0.0,0.0,0.0,0.0,0.0,1.0,0.0
0,2,0.4444444444444444,5,4,0,0,1,0,0,0,0,0,0.0,0.0,0.0,0.8216451339590656,0.0,0.0,0.0,0.0,0.5699993630184066,0.0
0,1,0.0,1,1,0,0,1,0,0,0,0,0,0.0,0.0,0.0,0.8216451339590656,0.0,0.0,0.0,0.0,0.5699993630184066,0.0
1,2,0.31999999999999984,5,5,0,0,1,0,0,0,0,0,0.0,0.0,0.6301773968342085,0.6379673409973876,0.0,0.0,0.0,0.0,0.44257668300531083,0.0
0,1,0.0,1,1,0,0,1,0,0,0,0,0,0.0,0.0,0.0,0.8216451339590656,0.0,0.0,0.0,0.0,0.5699993630184066,0.0
0,1,0.0,1,1,0,0,1,0,0,0,0,0,0.0,0.0,0.0,0.0,0.0,0.0,0.0,0.0,1.0,0.0
0,2,0.4885215794306703,14,19,0,0,1,0,0,0,0,0,0.0,0.0,0.0,0.0,0.0,0.0,0.0,0.0,0.0,0.0
0,1,0.0,4,4,0,0,1,0,0,0,0,0,0.0,0.0,0.0,0.0,1.0,0.0,0.0,0.0,0.0,0.0
0,1,0.0,2,2,0,0,1,0,0,0,0,0,0.0,0.0,0.0,0.0,0.0,0.0,0.0,0.0,1.0,0.0
0,1,0.0,2,2,0,0,1,0,0,0,0,0,0.0,0.0,0.0,0.0,0.0,0.0,0.0,0.0,1.0,0.0
0,1,0.0,1,1,0,0,1,0,0,0,0,0,0.0,0.0,0.0,0.0,1.0,0.0,0.0,0.0,0.0,0.0
0,3,0.6399999999999999,3,2,0,0,1,0,0,0,0,0,0.0,0.0,0.0,0.0,0.0,0.0,0.0,0.0,0.0,0.0
0,1,0.0,2,2,0,0,1,0,0,0,0,0,0.0,0.0,0.8183448011380535,0.0,0.0,0.0,0.0,0.0,0.5747275758568747,0.0
0,1,0.0,1,1,0,0,1,0,0,0,0,0,0.0,0.0,0.0,0.8216451339590656,0.0,0.0,0.0,0.0,0.5699993630184066,0.0
0,1,0.0,1,3,0,0,1,0,0,0,0,1,0.0,0.0,0.0,0.0,0.0,0.0,0.0,0.0,0.0,0.0
0,1,0.0,2,2,0,0,1,0,0,0,0,0,0.0,0.0,0.8183448011380535,0.0,0.0,0.0,0.0,0.0,0.5747275758568747,0.0
0,1,0.0,1,0,0,0,1,0,0,0,0,0,1.0,0.0,0.0,0.0,0.0,0.0,0.0,0.0,0.0,0.0
0,1,0.0,1,1,0,0,1,0,0,0,0,0,0.0,0.0,0.0,0.8216451339590656,0.0,0.0,0.0,0.0,0.5699993630184066,0.0
0,1,0.0,1,2,0,0,1,0,0,0,0,1,0.0,0.0,0.0,0.0,0.0,0.0,0.0,0.0,0.0,0.0
0,3,0.4553846153846153,35,30,0,0,1,0,0,0,0,1,0.0,0.0,0.0,0.0,0.0,0.0,0.0,0.0,1.0,0.0
0,1,0.0,1,1,0,0,1,0,0,0,0,0,0.0,0.0,0.8183448011380535,0.0,0.0,0.0,0.0,0.0,0.5747275758568747,0.0
0,1,0.0,2,2,0,0,1,0,0,0,0,0,0.0,0.0,0.0,0.8216451339590656,0.0,0.0,0.0,0.0,0.5699993630184066,0.0
2,13,0.9140625,13,19,0,0,1,0,0,0,0,0,0.0,0.0,0.0,0.0,0.0,0.0,0.0,0.0,0.0,0.0
0,1,0.0,5,5,0,0,1,0,0,0,0,0,0.0,0.0,0.8183448011380535,0.0,0.0,0.0,0.0,0.0,0.5747275758568747,0.0
2,4,0.5397923875432526,10,7,0,0,1,0,0,0,0,0,0.0,0.0,0.0,0.8216451339590656,0.0,0.0,0.0,0.0,0.5699993630184066,0.0
0,1,0.0,1,1,0,0,1,0,0,0,0,0,0.0,0.0,0.8183448011380535,0.0,0.0,0.0,0.0,0.0,0.5747275758568747,0.0
0,1,0.0,1,1,0,0,1,0,0,0,0,0,0.0,0.0,0.0,0.0,0.0,0.0,0.0,0.0,1.0,0.0
1,1,0.0,6,1,0,0,1,0,0,0,0,0,0.0,0.0,0.0,0.0,0.0,0.0,0.0,0.0,0.0,0.0
3,8,0.8733244777200821,49,42,0,0,1,0,0,0,0,0,0.0,0.0,0.0,0.0,0.0,1.0,0.0,0.0,0.0,0.0
0,1,0.0,2,2,0,0,1,0,0,0,0,0,0.0,0.0,0.8183448011380535,0.0,0.0,0.0,0.0,0.0,0.5747275758568747,0.0
5,7,0.816654492330168,8,29,0,0,1,0,0,0,0,0,0.0,0.0,0.0,0.0,0.0,0.0,0.0,0.0,0.0,0.0
5,7,0.816654492330168,29,8,0,0,1,0,0,0,0,0,0.0,0.0,0.0,0.0,0.0,0.0,0.0,0.0,0.0,0.0
1,1,0.0,8,3,0,0,1,0,0,0,0,0,0.0,0.0,0.0,0.0,0.0,0.0,0.0,0.0,0.0,0.0
3,6,0.8140495867768596,22,22,0,0,1,0,0,0,0,0,0.0,0.0,0.0,0.0,0.0,0.0,0.0,0.0,0.0,0.0
8,11,0.7304076094405307,76,115,0,0,1,0,0,0,0,0,0.0,0.0,0.0,0.0,0.0,0.0,0.0,0.0,0.0,0.0
11,30,0.9059854644687012,323,213,0,0,1,0,0,0,0,0,0.0,0.0,0.0,0.0,0.0,0.0,0.0,0.0,0.0,0.0
11,30,0.9059854644687012,323,213,1,0,1,0,0,0,0,0,0.3863328311053484,0.0,0.0,0.0,0.2713851111303558,0.0,0.8617105517072889,0.0,0.18588165628488032,0.0
1,2,0.5,2,2,0,0,1,0,0,0,0,1,0.0,0.0,0.8183448011380535,0.0,0.0,0.0,0.0,0.0,0.5747275758568747,0.0
0,1,0.0,1,1,0,0,1,0,0,0,0,0,0.0,0.0,0.8183448011380535,0.0,0.0,0.0,0.0,0.0,0.5747275758568747,0.0
0,1,0.0,1,1,0,0,1,0,0,0,0,0,0.0,0.0,0.8183448011380535,0.0,0.0,0.0,0.0,0.0,0.5747275758568747,0.0
0,1,0.0,29,0,0,0,1,0,0,0,0,1,0.558046121728943,0.0,0.0,0.0,0.0,0.0,0.8298099336735405,0.0,0.0,0.0
0,1,0.0,5,4,0,0,1,0,0,0,0,1,0.0,0.0,0.0,0.0,0.0,0.0,0.0,0.0,0.0,0.0
0,1,0.0,5,0,0,0,1,0,0,0,0,1,1.0,0.0,0.0,0.0,0.0,0.0,0.0,0.0,0.0,0.0
1,2,0.4444444444444444,3,3,0,0,1,0,0,0,0,0,0.0,0.0,0.8183448011380535,0.0,0.0,0.0,0.0,0.0,0.5747275758568747,0.0
0,1,0.0,1,1,0,0,1,0,0,0,0,0,0.0,0.0,0.8183448011380535,0.0,0.0,0.0,0.0,0.0,0.5747275758568747,0.0
4,13,0.894901144640999,31,31,0,0,1,0,0,0,0,0,0.0,0.0,0.0,0.0,0.0,0.0,0.0,0.0,0.0,0.0
1,2,0.5,2,2,0,0,1,0,0,0,0,0,0.0,0.0,0.0,0.8216451339590656,0.0,0.0,0.0,0.0,0.5699993630184066,0.0
0,1,0.0,1,1,0,0,1,0,0,0,0,0,0.0,0.0,0.8183448011380535,0.0,0.0,0.0,0.0,0.0,0.5747275758568747,0.0
1,1,0.0,1,1,0,0,1,0,0,0,0,1,0.0,0.0,0.0,0.0,0.0,0.0,0.0,0.0,0.0,0.0
1,2,0.4444444444444444,3,3,0,0,1,0,0,0,0,0,0.0,0.0,0.0,0.8216451339590656,0.0,0.0,0.0,0.0,0.5699993630184066,0.0
0,1,0.0,13,50,0,0,1,0,0,0,0,0,0.0,0.0,0.0,0.0,0.0,0.0,0.0,0.0,0.0,0.0
0,1,0.0,1,1,0,0,1,0,0,0,0,1,0.0,0.0,0.8183448011380535,0.0,0.0,0.0,0.0,0.0,0.5747275758568747,0.0
1,2,0.4965277777777779,64,8,0,0,1,0,0,0,0,0,0.0,0.0,0.0,0.0,0.0,0.0,0.0,0.0,0.0,0.0
15,43,0.9617871840094062,90,99,0,0,1,0,0,0,0,0,0.0,0.0,0.0,0.0,0.0,0.0,0.0,0.0,0.0,0.0
1,1,0.0,15,16,0,0,1,0,0,0,0,0,0.0,0.0,0.0,0.0,0.0,0.0,0.0,0.0,0.0,0.0
1,5,0.5424956747404844,133,3,0,0,1,0,0,0,0,0,0.0,1.0,0.0,0.0,0.0,0.0,0.0,0.0,0.0,0.0
0,1,0.0,1,1,1,0,1,0,0,0,0,1,0.0,0.0,0.0,0.0,0.0,0.0,0.0,0.0,0.0,0.0
0,1,0.0,1,1,0,0,1,0,0,0,0,0,0.0,0.0,0.0,0.0,0.0,0.0,0.0,0.0,1.0,0.0
0,1,0.0,11,0,0,0,1,0,0,0,0,0,0.0,0.0,0.0,0.0,0.0,0.0,0.0,0.0,1.0,0.0
0,1,0.0,4,1,0,0,1,0,0,0,0,1,1.0,0.0,0.0,0.0,0.0,0.0,0.0,0.0,0.0,0.0
0,1,0.0,1,1,0,0,1,0,0,0,0,1,0.0,0.0,0.0,0.0,0.0,0.0,0.0,0.0,0.0,0.0
1,1,0.0,8,2,0,0,1,0,0,0,0,0,0.0,0.0,0.0,0.0,1.0,0.0,0.0,0.0,0.0,0.0
2,2,0.48753462603878117,14,5,0,0,1,0,0,0,0,0,0.0,0.0,0.0,0.0,0.0,0.0,0.0,0.0,0.0,0.0
1,1,0.0,1,1,0,0,1,0,0,0,0,0,0.0,0.0,0.0,0.0,0.0,0.0,0.0,0.0,0.0,0.0
1,1,0.0,12,4,0,0,1,0,0,0,0,0,0.0,0.0,0.0,0.0,0.0,0.0,0.0,0.0,0.0,0.0
1,1,0.0,1,1,0,0,1,0,0,0,0,0,0.0,0.0,0.0,0.0,0.0,0.0,0.0,0.0,0.0,0.0
4,5,0.46239692479384964,127,0,0,0,1,0,0,0,0,0,1.0,0.0,0.0,0.0,0.0,0.0,0.0,0.0,0.0,0.0
1,1,0.0,2,2,0,0,1,0,0,0,0,0,0.0,0.0,0.0,0.0,0.0,0.0,0.0,0.0,0.0,0.0
0,1,0.0,1,1,0,0,1,0,0,0,0,1,0.0,0.0,0.8183448011380535,0.0,0.0,0.0,0.0,0.0,0.5747275758568747,0.0
1,1,0.0,1,1,0,0,1,0,0,0,0,1,0.0,0.0,0.0,0.0,0.0,0.0,0.0,0.0,0.0,0.0
1,1,0.0,0,1,0,0,1,0,0,0,0,1,0.0,0.0,0.0,0.0,0.0,0.0,0.0,0.0,0.0,0.0
1,1,0.0,17,0,0,0,1,0,0,0,0,0,1.0,0.0,0.0,0.0,0.0,0.0,0.0,0.0,0.0,0.0
1,1,0.0,26,0,0,0,1,0,0,0,0,0,1.0,0.0,0.0,0.0,0.0,0.0,0.0,0.0,0.0,0.0
1,2,0.4986149584487536,7,12,0,0,1,0,0,0,0,0,0.0,0.0,0.0,0.0,0.0,0.0,0.0,0.0,0.0,0.0
2,3,0.6399999999999999,2,3,0,0,1,0,0,0,0,1,0.0,0.0,0.0,0.0,0.0,0.0,0.0,0.0,0.0,0.0
1,1,0.0,2,2,0,0,1,0,0,0,0,0,0.0,0.0,0.0,0.0,1.0,0.0,0.0,0.0,0.0,0.0
1,1,0.0,9,0,0,0,1,0,0,0,0,0,1.0,0.0,0.0,0.0,0.0,0.0,0.0,0.0,0.0,0.0
4,16,0.9148978377306091,40,31,0,0,1,0,0,0,0,0,0.0,0.0,0.0,0.0,0.0,0.0,1.0,0.0,0.0,0.0
0,1,0.0,1,1,0,0,1,0,0,0,0,0,0.0,0.0,0.0,0.0,0.0,0.0,0.0,0.0,1.0,0.0
0,1,0.0,1,1,0,0,1,0,0,0,0,1,0.0,0.0,0.8183448011380535,0.0,0.0,0.0,0.0,0.0,0.5747275758568747,0.0
0,1,0.0,1,1,0,0,1,0,0,0,0,1,0.0,0.0,0.0,0.0,0.0,0.0,0.0,0.0,0.0,0.0
0,1,0.0,1,1,0,0,1,0,0,0,0,0,0.0,0.0,0.8183448011380535,0.0,0.0,0.0,0.0,0.0,0.5747275758568747,0.0
0,1,0.0,2,2,0,0,1,0,0,0,0,0,0.0,0.0,0.8183448011380535,0.0,0.0,0.0,0.0,0.0,0.5747275758568747,0.0
0,1,0.0,1,1,0,0,1,0,0,0,0,0,0.0,0.0,0.0,0.8216451339590656,0.0,0.0,0.0,0.0,0.5699993630184066,0.0
0,1,0.0,1,1,0,0,1,0,0,0,0,0,0.0,0.0,0.0,0.0,0.0,0.0,0.0,0.0,1.0,0.0
0,1,0.0,1,1,0,0,1,0,0,0,0,0,0.0,0.0,0.0,0.0,0.0,0.0,0.0,0.0,1.0,0.0
1,2,0.4444444444444444,3,3,0,0,1,0,0,0,0,0,0.0,0.0,0.0,0.0,0.0,0.0,0.0,0.0,1.0,0.0
0,1,0.0,1,1,0,0,1,0,0,0,0,0,0.0,0.0,0.0,0.0,0.0,0.0,0.0,0.0,1.0,0.0
0,1,0.0,1,1,0,0,1,0,0,0,0,0,0.0,0.0,0.0,0.0,0.0,0.0,0.0,0.0,1.0,0.0
1,1,0.0,16,15,0,0,1,0,0,0,0,0,0.0,0.0,0.0,0.0,0.0,0.0,0.0,0.0,0.0,0.0
2,3,0.6666666666666667,3,3,0,0,1,0,0,0,0,0,0.0,0.0,0.0,0.0,1.0,0.0,0.0,0.0,0.0,0.0
1,2,0.375,4,4,0,0,1,0,0,0,0,0,0.0,0.0,0.8183448011380535,0.0,0.0,0.0,0.0,0.0,0.5747275758568747,0.0
0,1,0.0,1,1,0,0,1,0,0,0,0,0,0.0,0.0,0.0,0.0,0.0,0.0,0.0,0.0,1.0,0.0
1,1,0.0,3,2,0,0,1,0,0,0,0,1,0.0,0.0,0.0,0.0,0.0,0.0,0.0,0.0,0.0,0.0
1,1,0.0,1,1,0,0,1,0,0,0,0,0,0.0,0.0,0.0,0.0,1.0,0.0,0.0,0.0,0.0,0.0
0,1,0.0,1,1,0,0,1,0,0,0,0,0,0.0,0.0,0.0,0.8216451339590656,0.0,0.0,0.0,0.0,0.5699993630184066,0.0
3,3,0.664819944598338,58,56,0,0,1,0,0,0,0,0,0.0,0.0,0.0,0.0,0.0,0.0,0.0,0.0,0.0,0.0
3,8,0.8302384767650108,61,42,0,0,1,0,0,0,0,0,0.0,0.0,0.0,0.0,0.0,0.0,0.0,1.0,0.0,0.0
1,2,0.375,0,8,0,0,1,0,0,0,0,1,0.0,0.0,0.0,0.0,0.0,0.0,0.0,0.0,0.0,0.0
0,1,0.0,33,2,0,0,1,0,0,0,0,0,0.0,0.0,0.0,0.8216451339590656,0.0,0.0,0.0,0.0,0.5699993630184066,0.0
2,4,0.6224489795918368,14,14,0,0,1,0,0,0,0,0,0.0,0.0,0.0,0.0,0.0,0.0,1.0,0.0,0.0,0.0
0,1,0.0,1,1,0,0,1,0,0,0,0,0,0.0,0.0,0.0,0.0,0.0,0.0,0.0,0.0,1.0,0.0
0,1,0.0,2,2,0,0,1,0,0,0,0,1,0.0,0.0,0.0,0.0,0.0,0.0,0.0,0.0,0.0,0.0
0,1,0.0,1,12,0,0,1,0,0,0,0,1,1.0,0.0,0.0,0.0,0.0,0.0,0.0,0.0,0.0,0.0
1,1,0.0,0,0,0,0,1,0,0,0,0,0,0.0,0.0,0.0,0.0,0.0,0.0,0.0,0.0,1.0,0.0
1,1,0.0,7,2,0,0,1,0,0,0,0,1,0.0,0.0,0.0,0.0,0.0,0.0,0.0,0.0,0.0,1.0
1,3,0.5511111111111111,8,7,0,0,1,0,0,0,0,1,0.0,0.685788514931988,0.0,0.0,0.7278008744068521,0.0,0.0,0.0,0.0,0.0
1,1,0.0,0,1,0,0,1,0,0,0,0,1,0.0,0.0,0.0,0.0,0.0,0.0,0.0,0.0,0.0,0.0
5,5,0.5942906574394464,36,32,0,0,1,0,0,1,0,0,0.0,0.0,0.0,0.0,0.0,0.0,0.0,0.0,0.0,0.0
1,3,0.5190311418685121,10,7,0,0,1,0,0,0,0,0,0.0,0.0,0.0,0.0,0.0,1.0,0.0,0.0,0.0,0.0
0,1,0.0,1,1,0,0,1,0,0,0,0,0,0.0,0.0,0.0,0.0,0.0,0.0,0.0,0.0,1.0,0.0
1,1,0.0,2,2,0,0,1,0,0,0,0,1,0.0,0.0,0.0,0.0,0.0,0.0,0.0,0.0,0.0,0.0
16,64,0.9541303306714781,507,531,0,0,1,0,0,0,0,0,0.0,0.0,0.0,0.0,0.0,0.0,0.0,1.0,0.0,0.0
1,1,0.0,25,23,0,0,1,0,0,0,0,1,0.0,0.0,0.0,0.0,0.0,0.0,0.0,0.0,0.0,0.0
6,8,0.6870693799070662,66,92,0,0,1,0,0,0,0,0,0.0,0.0,0.0,0.0,0.0,0.0,0.0,1.0,0.0,0.0
0,1,0.0,1,1,0,0,1,0,0,0,0,0,0.0,0.0,0.0,0.0,0.0,0.0,0.0,0.0,1.0,0.0
0,4,0.75,4,4,0,0,1,0,0,0,0,0,0.0,0.0,0.0,0.0,0.0,0.0,0.0,0.0,0.0,0.0
0,1,0.0,0,5,1,0,1,0,0,0,0,1,0.0,0.0,0.0,0.0,0.0,0.0,0.0,0.0,0.0,0.0
1,1,0.0,0,21,0,0,1,0,0,0,0,1,0.0,0.0,0.0,0.0,0.0,0.0,0.0,0.0,0.0,0.0
8,20,0.9466764061358656,92,93,0,0,1,0,0,0,0,0,0.0,0.0,0.0,0.0,0.0,0.0,0.0,0.0,0.0,1.0
2,2,0.31999999999999984,2,8,0,0,1,0,0,0,0,1,0.0,0.0,0.0,0.0,0.0,0.0,0.0,0.0,0.0,0.0
3,8,0.7382248076562207,43,30,0,0,1,0,0,0,0,0,0.0,0.0,0.0,0.0,0.0,0.0,0.0,0.0,0.0,0.0
2,2,0.1527777777777779,48,0,0,0,1,0,0,0,0,0,1.0,0.0,0.0,0.0,0.0,0.0,0.0,0.0,0.0,0.0
1,3,0.6666666666666667,9,9,0,0,1,0,0,0,0,1,0.0,0.0,0.0,0.0,0.0,0.0,0.0,0.0,0.0,0.0
1,1,0.0,4,4,0,0,1,0,0,0,0,1,0.0,0.0,0.0,0.0,0.0,0.0,0.0,0.0,0.0,0.0
1,1,0.0,2,1,0,0,1,0,0,0,0,1,0.0,0.0,0.0,0.0,0.0,0.0,0.0,0.0,0.0,0.0
2,3,0.5714285714285714,10,11,0,0,1,0,0,0,0,1,0.0,0.0,0.0,0.0,0.0,0.0,0.0,0.0,0.0,0.0
3,5,0.6710291493158834,31,10,0,0,1,0,0,0,0,1,0.0,0.0,0.0,0.0,0.0,0.0,0.0,0.0,0.0,0.0
1,1,0.0,3,3,0,0,1,0,0,0,0,1,0.0,0.0,0.0,0.0,0.0,0.0,0.0,1.0,0.0,0.0
6,11,0.8754463348036127,32,37,0,0,1,0,0,0,0,0,0.0,0.0,0.0,0.0,0.0,0.0,0.0,0.0,0.0,1.0
1,1,0.0,10,1,0,0,1,0,0,0,0,1,0.0,0.0,0.0,0.0,0.0,0.0,0.0,1.0,0.0,0.0
0,1,0.0,6,0,0,0,1,0,0,0,0,0,0.0,0.0,0.0,0.0,0.0,0.0,0.0,0.0,0.0,0.0
5,15,0.9166218396987628,101,42,0,0,1,0,0,0,0,0,1.0,0.0,0.0,0.0,0.0,0.0,0.0,0.0,0.0,0.0
1,1,0.0,3,0,0,0,1,0,0,0,0,1,0.0,0.0,0.0,0.0,0.0,0.0,0.0,1.0,0.0,0.0
0,1,0.0,3,3,0,0,1,0,0,0,0,0,0.0,0.0,0.0,0.8216451339590656,0.0,0.0,0.0,0.0,0.5699993630184066,0.0
6,13,0.8775307958477508,164,261,0,0,1,0,0,0,0,0,0.0,0.0,0.0,1.0,0.0,0.0,0.0,0.0,0.0,0.0
3,7,0.85,20,0,0,0,1,0,0,0,0,0,0.0,0.0,0.0,0.0,0.0,0.0,0.0,1.0,0.0,0.0
2,2,0.41700960219478733,7,20,0,0,1,0,0,0,0,1,0.0,0.0,0.0,0.0,0.0,0.0,0.0,0.0,0.0,0.0
1,1,0.0,32,38,0,0,1,0,0,0,0,0,0.0,0.0,0.0,0.0,0.0,0.0,0.0,0.0,0.0,1.0
1,1,0.0,5,5,0,0,1,0,0,0,0,0,0.0,0.0,0.0,0.0,0.0,0.0,0.0,0.0,0.0,0.0
1,2,0.48611111111111105,6,6,0,0,1,0,0,0,0,0,0.0,0.0,0.0,0.0,0.0,0.0,0.0,0.0,0.0,0.0
1,1,0.0,0,1,0,0,1,0,0,0,0,1,0.0,0.0,0.0,0.0,0.0,0.0,0.0,0.0,0.0,0.0
1,1,0.0,10,2,0,0,1,0,0,0,0,1,1.0,0.0,0.0,0.0,0.0,0.0,0.0,0.0,0.0,0.0
2,2,0.3995243757431628,19,10,0,0,1,0,0,0,0,0,0.0,0.0,0.0,0.0,0.0,0.0,0.0,0.0,0.0,0.0
1,1,0.0,2,2,0,0,1,0,0,0,0,1,0.0,0.0,0.0,0.0,0.0,0.0,0.0,0.0,0.0,0.0
2,3,0.2362265312403815,111,3,0,0,1,0,0,0,0,0,0.0,0.0,0.0,0.0,0.0,0.0,0.0,0.0,0.0,1.0
1,1,0.0,26,0,0,0,1,0,0,0,0,0,0.0,0.0,0.0,0.0,0.0,0.0,0.0,0.0,0.5921123643331495,0.8058554138329079
0,1,0.0,2,2,0,0,1,0,0,0,0,0,0.0,0.0,0.0,0.8216451339590656,0.0,0.0,0.0,0.0,0.5699993630184066,0.0
2,6,0.7140039447731756,39,0,0,0,1,0,0,0,0,1,0.0,0.0,0.0,0.0,0.0,0.0,0.0,0.0,0.0,0.0
2,2,0.4997736532367587,28,19,0,0,1,0,0,0,0,1,0.0,0.0,0.0,0.0,0.0,0.0,0.0,0.0,0.0,0.0
1,1,0.0,11,0,0,0,1,0,0,0,0,1,1.0,0.0,0.0,0.0,0.0,0.0,0.0,0.0,0.0,0.0
1,1,0.0,1,9,0,0,1,0,0,0,0,1,0.0,0.0,0.0,0.0,0.0,0.0,0.0,0.0,0.0,0.0
5,13,0.8933367768595042,40,48,0,0,1,0,0,0,0,0,0.0,0.0,0.0,0.0,0.0,0.0,0.0,0.0,0.0,0.0
1,1,0.0,2,2,0,0,1,0,0,0,0,1,0.0,0.0,0.0,0.0,0.0,0.0,0.0,0.0,0.0,0.0
1,3,0.5166752400548698,216,0,0,0,1,0,0,0,0,0,1.0,0.0,0.0,0.0,0.0,0.0,0.0,0.0,0.0,0.0
1,1,0.0,1,1,0,0,1,0,0,0,0,1,0.0,0.0,0.0,0.0,0.0,0.0,0.0,0.0,0.0,0.0
1,1,0.0,1,1,0,0,1,0,0,0,1,1,0.0,0.0,0.0,0.0,0.0,0.0,0.0,0.0,0.0,0.0
1,3,0.6666666666666667,15,15,0,0,1,0,0,0,0,1,0.0,0.0,0.0,0.0,0.0,0.0,0.0,0.0,0.0,0.0
1,1,0.0,4,4,0,0,1,0,0,0,0,1,0.0,0.685788514931988,0.0,0.0,0.7278008744068521,0.0,0.0,0.0,0.0,0.0
0,1,0.0,2,2,0,0,1,0,0,0,0,1,0.0,0.0,0.0,0.0,0.0,0.0,1.0,0.0,0.0,0.0
1,2,0.499054820415879,13,10,0,0,1,0,0,0,0,0,0.0,0.0,0.0,0.0,0.0,0.0,0.0,0.0,0.0,0.0
1,4,0.6351606805293006,13,33,0,0,1,0,0,0,0,1,0.0,0.0,0.0,0.0,1.0,0.0,0.0,0.0,0.0,0.0
1,1,0.0,5,5,0,0,1,0,0,0,0,1,0.0,0.0,0.0,0.0,0.0,1.0,0.0,0.0,0.0,0.0
1,1,0.0,2,1,0,0,1,0,0,0,0,1,0.0,0.0,0.0,0.0,0.0,0.0,0.0,0.0,0.0,0.0
1,1,0.0,1,1,0,0,1,0,0,0,0,0,0.0,0.0,0.0,0.0,0.0,0.0,0.0,0.0,0.0,1.0
1,5,0.7885714285714286,14,21,0,0,1,0,0,0,0,1,0.0,1.0,0.0,0.0,0.0,0.0,0.0,0.0,0.0,0.0
1,5,0.7925,21,19,0,0,1,0,0,0,0,1,0.0,1.0,0.0,0.0,0.0,0.0,0.0,0.0,0.0,0.0
1,2,0.49975308641975313,61,29,0,0,1,0,0,0,0,0,0.0,0.0,0.0,0.0,0.0,0.0,0.0,0.0,0.0,0.0
2,2,0.4131944444444444,18,6,0,0,1,0,0,0,0,0,0.0,0.0,0.0,0.0,0.0,0.0,0.0,0.0,0.0,0.0
5,8,0.8279883381924198,56,42,0,0,1,0,0,0,0,0,0.0,0.0,0.0,0.0,0.0,0.0,0.0,0.0,0.0,0.0
2,3,0.5320415224913494,50,35,0,0,1,0,0,0,0,1,0.0,0.0,0.0,0.0,0.0,0.0,0.0,1.0,0.0,0.0
1,1,0.0,1,1,0,0,1,0,0,0,0,1,0.0,0.0,0.0,0.0,0.0,0.0,0.0,0.0,0.0,0.0
1,1,0.0,20,2,0,0,1,0,0,0,0,1,1.0,0.0,0.0,0.0,0.0,0.0,0.0,0.0,0.0,0.0
1,3,0.6666666666666667,3,3,0,0,1,0,0,0,0,1,0.0,1.0,0.0,0.0,0.0,0.0,0.0,0.0,0.0,0.0
2,3,0.5789254477301125,26,23,0,0,1,0,0,0,0,1,0.0,0.0,0.0,0.0,0.0,0.0,0.0,0.0,0.0,1.0
5,12,0.9073881373569199,45,17,0,0,1,0,0,0,0,1,0.0,0.0,0.0,0.0,0.0,0.0,0.0,0.0,0.0,0.0
2,11,0.8950788140364045,97,195,0,0,1,0,0,0,0,0,0.0,0.0,0.0,0.0,0.0,0.0,0.0,0.0,0.0,0.0
2,2,0.315688775510204,56,0,0,0,1,0,0,0,0,1,0.6027461080338467,0.7979330355675534,0.0,0.0,0.0,0.0,0.0,0.0,0.0,0.0
1,1,0.0,2,1,0,0,1,0,0,0,0,0,0.0,0.0,0.0,0.0,0.0,0.0,0.0,0.0,0.0,0.0
1,1,0.0,10,0,0,0,1,0,0,0,0,1,1.0,0.0,0.0,0.0,0.0,0.0,0.0,0.0,0.0,0.0
1,1,0.0,2,4,0,0,1,0,0,0,0,1,0.0,0.0,0.0,0.0,0.0,1.0,0.0,0.0,0.0,0.0
3,6,0.5306574115990141,90,192,0,0,1,0,0,0,0,0,0.0,0.0,0.0,0.0,0.0,0.0,0.0,0.0,0.0,1.0
1,1,0.0,1,17,0,0,1,0,0,0,0,0,0.0,0.0,0.0,0.0,0.0,0.0,0.0,0.0,0.0,0.0
2,5,0.5649076198526748,75,16,0,0,1,0,0,0,0,0,0.0,0.0,0.0,0.0,0.0,0.0,0.0,0.0,0.0,0.0
0,1,0.0,14,6,0,0,1,0,0,0,0,1,0.0,0.0,0.0,0.0,0.0,1.0,0.0,0.0,0.0,0.0
0,1,0.0,22,0,0,0,1,0,0,0,0,1,1.0,0.0,0.0,0.0,0.0,0.0,0.0,0.0,0.0,0.0
17,92,0.9890392348350993,1457,1,0,0,1,0,0,0,0,1,0.0,0.0,0.0,0.0,0.0,0.0,0.0,0.0,0.0,0.0
5,6,0.6173015307938768,101,5,0,0,1,0,0,0,0,1,0.0,0.0,0.0,0.0,0.0,0.0,0.0,0.0,0.0,0.0
3,6,0.7919333413838908,49,42,0,0,1,0,0,0,0,0,0.0,0.0,0.0,0.0,0.0,0.0,0.0,0.0,0.0,0.0
5,12,0.7887811634349031,100,52,1,0,1,0,0,0,0,0,0.0,0.0,0.0,0.0,0.0,0.0,0.0,0.0,0.0,1.0
1,2,0.5,8,8,0,0,1,0,0,0,0,1,0.0,0.0,0.0,0.0,0.0,0.0,0.0,0.0,0.0,0.0
2,2,0.4444444444444444,6,6,0,0,1,0,0,0,0,0,0.0,0.0,0.0,0.0,0.0,0.0,0.0,0.0,0.0,0.0
1,3,0.6087650419738899,177,0,0,0,1,0,0,0,0,0,1.0,0.0,0.0,0.0,0.0,0.0,0.0,0.0,0.0,0.0
0,1,0.0,1,0,0,0,1,0,0,0,0,1,0.0,0.0,0.0,0.0,0.0,0.0,0.0,0.0,0.0,0.0
0,1,0.0,3,4,0,0,1,0,0,0,0,0,0.0,0.0,0.0,0.0,0.0,0.0,0.0,0.0,0.0,0.0
0,1,0.0,4,0,0,0,1,0,0,0,0,0,0.0,0.0,0.0,0.0,0.0,0.0,0.0,0.0,1.0,0.0
2,5,0.6371742112482852,48,6,0,0,1,0,0,0,0,1,0.6027461080338467,0.7979330355675534,0.0,0.0,0.0,0.0,0.0,0.0,0.0,0.0
4,8,0.8593099345627603,54,28,1,0,1,0,0,0,0,0,0.0,0.0,0.0,0.0,0.0,0.0,0.0,0.0,0.0,0.0
2,5,0.12764444444444423,47,103,0,0,1,0,0,0,0,0,0.0,0.0,0.0,0.0,0.0,0.0,0.0,0.0,0.0,0.0
0,1,0.0,2,2,1,0,1,0,0,0,0,0,0.0,0.0,0.0,0.0,0.0,0.0,0.0,0.0,0.0,0.0
5,16,0.8813296398891967,101,89,0,0,1,0,0,0,0,0,0.0,0.0,0.0,0.0,0.0,0.0,0.0,0.0,0.0,1.0
1,1,0.0,7,8,0,0,1,0,0,0,0,0,0.0,0.0,0.0,0.0,0.0,0.0,0.0,0.0,0.0,0.0
1,1,0.0,7,7,0,0,1,0,0,0,0,0,0.0,0.0,0.0,0.0,0.0,0.0,0.0,0.0,0.0,0.0
1,1,0.0,2,0,0,0,1,0,0,0,0,1,0.0,0.0,0.0,0.0,0.0,0.0,0.0,0.0,0.0,0.0
3,7,0.8258928571428572,24,32,0,0,1,0,0,0,0,0,0.0,0.0,0.0,0.0,0.0,0.0,0.0,0.0,0.0,0.0
1,2,0.39430572070286685,163,11,0,0,1,0,0,0,0,0,1.0,0.0,0.0,0.0,0.0,0.0,0.0,0.0,0.0,0.0
3,4,0.7407407407407407,7,2,0,0,1,0,0,0,0,1,0.0,0.0,0.0,0.0,0.0,0.0,0.0,0.0,0.0,0.0
0,1,0.0,1,1,0,0,1,0,0,0,0,1,0.0,0.0,0.0,0.0,0.0,0.0,0.0,0.0,1.0,0.0
5,5,0.5330812854442344,1,22,0,0,1,0,0,0,0,1,0.0,0.0,0.0,0.0,0.0,0.0,0.0,0.0,0.0,0.0
7,20,0.7784083020963488,175,413,0,0,1,0,0,0,0,0,0.0,0.0,0.0,0.0,0.0,0.0,0.0,0.0,0.0,1.0
1,2,0.49586776859504145,77,0,0,0,1,0,0,0,0,1,0.0,0.0,0.0,0.0,0.0,0.0,0.0,0.0,0.0,0.0
3,4,0.6933333333333334,5,10,0,0,1,0,0,0,0,0,0.0,0.0,0.0,0.0,0.0,0.0,0.0,1.0,0.0,0.0
2,5,0.738751147842057,43,23,0,0,1,0,0,0,0,0,0.0,0.0,0.0,0.0,0.0,0.0,0.0,0.0,0.0,0.0
2,2,0.46875,8,8,0,0,1,0,0,0,0,1,0.0,0.0,0.0,0.0,0.0,0.0,0.0,0.0,0.0,0.0
0,1,0.0,5,0,0,0,1,0,0,0,0,0,1.0,0.0,0.0,0.0,0.0,0.0,0.0,0.0,0.0,0.0
0,1,0.0,5,3,0,0,1,0,0,0,0,1,0.0,0.0,0.0,0.0,0.0,1.0,0.0,0.0,0.0,0.0
0,1,0.0,2,1,0,0,1,0,0,0,0,1,1.0,0.0,0.0,0.0,0.0,0.0,0.0,0.0,0.0,0.0
0,2,0.47337278106508873,9,4,0,0,1,0,0,0,0,1,0.0,0.0,0.0,0.0,0.0,0.0,0.0,0.0,0.0,0.0
1,2,0.09730440499671267,39,0,0,0,1,0,0,0,0,0,0.0,0.0,0.0,0.0,0.0,0.0,0.0,0.0,0.0,0.0
0,1,0.0,2,2,0,0,1,0,0,0,0,0,0.0,0.8088806232742082,0.0,0.0,0.0,0.0,0.0,0.0,0.5879729052358861,0.0
0,1,0.0,2,2,0,0,1,0,0,0,0,1,0.0,0.0,0.0,0.0,0.686765116422777,0.0,0.7268794087500412,0.0,0.0,0.0
0,1,0.0,1,1,0,0,1,0,0,0,0,1,0.0,0.0,0.0,0.0,0.0,0.0,0.0,0.0,0.0,0.0
0,2,0.06887755102040805,55,1,0,0,1,0,0,0,0,0,0.0,0.0,0.0,0.0,0.0,0.0,0.0,0.0,0.0,0.0
0,2,0.0,1,1,0,0,1,0,0,0,0,1,0.0,0.0,0.0,0.0,0.0,0.0,1.0,0.0,0.0,0.0
1,3,0.6666666666666667,3,0,0,0,1,0,0,0,0,1,0.0,0.0,0.0,0.0,0.0,0.0,0.0,0.0,0.0,0.0
1,1,0.0,7,0,0,0,1,0,0,0,0,0,0.0,0.0,0.0,0.0,0.0,0.0,0.0,0.0,0.0,0.0
0,1,0.0,1,1,0,0,1,0,0,0,0,1,0.0,0.0,0.0,0.6978464239588331,0.0,0.7162474213341843,0.0,0.0,0.0,0.0
1,1,0.0,3,3,0,0,1,0,0,0,0,1,0.0,0.0,0.0,0.0,0.0,0.0,0.0,0.0,0.0,0.0
0,1,0.0,7,3,0,0,1,0,0,0,0,0,0.0,0.0,0.0,0.8216451339590656,0.0,0.0,0.0,0.0,0.5699993630184066,0.0
2,2,0.42000000000000004,7,3,0,0,1,0,0,0,0,0,0.0,0.0,0.0,0.0,0.0,1.0,0.0,0.0,0.0,0.0
3,8,0.7587094429892958,155,102,0,0,1,0,0,0,0,0,0.0,0.0,0.0,0.0,0.0,0.0,0.0,0.0,0.0,0.0
1,3,0.6666666666666667,3,3,0,0,1,0,0,0,0,1,1.0,0.0,0.0,0.0,0.0,0.0,0.0,0.0,0.0,0.0
2,5,0.6991471424370159,44,57,0,0,1,0,0,0,0,0,0.0,0.0,0.0,0.0,0.0,0.0,0.0,0.0,0.0,0.0
3,6,0.7818525519848771,50,65,0,0,1,0,0,0,0,0,0.0,0.0,0.0,0.0,0.0,0.0,0.0,0.0,0.0,0.0
1,1,0.0,11,0,0,0,1,0,0,0,0,0,0.0,0.0,0.0,0.0,1.0,0.0,0.0,0.0,0.0,0.0
1,1,0.0,4,1,0,0,1,0,0,0,0,0,0.0,0.0,0.0,0.0,0.0,0.0,0.0,0.0,0.0,0.0
2,2,0.31999999999999984,24,6,0,0,1,0,0,0,0,0,1.0,0.0,0.0,0.0,0.0,0.0,0.0,0.0,0.0,0.0
3,3,0.4464285714285715,27,1,0,0,1,0,0,0,0,0,0.0,0.0,0.0,0.0,0.0,0.0,0.0,0.0,0.0,0.0
1,1,0.0,0,1,0,0,1,0,0,0,0,1,0.0,0.0,0.0,0.0,0.0,0.0,0.0,0.0,0.0,0.0
1,1,0.0,2,1,0,0,1,0,0,0,0,1,1.0,0.0,0.0,0.0,0.0,0.0,0.0,0.0,0.0,0.0
1,1,0.0,1,1,0,0,1,0,0,0,0,0,0.0,0.0,0.0,0.0,0.0,0.0,0.0,0.0,0.0,0.0
1,2,0.48,5,10,0,0,1,0,0,0,0,0,0.0,0.0,0.0,0.0,0.0,0.0,0.7504367941546957,0.0,0.0,0.6609422198489238
4,4,0.7097270280661284,47,4,0,0,1,0,0,0,0,0,0.0,0.0,0.0,0.0,0.0,0.0,0.0,0.0,0.0,0.0
1,1,0.0,1,1,0,0,1,0,0,0,0,0,0.0,0.0,0.0,0.0,0.0,0.0,0.0,0.0,0.0,0.0
0,1,0.0,3,0,0,0,1,0,1,0,0,1,0.558046121728943,0.0,0.0,0.0,0.0,0.0,0.8298099336735405,0.0,0.0,0.0
0,1,0.0,1,1,0,0,1,0,0,0,0,1,0.0,0.0,0.0,0.0,0.0,0.0,0.0,0.0,0.0,1.0
2,2,0.48979591836734704,5,2,0,0,1,0,0,0,0,0,0.0,0.0,0.0,0.0,0.0,0.0,0.0,0.0,0.0,0.0
2,3,0.5511111111111111,8,7,0,0,1,0,0,0,0,0,0.0,0.0,0.0,0.0,1.0,0.0,0.0,0.0,0.0,0.0
3,4,0.6089795918367348,31,4,0,0,1,0,0,0,0,0,1.0,0.0,0.0,0.0,0.0,0.0,0.0,0.0,0.0,0.0
0,1,0.0,1,1,0,0,1,0,0,0,0,1,0.0,0.0,0.0,0.0,0.0,0.0,0.0,0.0,0.0,0.0
1,1,0.0,2,1,0,0,1,0,0,0,0,0,0.0,0.0,0.0,0.0,0.0,0.0,0.0,0.0,0.0,0.0
4,5,0.7089180624717066,41,6,0,0,1,0,0,0,0,0,0.0,0.0,0.0,0.0,0.0,0.0,0.0,0.0,0.0,0.0
1,3,0.6666666666666667,3,3,0,0,1,0,0,0,0,1,0.0,0.0,0.0,0.0,0.0,0.0,0.0,0.0,0.0,0.0
2,6,0.7437037037037038,36,9,0,0,1,0,0,0,0,0,0.0,1.0,0.0,0.0,0.0,0.0,0.0,0.0,0.0,0.0
0,1,0.0,2,0,0,0,1,0,0,0,0,1,0.6027461080338467,0.7979330355675534,0.0,0.0,0.0,0.0,0.0,0.0,0.0,0.0
1,1,0.0,2,2,0,0,1,0,0,0,0,1,0.0,0.0,0.0,0.0,0.0,0.0,0.0,0.0,0.0,0.0
1,3,0.6666666666666667,3,3,0,0,1,0,0,0,0,1,0.0,0.0,0.0,0.0,0.0,0.0,0.0,0.0,0.0,0.0
1,3,0.65625,24,24,0,0,1,0,0,0,0,1,0.0,0.6809546545538799,0.0,0.0,0.0,0.7323255822661162,0.0,0.0,0.0,0.0
2,6,0.743764172335601,15,6,0,0,1,0,0,0,0,0,0.0,0.0,0.0,0.0,0.0,0.0,0.0,0.0,0.0,0.0
1,3,0.6666666666666667,6,6,0,0,1,0,0,0,0,0,0.0,0.6809546545538799,0.0,0.0,0.0,0.7323255822661162,0.0,0.0,0.0,0.0
0,1,0.0,3,1,0,0,1,0,0,0,0,1,1.0,0.0,0.0,0.0,0.0,0.0,0.0,0.0,0.0,0.0
0,1,0.0,2,2,0,0,1,0,0,0,0,1,0.0,0.0,0.0,0.0,0.0,0.0,0.0,0.0,0.0,0.0
0,1,0.0,3,1,0,0,1,0,0,0,0,1,1.0,0.0,0.0,0.0,0.0,0.0,0.0,0.0,0.0,0.0
0,1,0.0,0,5,0,0,1,0,0,0,0,1,0.0,0.0,0.0,0.0,0.0,0.0,0.0,0.0,0.0,0.0
0,1,0.0,1,1,1,0,1,0,0,0,0,0,0.0,0.0,0.0,0.0,1.0,0.0,0.0,0.0,0.0,0.0
0,1,0.0,3,0,0,0,1,0,0,0,0,1,1.0,0.0,0.0,0.0,0.0,0.0,0.0,0.0,0.0,0.0
0,3,0.3203125,16,0,0,0,1,0,0,0,0,0,0.0,0.0,0.0,0.0,0.0,0.0,0.0,0.0,0.0,0.0
0,2,0.0,1,0,0,0,1,0,0,0,0,1,0.0,0.0,0.0,0.0,0.0,0.0,0.0,0.0,0.0,0.0
1,1,0.0,188,0,0,0,1,0,0,0,0,0,1.0,0.0,0.0,0.0,0.0,0.0,0.0,0.0,0.0,0.0
2,9,0.8187106102581649,226,75,0,0,1,0,0,0,0,0,0.0,1.0,0.0,0.0,0.0,0.0,0.0,0.0,0.0,0.0
2,9,0.8727379850180961,93,125,0,0,1,0,0,0,0,0,0.0,1.0,0.0,0.0,0.0,0.0,0.0,0.0,0.0,0.0
4,18,0.9134853340906325,239,75,0,0,1,0,0,0,0,0,0.0,0.0,0.0,0.0,0.0,0.0,0.0,0.0,0.0,1.0
2,2,0.07986111111111094,24,0,0,0,1,0,0,0,0,0,1.0,0.0,0.0,0.0,0.0,0.0,0.0,0.0,0.0,0.0
1,3,0.6666666666666667,3,3,0,0,1,0,0,1,0,1,0.0,1.0,0.0,0.0,0.0,0.0,0.0,0.0,0.0,0.0
2,2,0.1472,6,19,0,0,1,0,0,0,0,0,0.0,0.0,0.0,0.0,0.0,0.0,0.0,0.0,0.0,0.0
1,3,0.6666666666666667,9,0,0,0,1,0,0,0,0,0,1.0,0.0,0.0,0.0,0.0,0.0,0.0,0.0,0.0,0.0
1,3,0.6666666666666667,9,6,0,0,1,0,0,0,0,0,0.0,0.685788514931988,0.0,0.0,0.7278008744068521,0.0,0.0,0.0,0.0,0.0
2,7,0.8370489408327246,179,6,0,0,1,0,0,0,0,0,0.0,0.0,0.0,0.0,0.0,0.0,0.0,0.0,0.0,0.0
1,3,0.6647187728268809,30,81,0,0,1,0,0,0,0,0,0.0,0.6809546545538799,0.0,0.0,0.0,0.7323255822661162,0.0,0.0,0.0,0.0
1,4,0.2892622352081812,34,3,0,0,1,0,0,0,0,0,0.0,1.0,0.0,0.0,0.0,0.0,0.0,0.0,0.0,0.0
0,1,0.0,1,0,0,0,1,0,0,0,0,1,1.0,0.0,0.0,0.0,0.0,0.0,0.0,0.0,0.0,0.0
0,1,0.0,1,1,0,0,1,0,0,0,0,1,0.0,0.0,0.0,0.0,0.0,0.0,0.0,0.0,0.0,0.0
0,1,0.0,18,1,0,0,1,0,0,0,0,1,0.0,0.0,0.0,0.0,0.0,0.0,0.0,0.0,0.0,0.0
1,2,0.31999999999999984,7,3,0,0,1,0,0,0,0,1,0.0,0.0,0.0,0.0,0.0,0.0,0.0,0.0,1.0,0.0
1,2,0.5,2,2,0,0,1,0,0,0,0,0,0.0,0.0,0.0,0.0,0.0,0.0,0.0,0.0,1.0,0.0
2,2,0.40816326530612246,6,8,0,0,1,0,0,0,0,0,0.0,0.0,0.0,0.0,0.0,0.0,0.0,0.0,0.0,0.0
0,1,0.0,10,5,0,0,1,0,0,0,0,0,0.0,0.0,0.0,0.0,0.0,0.0,0.0,0.0,0.0,0.0
0,1,0.0,3,0,0,0,1,0,0,0,0,0,0.0,0.0,0.0,0.0,0.0,0.0,0.0,0.0,0.0,0.0
2,5,0.777271412037037,288,0,0,0,1,0,0,0,0,0,0.0,0.0,0.0,0.0,0.0,0.0,0.0,0.0,0.0,0.0
12,14,0.8879026955950033,77,1,0,0,1,0,0,0,0,0,0.0,0.0,0.0,0.0,0.0,0.0,0.0,0.0,0.0,0.0
4,7,0.8163265306122449,11,10,0,0,1,0,0,0,0,0,0.0,0.0,0.0,0.0,0.0,0.0,0.0,0.0,0.0,0.0
0,1,0.0,5,10,0,0,1,0,0,0,0,0,0.0,0.0,0.0,0.0,0.0,0.0,0.0,0.0,0.0,0.0
0,1,0.0,1,1,0,0,1,0,0,0,0,1,0.0,0.0,0.0,0.0,0.0,0.0,0.0,0.0,1.0,0.0
2,3,0.573946482935427,64,15,0,0,1,0,0,0,0,0,0.0,0.0,0.0,0.0,0.0,0.0,0.0,0.0,0.0,0.0
1,3,0.6666666666666667,3,0,1,0,1,0,0,0,0,0,0.0,0.0,0.0,0.0,0.0,0.0,0.0,0.0,0.0,0.0
0,1,0.0,39,6,1,0,1,0,0,0,0,0,0.0,0.0,1.0,0.0,0.0,0.0,0.0,0.0,0.0,0.0
0,1,0.0,36,2,0,0,1,0,0,0,0,0,0.0,0.0,0.0,0.0,0.0,0.0,0.0,0.0,0.0,0.0
0,1,0.0,10,0,0,0,1,0,0,0,0,1,1.0,0.0,0.0,0.0,0.0,0.0,0.0,0.0,0.0,0.0
0,2,0.0,1,0,0,0,1,0,0,0,0,1,0.0,0.0,0.0,0.0,0.0,0.0,0.0,0.0,0.0,0.0
1,1,0.0,0,1,0,0,1,0,0,0,0,1,0.0,0.0,0.0,0.0,0.0,0.0,0.0,0.0,0.0,0.0
3,3,0.30125000000000013,39,1,0,0,1,0,0,0,0,1,1.0,0.0,0.0,0.0,0.0,0.0,0.0,0.0,0.0,0.0
0,1,0.0,1,1,0,0,1,0,0,0,0,1,0.0,0.0,0.0,0.0,0.0,0.0,0.0,0.0,0.0,0.0
0,1,0.0,3,3,0,0,1,0,0,0,0,1,0.0,0.0,0.0,0.0,0.0,0.0,0.0,0.0,0.0,0.0
0,1,0.0,5,7,0,0,1,0,0,0,0,0,0.0,0.0,0.0,0.0,0.0,0.0,0.0,0.0,0.0,0.0
0,1,0.0,1,1,0,0,1,0,0,0,0,0,0.0,0.0,0.0,0.0,0.0,0.0,0.0,0.0,0.0,0.0
0,1,0.0,4,2,0,0,1,0,0,0,0,0,0.0,0.0,0.0,0.0,0.0,0.0,0.0,0.0,0.0,0.0
0,1,0.0,1,1,0,0,1,0,0,0,0,0,0.0,0.0,0.0,0.0,0.0,0.0,1.0,0.0,0.0,0.0
0,2,0.4444444444444444,5,1,0,0,1,0,0,0,0,0,1.0,0.0,0.0,0.0,0.0,0.0,0.0,0.0,0.0,0.0
0,2,0.4444444444444444,2,1,0,0,1,0,0,0,0,0,1.0,0.0,0.0,0.0,0.0,0.0,0.0,0.0,0.0,0.0
0,2,0.18836565096952906,31,7,0,0,1,0,0,0,0,0,0.0,0.0,0.0,0.0,0.0,0.0,0.0,0.0,0.0,0.0
1,1,0.0,4,4,0,0,1,0,0,0,0,0,0.0,0.0,0.0,0.0,0.0,0.0,0.0,0.0,0.0,0.0
1,1,0.0,4,1,0,0,1,0,0,0,0,0,0.0,0.0,0.0,0.0,0.0,0.0,0.0,0.0,0.0,0.0
6,15,0.7927967291907243,279,79,0,0,1,0,0,0,0,0,1.0,0.0,0.0,0.0,0.0,0.0,0.0,0.0,0.0,0.0
0,1,0.0,1,1,0,0,1,0,0,0,0,1,0.0,0.0,0.0,0.0,0.0,0.0,0.7504367941546957,0.0,0.0,0.6609422198489238
0,2,0.43915630070308276,36,7,0,0,1,0,0,0,0,1,0.0,0.0,0.0,0.0,0.0,0.0,0.7504367941546957,0.0,0.0,0.6609422198489238
3,7,0.8461538461538461,26,26,0,0,1,0,0,0,0,0,0.0,0.0,0.0,0.0,0.0,0.0,0.0,0.0,0.0,0.0
2,3,0.5599999999999999,4,1,0,0,1,0,0,0,0,0,0.0,0.0,0.0,0.0,1.0,0.0,0.0,0.0,0.0,0.0
2,6,0.754325259515571,10,7,0,0,1,0,0,0,0,0,0.0,0.0,0.0,0.0,0.0,0.0,0.0,0.0,0.0,0.0
1,4,0.71875,8,8,0,0,1,0,0,0,0,0,0.0,0.7109015912427872,0.0,0.0,0.0,0.0,0.0,0.0,0.0,0.703291495447281
2,2,0.2777777777777777,42,0,0,0,1,0,0,0,0,0,0.0,0.0,0.0,0.0,0.0,0.0,0.0,0.0,0.0,0.0
4,9,0.7903490698438292,174,9,0,0,1,0,0,0,0,0,0.0,1.0,0.0,0.0,0.0,0.0,0.0,0.0,0.0,0.0
0,1,0.0,1,1,0,0,1,0,0,0,0,1,0.0,0.0,0.0,0.0,0.0,0.0,0.0,0.0,1.0,0.0
2,2,0.14201183431952646,24,2,0,0,1,0,0,0,0,0,0.0,0.0,0.0,0.0,0.0,1.0,0.0,0.0,0.0,0.0
1,1,0.0,26,17,0,0,1,0,0,0,0,0,0.0,0.0,0.0,0.0,0.0,0.0,0.0,0.0,0.0,0.0
1,1,0.0,35,7,0,0,1,0,0,0,0,0,0.0,0.0,0.0,0.0,0.0,1.0,0.0,0.0,0.0,0.0
1,1,0.0,12,7,0,0,1,0,0,0,0,0,0.0,0.0,0.0,0.0,0.0,0.0,0.0,0.0,0.0,0.0
1,1,0.0,3,3,0,0,1,0,0,0,0,0,0.0,0.0,0.0,0.0,0.0,0.0,0.0,0.0,0.0,0.0
1,1,0.0,3,2,0,0,1,0,0,0,0,0,0.0,0.0,0.0,0.0,0.0,0.0,0.0,0.0,0.0,0.0
3,4,0.6811308349769889,30,9,0,0,1,0,0,0,0,0,0.574777425412751,0.0,0.0,0.0,0.0,0.0,0.0,0.8183097892826954,0.0,0.0
1,1,0.0,2,3,0,0,1,0,0,0,0,0,0.0,0.0,0.0,0.0,0.0,0.0,0.0,0.0,0.0,0.0
2,6,0.7338842975206612,46,9,0,0,1,0,0,0,0,0,0.0,0.0,0.0,0.0,0.0,1.0,0.0,0.0,0.0,0.0
1,2,0.4854253420582987,30,11,0,0,1,0,0,0,0,0,0.0,0.0,0.0,0.0,0.0,0.0,0.0,0.0,0.0,0.0
2,2,0.2588734567901234,40,32,0,0,1,0,0,0,0,0,0.0,1.0,0.0,0.0,0.0,0.0,0.0,0.0,0.0,0.0
1,3,0.5714285714285714,10,18,0,0,1,0,0,0,0,0,0.0,0.0,0.0,0.0,0.0,1.0,0.0,0.0,0.0,0.0
1,1,0.0,1,1,0,0,1,0,0,0,0,0,0.0,0.0,0.0,0.0,0.0,0.0,0.0,0.0,0.0,0.0
1,1,0.0,1,8,0,0,1,0,0,0,0,0,0.0,0.0,0.0,0.0,0.0,0.0,0.0,0.0,0.0,0.0
2,2,0.46875,8,0,0,0,1,0,0,0,0,0,0.0,0.0,0.0,0.0,0.0,0.0,0.0,1.0,0.0,0.0
4,6,0.63427734375,40,24,0,0,1,0,0,0,0,0,0.0,0.0,0.0,0.0,0.0,0.0,0.0,0.0,0.0,0.0
1,1,0.0,17,19,0,0,1,0,0,0,0,0,0.0,0.0,0.0,0.0,0.0,0.0,0.0,0.0,0.0,0.0
2,2,0.4444444444444444,3,0,0,0,1,0,0,0,0,1,1.0,0.0,0.0,0.0,0.0,0.0,0.0,0.0,0.0,0.0
1,1,0.0,5,0,0,0,1,0,0,0,0,0,0.0,0.0,0.0,0.0,0.0,0.0,0.0,1.0,0.0,0.0
1,1,0.0,3,0,0,0,1,0,0,0,0,0,0.574777425412751,0.0,0.0,0.0,0.0,0.0,0.0,0.8183097892826954,0.0,0.0
1,1,0.0,4,4,0,0,1,0,0,0,0,0,0.0,0.0,0.0,0.0,0.0,0.0,0.0,0.0,0.0,0.0
1,1,0.0,9,8,0,0,1,0,0,0,0,0,0.0,0.0,0.0,0.0,0.0,0.0,0.0,0.0,0.0,0.0
4,5,0.5028409090909092,84,4,0,0,1,0,0,0,0,0,0.0,0.0,0.0,0.0,0.0,0.0,0.0,0.0,0.0,0.0
1,1,0.0,19,11,0,0,1,0,0,0,0,0,0.0,0.0,0.0,0.0,0.0,0.0,0.0,0.0,0.0,0.0
2,2,0.39669421487603307,11,0,0,0,1,0,0,0,0,1,0.0,0.0,0.0,0.0,0.0,0.0,0.0,0.0,0.0,0.0
8,28,0.953125,48,48,0,0,1,0,0,0,0,0,0.0,0.0,0.0,0.0,0.0,0.0,1.0,0.0,0.0,0.0
4,9,0.7533035939735712,59,50,0,0,1,0,0,0,0,0,0.0,0.0,0.0,0.0,0.0,0.0,0.0,0.0,0.0,0.0
2,5,0.6574394463667821,9,8,0,0,1,0,0,1,0,1,0.0,0.0,0.0,0.0,0.0,0.0,0.0,0.0,0.0,0.0
1,1,0.0,0,0,0,0,1,0,0,0,0,1,1.0,0.0,0.0,0.0,0.0,0.0,0.0,0.0,0.0,0.0
0,1,0.0,15,2,0,0,1,0,0,0,0,1,0.0,0.0,0.0,0.0,0.0,0.0,0.0,0.0,0.0,0.0
1,2,0.47530864197530853,36,0,0,0,1,0,0,0,0,0,1.0,0.0,0.0,0.0,0.0,0.0,0.0,0.0,0.0,0.0
1,2,0.48,3,2,0,0,1,0,0,0,0,0,0.0,0.0,0.0,0.0,0.0,0.0,0.0,1.0,0.0,0.0
5,19,0.9352335975712599,90,64,0,0,1,0,0,0,0,0,0.0,0.0,0.0,0.0,0.0,0.0,0.0,0.0,0.0,1.0
2,4,0.65625,2,6,0,0,1,0,0,0,0,1,0.0,0.0,0.0,0.0,0.0,0.0,0.0,0.0,0.0,0.0
1,3,0.6666666666666667,75,0,0,0,1,0,0,0,0,0,1.0,0.0,0.0,0.0,0.0,0.0,0.0,0.0,0.0,0.0
1,2,0.2777777777777777,6,0,0,0,1,0,0,0,0,1,0.0,0.0,0.0,0.0,0.0,0.0,0.0,0.0,0.0,1.0
2,3,0.6666666666666667,6,3,0,0,1,0,0,0,0,0,0.0,0.0,0.0,0.0,0.0,0.0,0.0,0.0,0.0,0.0
1,1,0.0,5,4,0,0,1,0,0,0,0,0,0.0,0.0,0.0,0.0,0.0,0.7071067811865475,0.0,0.7071067811865475,0.0,0.0
1,1,0.0,1,6,0,0,1,0,0,0,0,0,0.0,0.0,0.0,0.0,0.0,0.0,0.0,0.735968265812517,0.0,0.6770160350515462
1,1,0.0,15,0,0,0,1,0,0,0,0,0,0.574777425412751,0.0,0.0,0.0,0.0,0.0,0.0,0.8183097892826954,0.0,0.0
2,2,0.5,4,4,0,0,1,0,0,0,0,0,0.0,0.0,0.0,0.0,0.0,0.0,0.0,0.0,0.0,0.0
11,36,0.9286641478184359,412,283,0,0,1,0,0,0,0,0,0.0,0.0,0.0,0.0,0.0,0.0,0.0,0.0,0.0,1.0
2,2,0.4944598337950138,18,20,0,0,1,0,0,0,0,0,0.0,0.0,0.0,0.0,0.0,0.0,0.0,0.0,0.0,0.0
2,3,0.6168047337278106,44,21,0,0,1,0,0,0,0,0,0.0,0.0,0.0,0.0,0.0,0.0,0.0,0.0,0.0,0.0
0,1,0.0,19,0,0,0,1,0,0,0,0,1,1.0,0.0,0.0,0.0,0.0,0.0,0.0,0.0,0.0,0.0
0,1,0.0,4,0,0,0,1,0,0,0,0,1,1.0,0.0,0.0,0.0,0.0,0.0,0.0,0.0,0.0,0.0
0,2,0.2777777777777777,6,0,0,0,1,0,0,0,0,1,1.0,0.0,0.0,0.0,0.0,0.0,0.0,0.0,0.0,0.0
4,8,0.4276740123622682,225,19,0,0,1,0,0,0,0,0,0.0,0.0,0.0,0.0,0.0,0.0,0.0,0.0,0.0,1.0
0,1,0.0,5,0,0,0,1,0,0,0,0,1,0.6027461080338467,0.7979330355675534,0.0,0.0,0.0,0.0,0.0,0.0,0.0,0.0
0,1,0.0,1,1,0,0,1,0,0,0,0,1,0.0,0.0,0.0,0.0,1.0,0.0,0.0,0.0,0.0,0.0
0,1,0.0,0,1,0,0,1,0,0,0,0,0,0.0,0.0,0.0,0.0,0.0,0.0,0.0,0.0,0.0,0.0
0,1,0.0,1,0,0,0,1,0,0,0,0,0,0.0,0.0,0.0,0.0,0.0,0.0,0.0,0.0,0.0,0.0
0,2,0.345679012345679,23,4,0,0,1,0,0,0,0,1,0.0,0.0,0.0,0.0,0.0,0.0,0.0,0.0,0.0,0.0
0,2,0.2659279778393353,19,0,0,0,1,0,0,0,0,1,0.0,0.0,0.0,0.0,0.0,0.0,0.0,0.0,0.0,0.0
0,1,0.0,2,1,0,0,1,0,0,0,1,0,0.0,0.0,0.0,0.0,0.0,0.0,0.0,0.0,0.0,0.0
0,1,0.0,1,1,0,0,1,0,0,0,0,0,0.0,0.0,0.0,0.0,0.0,0.0,0.0,0.0,1.0,0.0
0,1,0.0,1,1,0,0,1,0,0,0,0,0,0.0,0.0,0.0,0.0,0.0,0.0,0.0,0.0,1.0,0.0
0,1,0.0,1,1,0,0,1,0,0,0,0,0,0.0,0.0,0.0,0.8216451339590656,0.0,0.0,0.0,0.0,0.5699993630184066,0.0
0,1,0.0,5,0,0,0,1,0,0,0,0,0,0.0,0.0,0.0,0.0,0.0,0.0,0.0,0.0,0.0,0.0
1,2,0.21875,11,5,0,0,1,0,0,0,0,0,0.0,0.0,0.0,0.0,1.0,0.0,0.0,0.0,0.0,0.0
1,1,0.0,8,5,0,0,1,0,0,0,0,0,0.0,0.0,0.0,0.0,0.0,1.0,0.0,0.0,0.0,0.0
1,2,0.4192505895711416,107,0,0,0,1,0,0,0,0,0,1.0,0.0,0.0,0.0,0.0,0.0,0.0,0.0,0.0,0.0
5,15,0.9184364419821484,27,30,0,0,1,0,0,0,0,0,0.0,0.0,0.0,0.0,0.0,0.0,0.0,0.0,0.0,0.0
0,2,0.4591836734693877,13,1,0,0,1,0,0,0,1,0,0.0,0.0,0.0,0.0,0.0,0.0,0.0,0.0,0.0,0.0
11,38,0.9540227076481461,1631,0,0,0,1,0,0,0,0,0,0.558046121728943,0.0,0.0,0.0,0.0,0.0,0.8298099336735405,0.0,0.0,0.0
4,7,0.8467025584142701,333,0,0,0,1,0,0,0,0,0,1.0,0.0,0.0,0.0,0.0,0.0,0.0,0.0,0.0,0.0
0,1,0.0,6,0,0,0,1,0,0,0,0,0,1.0,0.0,0.0,0.0,0.0,0.0,0.0,0.0,0.0,0.0
0,1,0.0,143,0,0,0,1,0,0,0,0,0,1.0,0.0,0.0,0.0,0.0,0.0,0.0,0.0,0.0,0.0
0,1,0.0,1,1,0,0,1,0,0,0,0,0,0.0,0.0,0.0,0.0,0.0,0.0,0.0,0.0,0.0,0.0
0,1,0.0,11,0,0,0,1,0,0,0,0,0,0.0,0.0,0.0,0.0,0.0,0.0,0.0,0.0,0.0,0.0
0,1,0.0,1,1,0,0,1,0,0,0,0,0,0.0,0.0,0.0,0.0,0.0,0.0,0.0,0.0,0.0,1.0
0,1,0.0,4,0,0,0,1,0,0,0,0,0,1.0,0.0,0.0,0.0,0.0,0.0,0.0,0.0,0.0,0.0
0,1,0.0,16,2,0,0,1,0,0,0,0,0,0.0,0.0,0.0,0.0,0.0,0.0,0.0,0.0,0.0,0.0
1,2,0.46875,16,0,0,0,1,0,0,0,0,0,1.0,0.0,0.0,0.0,0.0,0.0,0.0,0.0,0.0,0.0
0,1,0.0,6,0,0,0,1,0,0,0,0,0,0.0,0.0,0.0,0.0,0.0,0.0,0.0,0.0,1.0,0.0
0,3,0.12225651577503427,216,0,0,0,1,0,0,0,0,0,0.0,0.0,0.0,0.0,0.0,0.0,0.0,0.0,0.0,0.0
