DIFF_ND,DIFF_NF,DIFF_EN,SIZE_LA,SIZE_LD,PURP_FIX,PURP_MR,SKIP_DOC,SKIP_MET,SKIP_COM,SKIP_FRM,SKIP_BLD,LABEL,CM_added,CM_context,CM_java,CM_logger,CM_md,CM_merge,CM_readme,CM_test,CM_tracee,CM_update
9,35,0.9237622542490277,688,408,0,0,1,0,0,0,0,0,0.0,0.0,0.0,0.0,0.0,0.0,0.0,0.0,0.0,0.0
1,2,0.5,0,2,0,0,1,0,0,0,0,0,0.0,0.0,1.0,0.0,0.0,0.0,0.0,0.0,0.0,0.0
1,2,0.5,4,2,0,0,1,0,0,0,0,0,0.0,0.0,1.0,0.0,0.0,0.0,0.0,0.0,0.0,0.0
4,20,0.9420850150441361,1074,5,0,0,1,0,0,0,0,0,0.0,1.0,0.0,0.0,0.0,0.0,0.0,0.0,0.0,0.0
9,12,0.8661644893654129,175,172,0,0,1,0,0,0,0,0,0.0,0.0,0.0,0.0,0.0,0.0,0.0,0.0,0.0,0.0
2,2,0.328180737217598,25,4,0,0,1,0,0,0,0,0,1.0,0.0,0.0,0.0,0.0,0.0,0.0,0.0,0.0,0.0
0,1,0.0,1,0,0,0,1,0,0,0,0,0,0.0,0.0,0.0,0.0,0.0,0.0,0.0,0.0,0.0,0.0
1,1,0.0,26,0,0,0,1,0,0,0,0,0,1.0,0.0,0.0,0.0,0.0,0.0,0.0,0.0,0.0,0.0
18,22,0.9527410207939508,23,23,0,0,1,0,0,0,0,0,0.0,0.0,0.0,0.0,0.0,0.0,0.0,0.0,0.0,0.0
18,22,0.9527410207939508,23,23,0,0,1,0,0,0,0,0,0.0,0.0,0.0,0.0,0.0,0.0,0.0,0.0,0.0,0.0
1,1,0.0,6,3,0,0,1,0,0,0,0,0,0.0,0.0,0.0,0.0,0.0,1.0,0.0,0.0,0.0,0.0
1,1,0.0,6,3,0,0,1,0,0,0,0,0,0.0,0.0,0.0,0.0,0.0,0.0,0.0,0.0,0.0,0.0
4,4,0.6169481591986787,216,58,0,0,1,0,0,0,0,0,0.0,0.0,0.0,0.0,0.0,1.0,0.0,0.0,0.0,0.0
4,4,0.6169481591986787,216,58,1,0,1,0,0,0,0,0,0.0,0.0,0.0,0.0,0.0,0.0,0.0,0.0,0.0,0.0
1,1,0.0,2,2,0,0,1,0,0,0,0,1,0.0,0.0,0.0,0.0,0.5762758961704032,0.0,0.5705755324107058,0.0,0.0,0.5851065315882555
1,1,0.0,7,13,0,0,1,0,0,0,0,1,0.0,0.0,0.0,0.0,0.5762758961704032,0.0,0.5705755324107058,0.0,0.0,0.5851065315882555
0,1,0.0,1,1,0,0,1,0,0,0,0,1,0.0,0.0,0.0,0.0,0.5762758961704032,0.0,0.5705755324107058,0.0,0.0,0.5851065315882555
1,1,0.0,7,2,0,0,1,0,0,0,0,1,0.0,0.0,0.0,0.0,0.5762758961704032,0.0,0.5705755324107058,0.0,0.0,0.5851065315882555
1,1,0.0,1,1,0,0,1,0,0,0,0,1,0.0,0.0,0.0,0.0,0.5762758961704032,0.0,0.5705755324107058,0.0,0.0,0.5851065315882555
1,1,0.0,1,1,0,0,1,0,0,0,0,1,0.0,0.0,0.0,0.0,0.5762758961704032,0.0,0.5705755324107058,0.0,0.0,0.5851065315882555
1,1,0.0,1,1,0,0,1,0,0,0,0,1,0.0,0.0,0.0,0.0,0.5762758961704032,0.0,0.5705755324107058,0.0,0.0,0.5851065315882555
1,1,0.0,2,0,0,0,1,0,0,0,0,1,0.0,0.0,0.0,0.0,0.5762758961704032,0.0,0.5705755324107058,0.0,0.0,0.5851065315882555
1,1,0.0,11,1,0,0,1,0,0,0,0,1,0.0,0.0,0.0,0.0,0.5762758961704032,0.0,0.5705755324107058,0.0,0.0,0.5851065315882555
0,1,0.0,2,2,0,0,1,0,0,0,0,1,0.0,0.0,0.0,0.0,0.5762758961704032,0.0,0.5705755324107058,0.0,0.0,0.5851065315882555
0,1,0.0,4,2,0,0,1,0,0,0,0,1,0.0,0.0,0.0,0.0,0.5762758961704032,0.0,0.5705755324107058,0.0,0.0,0.5851065315882555
0,1,0.0,1,1,0,0,1,0,0,0,0,1,0.0,0.0,0.0,0.0,0.5762758961704032,0.0,0.5705755324107058,0.0,0.0,0.5851065315882555
0,1,0.0,2,2,0,0,1,0,0,0,0,1,0.0,0.0,0.0,0.0,0.5762758961704032,0.0,0.5705755324107058,0.0,0.0,0.5851065315882555
0,1,0.0,5,2,0,0,1,0,0,0,0,1,0.0,0.0,0.0,0.0,0.5762758961704032,0.0,0.5705755324107058,0.0,0.0,0.5851065315882555
0,1,0.0,14,5,0,0,1,0,0,0,0,1,0.0,0.0,0.0,0.0,0.5762758961704032,0.0,0.5705755324107058,0.0,0.0,0.5851065315882555
0,1,0.0,48,64,0,0,1,0,0,0,0,1,0.0,0.0,0.0,0.0,0.5762758961704032,0.0,0.5705755324107058,0.0,0.0,0.5851065315882555
1,1,0.0,1,0,0,0,1,0,0,0,0,1,0.0,0.0,0.0,0.0,0.5762758961704032,0.0,0.5705755324107058,0.0,0.0,0.5851065315882555
1,1,0.0,22,6,0,0,1,0,0,0,0,1,0.0,0.0,0.0,0.0,0.5762758961704032,0.0,0.5705755324107058,0.0,0.0,0.5851065315882555
1,1,0.0,4,10,0,0,1,0,0,0,0,1,0.0,0.0,0.0,0.0,0.5762758961704032,0.0,0.5705755324107058,0.0,0.0,0.5851065315882555
1,2,0.4993467847292785,51,32,0,0,1,0,0,0,0,0,0.0,0.0,0.0,0.0,0.0,1.0,0.0,0.0,0.0,0.0
1,2,0.4993467847292785,51,32,0,0,1,0,0,0,0,0,0.0,0.0,0.0,0.0,0.0,0.0,0.0,0.0,0.0,0.0
1,1,0.0,2,2,0,0,1,0,0,0,0,1,0.0,0.0,0.0,0.0,0.5762758961704032,0.0,0.5705755324107058,0.0,0.0,0.5851065315882555
1,1,0.0,7,13,0,0,1,0,0,0,0,1,0.0,0.0,0.0,0.0,0.5762758961704032,0.0,0.5705755324107058,0.0,0.0,0.5851065315882555
0,1,0.0,1,1,0,0,1,0,0,0,0,1,0.0,0.0,0.0,0.0,0.5762758961704032,0.0,0.5705755324107058,0.0,0.0,0.5851065315882555
1,1,0.0,7,2,0,0,1,0,0,0,0,1,0.0,0.0,0.0,0.0,0.5762758961704032,0.0,0.5705755324107058,0.0,0.0,0.5851065315882555
1,1,0.0,1,1,0,0,1,0,0,0,0,1,0.0,0.0,0.0,0.0,0.5762758961704032,0.0,0.5705755324107058,0.0,0.0,0.5851065315882555
1,1,0.0,1,1,0,0,1,0,0,0,0,1,0.0,0.0,0.0,0.0,0.5762758961704032,0.0,0.5705755324107058,0.0,0.0,0.5851065315882555
1,1,0.0,1,1,0,0,1,0,0,0,0,1,0.0,0.0,0.0,0.0,0.5762758961704032,0.0,0.5705755324107058,0.0,0.0,0.5851065315882555
1,1,0.0,2,0,0,0,1,0,0,0,0,1,0.0,0.0,0.0,0.0,0.5762758961704032,0.0,0.5705755324107058,0.0,0.0,0.5851065315882555
1,1,0.0,11,1,0,0,1,0,0,0,0,1,0.0,0.0,0.0,0.0,0.5762758961704032,0.0,0.5705755324107058,0.0,0.0,0.5851065315882555
0,1,0.0,2,2,0,0,1,0,0,0,0,1,0.0,0.0,0.0,0.0,0.5762758961704032,0.0,0.5705755324107058,0.0,0.0,0.5851065315882555
0,1,0.0,4,2,0,0,1,0,0,0,0,1,0.0,0.0,0.0,0.0,0.5762758961704032,0.0,0.5705755324107058,0.0,0.0,0.5851065315882555
0,1,0.0,1,1,0,0,1,0,0,0,0,1,0.0,0.0,0.0,0.0,0.5762758961704032,0.0,0.5705755324107058,0.0,0.0,0.5851065315882555
0,1,0.0,2,2,0,0,1,0,0,0,0,1,0.0,0.0,0.0,0.0,0.5762758961704032,0.0,0.5705755324107058,0.0,0.0,0.5851065315882555
0,1,0.0,5,2,0,0,1,0,0,0,0,1,0.0,0.0,0.0,0.0,0.5762758961704032,0.0,0.5705755324107058,0.0,0.0,0.5851065315882555
0,1,0.0,14,5,0,0,1,0,0,0,0,1,0.0,0.0,0.0,0.0,0.5762758961704032,0.0,0.5705755324107058,0.0,0.0,0.5851065315882555
0,1,0.0,48,64,0,0,1,0,0,0,0,1,0.0,0.0,0.0,0.0,0.5762758961704032,0.0,0.5705755324107058,0.0,0.0,0.5851065315882555
1,1,0.0,1,0,0,0,1,0,0,0,0,1,0.0,0.0,0.0,0.0,0.5762758961704032,0.0,0.5705755324107058,0.0,0.0,0.5851065315882555
1,1,0.0,22,6,0,0,1,0,0,0,0,1,0.0,0.0,0.0,0.0,0.5762758961704032,0.0,0.5705755324107058,0.0,0.0,0.5851065315882555
1,1,0.0,4,10,0,0,1,0,0,0,0,1,0.0,0.0,0.0,0.0,0.5762758961704032,0.0,0.5705755324107058,0.0,0.0,0.5851065315882555
18,22,0.9527410207939508,23,23,0,0,1,0,0,0,0,0,0.0,0.0,0.0,0.0,0.0,0.0,0.0,0.0,0.0,0.0
18,22,0.9527410207939508,23,23,0,0,1,0,0,0,0,0,0.0,0.0,0.0,0.0,0.0,0.0,0.0,0.0,0.0,0.0
1,1,0.0,0,14,0,0,1,0,0,0,0,0,0.0,1.0,0.0,0.0,0.0,0.0,0.0,0.0,0.0,0.0
18,22,0.9527410207939508,23,23,0,0,1,0,0,0,0,0,0.0,0.0,0.0,0.0,0.0,0.0,0.0,0.0,0.0,0.0
18,22,0.9368888888888889,34,41,0,0,1,0,0,0,0,0,0.0,0.0,0.0,0.0,0.0,0.0,0.0,0.0,0.0,0.0
1,1,0.0,0,0,1,0,1,0,0,0,0,0,0.0,0.0,0.0,0.0,0.0,0.0,0.0,0.0,0.0,0.0
1,1,0.0,0,0,1,0,1,0,0,0,0,0,0.0,0.0,0.0,0.0,0.0,0.0,0.0,0.0,0.0,0.0
12,19,0.8835463947141626,324,148,1,0,1,0,0,0,0,0,0.0,1.0,0.0,0.0,0.0,0.0,0.0,0.0,0.0,0.0
8,20,0.8822574101390919,606,700,0,0,1,0,0,0,0,0,0.0,0.0,0.0,0.0,0.0,0.0,0.0,0.0,0.0,0.0
5,11,0.7168877354863514,99,105,0,0,1,0,0,0,0,0,0.0,0.0,0.0,0.0,0.0,0.0,0.0,0.0,0.0,0.0
3,4,0.3401142659279778,123,29,0,0,1,0,0,0,0,0,0.0,0.0,0.0,0.0,0.0,0.0,0.0,1.0,0.0,0.0
1,2,0.4296875,10,6,0,0,1,0,0,0,1,0,0.0,0.0,0.0,0.0,0.0,0.0,0.0,0.0,0.0,0.0
18,23,0.9492293082036671,51,66,0,0,1,0,0,0,0,0,0.0,0.0,0.0,0.0,0.0,0.41938135696441453,0.0,0.907810154950189,0.0,0.0
7,10,0.846665210199432,91,88,0,0,1,0,0,0,0,0,0.5599998745195607,0.4945029627039987,0.0,0.0,0.0,0.0,0.0,0.6647307427936847,0.0,0.0
0,1,0.0,1,1,0,0,1,0,0,0,0,1,0.0,0.0,0.0,0.0,0.5762758961704032,0.0,0.5705755324107058,0.0,0.0,0.5851065315882555
0,1,0.0,1,1,0,0,1,0,0,0,0,1,0.0,0.0,0.0,0.0,0.5762758961704032,0.0,0.5705755324107058,0.0,0.0,0.5851065315882555
18,22,0.9513888888888888,24,24,0,0,1,0,0,0,0,0,0.0,0.0,0.0,0.0,0.0,0.0,0.0,0.0,0.0,0.0
18,22,0.9459341427198882,46,61,0,0,1,0,0,0,0,0,0.0,0.0,0.0,0.0,0.0,0.0,0.0,0.0,0.0,0.0
2,2,0.4914933837429112,4,19,0,0,1,0,0,0,0,0,0.0,0.5143371472137778,0.0,0.572175211156004,0.0,0.6388057817009604,0.0,0.0,0.0,0.0
2,2,0.4914933837429112,4,19,0,0,1,0,0,0,0,0,0.0,0.668518997179297,0.0,0.7436950654740068,0.0,0.0,0.0,0.0,0.0,0.0
8,11,0.6503748558246829,323,85,0,0,1,0,0,0,0,0,0.0,0.0,0.0,0.0,0.0,1.0,0.0,0.0,0.0,0.0
8,11,0.6503748558246829,323,85,0,0,1,0,0,0,0,0,0.0,0.0,0.0,0.0,0.0,0.0,0.0,0.0,0.0,0.0
16,47,0.9314856351067383,1246,1131,0,0,1,0,0,0,0,0,0.0,0.0,0.0,0.0,0.0,1.0,0.0,0.0,0.0,0.0
14,25,0.9063522837257681,1014,982,0,0,1,0,0,0,0,0,0.0,0.0,0.0,0.0,0.0,0.0,0.0,0.0,0.0,0.0
5,23,0.9157739970594413,138,138,0,0,1,0,0,0,0,0,0.0,0.0,1.0,0.0,0.0,0.0,0.0,0.0,0.0,0.0
2,6,0.37303257301573933,96,13,0,0,1,0,0,0,0,0,0.0,0.0,0.0,0.0,0.0,0.0,0.0,1.0,0.0,0.0
1,6,0.6699419010118424,855,6,0,0,1,0,0,0,0,0,0.0,0.0,0.0,0.0,0.0,0.6786225665846138,0.0,0.7344871762815954,0.0,0.0
1,6,0.6699419010118424,855,6,0,0,1,0,0,0,0,0,0.0,0.0,0.0,0.0,0.0,0.0,0.0,1.0,0.0,0.0
3,3,0.19157941635108033,40,27,0,0,1,0,0,0,0,0,0.0,0.0,0.0,0.0,0.0,0.6786225665846138,0.0,0.7344871762815954,0.0,0.0
1,1,0.0,34,26,0,0,1,0,0,0,0,0,0.0,0.0,0.0,0.0,0.0,0.0,0.0,1.0,0.0,0.0
2,2,0.40816326530612246,6,1,0,0,1,0,0,0,0,0,0.0,1.0,0.0,0.0,0.0,0.0,0.0,0.0,0.0,0.0
1,3,0.5377764917695473,385,47,0,0,1,0,0,0,0,0,0.0,0.0,0.0,0.0,0.0,0.6786225665846138,0.0,0.7344871762815954,0.0,0.0
1,3,0.5377764917695473,385,47,0,0,1,0,0,0,0,0,0.0,0.0,0.0,0.0,0.0,0.0,0.0,1.0,0.0,0.0
30,173,0.9835934825523852,4134,3225,0,0,1,0,0,0,0,0,0.0,0.6271399213349217,0.0,0.0,0.0,0.7789066176814962,0.0,0.0,0.0,0.0
30,167,0.9820284025465155,3373,2994,0,0,1,0,0,0,0,0,0.0,0.0,0.0,0.0,0.0,0.0,0.0,0.0,0.0,0.0
5,11,0.68257902263098,321,228,0,0,1,0,0,0,0,0,1.0,0.0,0.0,0.0,0.0,0.0,0.0,0.0,0.0,0.0
20,80,0.9644838962010679,961,524,0,0,1,0,0,0,0,0,0.0,0.0,0.0,0.0,0.0,0.0,0.0,0.0,0.0,0.0
16,53,0.9343024359809028,547,221,0,0,1,0,0,0,0,0,0.0,0.6271399213349217,0.0,0.0,0.0,0.7789066176814962,0.0,0.0,0.0,0.0
1,1,0.0,0,9,0,0,1,0,0,0,0,0,0.0,0.0,1.0,0.0,0.0,0.0,0.0,0.0,0.0,0.0
16,52,0.9328757587908645,547,212,0,0,1,0,0,0,0,0,0.492721624520044,0.8701869918186141,0.0,0.0,0.0,0.0,0.0,0.0,0.0,0.0
18,39,0.9634183275285676,230,356,0,0,1,0,0,0,0,0,0.0,0.0,0.0,0.0,0.0,0.6786225665846138,0.0,0.0,0.7344871762815954,0.0
18,39,0.9634183275285676,230,356,0,0,1,0,0,0,0,0,0.0,0.0,0.0,0.0,0.0,0.0,0.0,0.0,1.0,0.0
14,24,0.8283011564329609,473,25,0,0,1,0,0,0,0,0,0.0,0.6271399213349217,0.0,0.0,0.0,0.7789066176814962,0.0,0.0,0.0,0.0
4,5,0.5965432098765432,30,15,0,0,1,0,0,0,0,0,0.0,0.0,0.0,0.0,0.0,0.0,0.0,0.0,0.0,0.0
2,6,0.826530612244898,14,14,1,0,1,0,0,0,0,0,0.0,0.0,0.0,0.0,0.0,0.0,0.0,0.0,0.0,0.0
10,16,0.7927729723278729,436,3,0,0,1,0,0,0,0,0,0.6442882813708621,0.0,0.0,0.0,0.0,0.0,0.0,0.0,0.7647827210967706,0.0
3,10,0.8330251479289941,58,46,0,0,1,0,0,0,0,0,0.0,0.0,0.0,0.0,0.0,1.0,0.0,0.0,0.0,0.0
3,10,0.8330251479289941,58,46,0,0,1,0,0,0,0,0,0.0,0.0,0.0,0.0,0.0,0.0,0.0,0.0,0.0,0.0
6,12,0.8187170532987981,581,56,0,0,1,0,0,0,0,0,0.5261814186626776,0.0,0.0,0.0,0.0,0.5770818591321397,0.0,0.6245875779382145,0.0,0.0
6,12,0.8187170532987981,581,56,0,0,1,0,0,0,0,0,0.6442882813708621,0.0,0.0,0.0,0.0,0.0,0.0,0.7647827210967706,0.0,0.0
0,1,0.0,25,13,0,0,1,0,0,0,0,0,0.0,0.0,0.0,0.0,0.0,1.0,0.0,0.0,0.0,0.0
0,1,0.0,10,0,0,0,1,0,0,0,0,1,0.0,0.0,0.0,0.0,0.5762758961704032,0.0,0.5705755324107058,0.0,0.0,0.5851065315882555
0,1,0.0,14,13,0,0,1,0,0,0,0,1,0.0,0.0,0.0,0.0,0.5762758961704032,0.0,0.5705755324107058,0.0,0.0,0.5851065315882555
0,1,0.0,1,0,0,0,1,0,0,0,0,1,0.0,0.0,0.0,0.0,0.5762758961704032,0.0,0.5705755324107058,0.0,0.0,0.5851065315882555
12,15,0.9273356401384083,17,17,0,0,1,0,0,0,0,0,0.0,0.0,0.0,0.0,0.0,0.0,0.0,0.0,0.0,0.0
12,15,0.9196675900277008,18,20,0,0,1,0,0,0,0,0,0.0,0.0,0.0,0.0,0.0,0.0,0.0,0.0,0.0,0.0
10,36,0.9209491269962236,815,157,0,0,1,0,0,0,0,0,0.6737668260037993,0.0,0.0,0.0,0.0,0.7389440196501803,0.0,0.0,0.0,0.0
1,2,0.4988662131519275,82,2,0,0,1,0,0,0,0,0,0.0,0.0,1.0,0.0,0.0,0.0,0.0,0.0,0.0,0.0
1,2,0.026139204420858597,56,95,0,0,1,0,0,0,0,0,0.0,0.0,0.0,0.0,0.0,0.0,0.0,0.0,0.0,0.0
1,1,0.0,0,1,0,0,1,0,0,0,0,0,0.0,0.0,0.0,0.0,0.0,0.0,0.0,0.0,0.0,0.0
1,1,0.0,1,1,0,0,1,0,0,0,0,0,0.0,0.0,0.0,0.0,0.0,0.0,0.0,0.0,0.0,0.0
4,8,0.7217454545454546,265,10,0,0,1,0,0,0,0,0,1.0,0.0,0.0,0.0,0.0,0.0,0.0,0.0,0.0,0.0
6,27,0.8791934214979189,420,57,0,0,1,0,0,0,0,0,0.6212811100320643,0.0,0.0,0.0,0.5568273687456117,0.0,0.5513193845069884,0.0,0.0,0.0
0,1,0.0,1,1,0,0,1,0,0,0,0,1,0.0,0.0,0.0,0.0,0.5762758961704032,0.0,0.5705755324107058,0.0,0.0,0.5851065315882555
0,1,0.0,1,0,0,0,1,0,0,0,0,1,0.0,0.0,0.0,0.0,0.5762758961704032,0.0,0.5705755324107058,0.0,0.0,0.5851065315882555
0,1,0.0,118,10,0,0,1,0,0,0,0,1,0.0,0.0,0.0,0.0,0.5762758961704032,0.0,0.5705755324107058,0.0,0.0,0.5851065315882555
11,12,0.9081632653061225,14,14,0,0,1,0,0,0,0,0,0.0,0.0,0.0,0.0,0.0,0.0,0.0,0.0,0.0,0.0
11,12,0.9081632653061225,14,14,0,0,1,0,0,0,0,0,0.0,0.0,0.0,0.0,0.0,0.0,0.0,0.0,0.0,0.0
1,1,0.0,1,1,0,0,1,0,0,0,0,0,0.0,0.0,0.7497723884491116,0.0,0.0,0.6616958255265893,0.0,0.0,0.0,0.0
1,1,0.0,1,1,0,0,1,0,0,0,0,0,0.0,0.0,1.0,0.0,0.0,0.0,0.0,0.0,0.0,0.0
13,25,0.9202755633198819,382,121,0,0,1,0,0,0,0,0,0.0,0.47948859926481724,0.0,0.0,0.0,0.5955239498630853,0.0,0.0,0.6445478324488673,0.0
13,25,0.9202755633198819,382,121,0,0,1,0,0,0,0,0,0.0,0.596870639338593,0.0,0.0,0.0,0.0,0.0,0.0,0.8023374850370256,0.0
12,35,0.9443562401356445,367,286,0,0,1,0,0,0,0,0,0.6737668260037993,0.0,0.0,0.0,0.0,0.7389440196501803,0.0,0.0,0.0,0.0
4,8,0.8396770472895041,33,18,0,0,1,0,0,0,0,0,0.0,0.0,0.0,0.0,0.0,0.0,0.0,0.0,0.0,0.0
5,12,0.8629535990481856,113,51,0,0,1,0,0,0,0,0,0.0,0.0,0.0,0.0,0.0,0.0,0.0,0.0,1.0,0.0
10,27,0.930152,252,248,0,0,1,0,0,0,0,0,0.0,0.0,0.0,0.0,0.0,0.0,0.0,0.0,0.0,0.0
1,1,0.0,1,1,0,0,1,0,0,0,0,0,0.0,0.0,0.0,0.0,0.0,1.0,0.0,0.0,0.0,0.0
1,1,0.0,1,1,0,0,1,0,0,0,0,0,0.0,0.0,0.0,0.0,0.0,0.0,0.0,0.0,0.0,0.0
4,8,0.7814993932365302,388,21,0,0,1,0,0,0,0,0,0.0,0.0,0.0,0.0,0.0,0.6786225665846138,0.0,0.7344871762815954,0.0,0.0
4,8,0.7814993932365302,388,21,0,0,1,0,0,0,0,0,0.0,0.0,0.0,0.0,0.0,0.0,0.0,1.0,0.0,0.0
6,9,0.787918188458729,307,63,0,0,1,0,0,0,0,0,0.0,0.0,0.0,0.0,0.0,0.6786225665846138,0.0,0.7344871762815954,0.0,0.0
6,9,0.787918188458729,307,63,0,0,1,0,0,0,0,0,0.0,0.0,0.0,0.0,0.0,0.0,0.0,1.0,0.0,0.0
1,1,0.0,1,1,0,0,1,0,0,0,0,0,0.0,0.0,0.0,0.0,0.0,0.6786225665846138,0.0,0.7344871762815954,0.0,0.0
1,1,0.0,1,1,0,0,1,0,0,0,0,0,0.0,0.0,0.0,0.0,0.0,0.0,0.0,1.0,0.0,0.0
8,10,0.8082847585281333,369,18,0,0,1,0,0,0,0,0,0.0,0.0,0.0,0.0,0.0,0.6786225665846138,0.0,0.7344871762815954,0.0,0.0
1,1,0.0,28,0,0,0,1,0,0,0,0,0,0.0,0.0,0.0,0.0,0.0,0.0,0.0,1.0,0.0,0.0
7,9,0.7832962189927142,341,18,0,0,1,0,0,0,0,0,0.0,0.0,0.0,0.0,0.0,0.0,0.0,1.0,0.0,0.0
13,34,0.9082645007108316,395,48,1,0,1,0,0,0,0,0,0.0,0.0,0.0,0.0,0.0,1.0,0.0,0.0,0.0,0.0
5,7,0.47859688092924246,131,16,0,0,1,0,0,0,0,0,0.0,0.0,0.0,0.0,0.0,0.0,0.0,0.0,0.0,0.0
1,3,0.6611570247933884,8,3,0,0,1,0,0,0,0,0,0.0,0.0,0.0,0.0,0.0,0.0,0.0,0.0,0.0,0.0
7,19,0.897060231734176,156,21,0,0,1,0,0,0,0,0,1.0,0.0,0.0,0.0,0.0,0.0,0.0,0.0,0.0,0.0
3,4,0.6371173469387755,36,20,0,0,1,0,0,0,0,0,0.0,1.0,0.0,0.0,0.0,0.0,0.0,0.0,0.0,0.0
4,5,0.741211465657112,81,5,0,0,1,0,0,0,0,0,0.0,0.596870639338593,0.0,0.0,0.0,0.0,0.0,0.0,0.8023374850370256,0.0
32,157,0.985298440289988,4692,2084,0,0,1,0,0,0,0,0,0.0,0.0,0.0,0.0,0.0,1.0,0.0,0.0,0.0,0.0
0,1,0.0,1,1,0,0,1,0,0,0,1,0,0.0,0.0,0.0,0.0,0.0,0.0,0.0,0.0,1.0,0.0
0,1,0.0,1,1,1,0,1,0,0,1,0,0,0.0,0.0,0.0,0.0,0.0,0.0,0.0,0.0,0.0,0.0
1,2,0.4444444444444444,1,2,0,0,1,0,0,0,0,0,0.0,0.0,1.0,0.0,0.0,0.0,0.0,0.0,0.0,0.0
17,81,0.9818488383491815,253,252,0,0,1,0,0,0,0,0,0.0,0.0,0.0,0.0,0.0,0.0,0.0,0.0,0.0,0.0
1,2,0.49586776859504145,5,6,0,0,1,0,0,0,0,0,0.0,0.0,1.0,0.0,0.0,0.0,0.0,0.0,0.0,0.0
6,10,0.8416030194591323,222,15,0,0,1,0,0,0,0,0,1.0,0.0,0.0,0.0,0.0,0.0,0.0,0.0,0.0,0.0
2,18,0.92544,79,46,0,0,1,0,0,0,0,0,1.0,0.0,0.0,0.0,0.0,0.0,0.0,0.0,0.0,0.0
1,2,0.4973230220107079,82,0,0,0,1,0,0,0,0,0,1.0,0.0,0.0,0.0,0.0,0.0,0.0,0.0,0.0,0.0
8,12,0.7706355003652301,65,9,0,0,1,0,0,0,0,0,1.0,0.0,0.0,0.0,0.0,0.0,0.0,0.0,0.0,0.0
2,4,0.6863905325443787,6,7,0,0,1,0,0,0,0,0,1.0,0.0,0.0,0.0,0.0,0.0,0.0,0.0,0.0,0.0
18,59,0.8878699152629032,693,839,0,0,1,0,0,0,0,0,0.0,0.0,0.0,0.0,0.0,0.0,0.0,0.0,0.0,0.0
10,14,0.8282522197880196,130,533,0,0,1,0,0,0,0,0,0.0,0.0,0.0,0.0,0.0,0.0,0.0,0.0,0.0,0.0
11,20,0.9310209214928619,187,912,0,0,1,0,0,0,0,0,0.5599998745195607,0.4945029627039987,0.0,0.0,0.0,0.0,0.0,0.0,0.6647307427936847,0.0
7,9,0.7591490459831294,160,89,0,0,1,0,0,0,0,0,0.0,0.596870639338593,0.0,0.0,0.0,0.0,0.0,0.0,0.8023374850370256,0.0
13,39,0.9517742463111861,303,179,0,0,1,0,0,0,0,0,0.0,0.596870639338593,0.0,0.0,0.0,0.0,0.0,0.0,0.8023374850370256,0.0
10,25,0.9298509644739897,292,49,0,0,1,0,0,0,0,0,1.0,0.0,0.0,0.0,0.0,0.0,0.0,0.0,0.0,0.0
8,47,0.9569747947739623,432,312,0,0,1,0,0,0,0,0,1.0,0.0,0.0,0.0,0.0,0.0,0.0,0.0,0.0,0.0
4,13,0.9055959693686622,276,55,0,0,1,0,0,0,0,0,1.0,0.0,0.0,0.0,0.0,0.0,0.0,0.0,0.0,0.0
3,8,0.8158796243177237,192,55,0,0,1,0,0,0,0,0,1.0,0.0,0.0,0.0,0.0,0.0,0.0,0.0,0.0,0.0
11,54,0.9711462243275583,2470,0,0,0,1,0,0,0,0,0,0.0,0.0,0.0,0.0,0.0,0.0,0.0,0.0,0.0,0.0
7,14,0.7954570037858302,418,227,0,0,1,0,0,0,0,0,0.0,0.0,1.0,0.0,0.0,0.0,0.0,0.0,0.0,0.0
12,14,0.40378698224852083,64,66,0,0,1,0,0,0,0,0,0.0,0.0,0.0,0.0,0.0,0.6786225665846138,0.0,0.0,0.7344871762815954,0.0
4,7,0.7927431016234106,201,58,0,0,1,0,0,0,0,0,0.0,0.0,0.0,0.0,0.0,0.0,0.0,1.0,0.0,0.0
1,1,0.0,49,51,0,0,1,0,0,0,0,1,0.0,0.0,0.0,0.0,0.5762758961704032,0.0,0.5705755324107058,0.0,0.0,0.5851065315882555
12,13,0.9140625,16,16,0,0,1,0,0,0,0,0,0.0,0.0,0.0,0.0,0.0,0.0,0.0,0.0,0.0,0.0
12,13,0.9140625,16,16,0,0,1,0,0,0,0,0,0.0,0.0,0.0,0.0,0.0,0.0,0.0,0.0,0.0,0.0
27,177,0.958498611484368,921,909,0,0,1,0,0,0,0,0,0.0,0.0,0.0,0.0,0.0,1.0,0.0,0.0,0.0,0.0
11,30,0.8865782458121901,175,172,0,0,1,0,0,0,0,0,0.0,0.0,0.8001574281558352,0.0,0.0,0.17654052020706795,0.0,0.0,0.5732203196782691,0.0
1,1,0.0,3,3,0,0,1,0,0,0,0,1,0.0,0.0,0.0,0.0,0.5762758961704032,0.0,0.5705755324107058,0.0,0.0,0.5851065315882555
1,1,0.0,5,5,0,0,1,0,0,0,0,1,0.0,0.0,0.0,0.0,0.5762758961704032,0.0,0.5705755324107058,0.0,0.0,0.5851065315882555
1,1,0.0,2,2,0,0,1,0,0,0,0,1,0.0,0.0,0.0,0.0,0.5762758961704032,0.0,0.5705755324107058,0.0,0.0,0.5851065315882555
1,1,0.0,1,1,0,0,1,0,0,0,0,1,0.0,0.0,0.0,0.0,0.5762758961704032,0.0,0.5705755324107058,0.0,0.0,0.5851065315882555
1,1,0.0,6,6,0,0,1,0,0,0,0,1,0.0,0.0,0.0,0.0,0.5762758961704032,0.0,0.5705755324107058,0.0,0.0,0.5851065315882555
1,1,0.0,6,6,0,0,1,0,0,0,0,1,0.0,0.0,0.0,0.0,0.5762758961704032,0.0,0.5705755324107058,0.0,0.0,0.5851065315882555
1,1,0.0,6,6,0,0,1,0,0,0,0,1,0.0,0.0,0.0,0.0,0.5762758961704032,0.0,0.5705755324107058,0.0,0.0,0.5851065315882555
1,1,0.0,2,2,0,0,1,0,0,0,0,1,0.0,0.0,0.0,0.0,0.5762758961704032,0.0,0.5705755324107058,0.0,0.0,0.5851065315882555
1,1,0.0,8,9,0,0,1,0,0,0,0,1,0.0,0.0,0.0,0.0,0.5762758961704032,0.0,0.5705755324107058,0.0,0.0,0.5851065315882555
10,60,0.9656932882414152,123,125,0,0,1,0,0,0,0,0,0.0,0.0,0.0,0.0,0.0,0.0,0.0,0.0,0.0,0.0
1,1,0.0,2,2,0,0,1,0,0,0,0,1,0.0,0.0,0.0,0.0,0.5762758961704032,0.0,0.5705755324107058,0.0,0.0,0.5851065315882555
1,1,0.0,3,3,0,0,1,0,0,0,0,1,0.0,0.0,0.0,0.0,0.5762758961704032,0.0,0.5705755324107058,0.0,0.0,0.5851065315882555
0,1,0.0,6,6,0,0,1,0,0,0,0,1,0.0,0.0,0.0,0.0,0.5762758961704032,0.0,0.5705755324107058,0.0,0.0,0.5851065315882555
0,1,0.0,12,12,0,0,1,0,0,0,0,1,0.0,0.0,0.0,0.0,0.5762758961704032,0.0,0.5705755324107058,0.0,0.0,0.5851065315882555
27,172,0.9518642519734023,845,837,0,0,1,0,0,0,1,0,0.0,0.0,0.0,0.0,0.0,0.0,0.0,0.0,1.0,0.0
1,3,0.6666666666666667,1,5,0,0,1,0,0,0,0,0,0.0,0.0,0.0,0.0,0.0,0.0,0.0,0.0,1.0,0.0
1,1,0.0,49,15,0,0,1,0,0,0,0,0,0.0,0.0,0.7497723884491116,0.0,0.0,0.6616958255265893,0.0,0.0,0.0,0.0
1,1,0.0,49,15,0,0,1,0,0,0,0,0,0.0,0.0,0.7231266006141818,0.0,0.0,0.0,0.0,0.0,0.6907155126998217,0.0
12,39,0.9297882735122993,429,365,0,0,1,0,0,0,0,0,0.0,0.5143371472137778,0.0,0.572175211156004,0.0,0.6388057817009604,0.0,0.0,0.0,0.0
12,39,0.9297882735122993,429,365,0,0,1,0,0,0,0,0,0.0,0.668518997179297,0.0,0.7436950654740068,0.0,0.0,0.0,0.0,0.0,0.0
0,1,0.0,1,0,0,0,1,0,0,0,0,1,0.0,0.0,0.0,0.0,0.0,0.0,0.0,0.0,0.0,0.0
0,1,0.0,1,4,0,0,1,0,0,0,0,1,0.0,0.0,0.0,0.0,0.0,0.0,0.0,0.0,0.0,0.0
1,1,0.0,1,1,0,0,1,0,0,0,0,1,0.0,0.0,0.0,0.0,0.0,0.0,0.0,0.0,0.0,0.0
10,13,0.6606126471292527,346,353,0,0,1,0,0,0,0,0,0.0,0.0,0.0,0.0,0.0,0.0,0.0,0.0,0.0,0.0
0,1,0.0,14,16,0,0,1,0,0,0,0,0,0.0,0.0,0.0,0.0,0.0,0.0,0.0,0.0,0.0,0.0
10,11,0.9027777777777778,12,12,0,0,1,0,0,0,0,0,0.0,0.0,0.0,0.0,0.0,0.0,0.0,0.0,0.0,0.0
10,11,0.9027777777777778,12,12,0,0,1,0,0,0,0,0,0.0,0.0,0.0,0.0,0.0,0.0,0.0,0.0,0.0,0.0
3,5,0.5806451612903225,13,18,0,0,1,0,0,0,0,0,0.0,0.0,0.0,0.0,0.0,0.41938135696441453,0.0,0.0,0.907810154950189,0.0
3,5,0.5806451612903225,13,18,0,0,1,0,0,0,0,0,0.0,0.0,0.0,0.0,0.0,0.0,0.0,0.0,1.0,0.0
0,1,0.0,12,0,1,0,1,0,0,0,0,0,0.0,0.0,0.0,0.0,0.0,0.0,0.0,0.0,0.0,0.0
0,1,0.0,1,2,0,0,1,0,0,0,0,0,0.0,0.0,0.0,0.0,0.0,0.0,0.0,0.0,0.0,0.0
0,1,0.0,19,3,0,0,1,0,0,0,0,0,0.0,0.0,0.0,0.0,0.0,0.0,0.0,0.0,0.0,0.0
0,1,0.0,2,1,0,0,1,0,0,0,0,1,0.0,0.0,0.0,0.0,0.0,0.0,0.0,0.0,0.0,0.0
13,21,0.9191577956948886,331,116,0,0,1,0,0,0,0,0,0.0,0.0,0.0,0.0,0.0,1.0,0.0,0.0,0.0,0.0
10,11,0.8022455155475636,98,53,0,0,1,0,0,0,1,0,0.0,0.668518997179297,0.0,0.7436950654740068,0.0,0.0,0.0,0.0,0.0,0.0
6,10,0.8671018991964938,233,63,1,0,1,0,0,0,0,0,1.0,0.0,0.0,0.0,0.0,0.0,0.0,0.0,0.0,0.0
0,1,0.0,2,2,0,0,1,0,0,0,0,0,0.0,0.5143371472137778,0.0,0.572175211156004,0.0,0.6388057817009604,0.0,0.0,0.0,0.0
0,1,0.0,2,2,0,0,1,0,0,0,0,0,0.0,0.668518997179297,0.0,0.7436950654740068,0.0,0.0,0.0,0.0,0.0,0.0
0,2,0.5,3,1,0,0,1,0,0,0,0,0,0.0,0.0,0.0,0.0,0.0,0.0,1.0,0.0,0.0,0.0
0,1,0.0,9,0,0,0,1,0,0,0,0,0,0.0,0.0,0.0,0.0,0.0,0.0,0.0,0.0,0.0,0.0
28,183,0.5612286370672286,461,128,0,0,1,0,0,0,0,0,0.0,0.0,0.0,0.0,0.0,0.0,0.0,0.0,0.0,0.0
1,1,0.0,1,1,0,0,1,0,0,0,0,0,0.0,0.0,0.0,0.0,0.5762758961704032,0.0,0.5705755324107058,0.0,0.0,0.5851065315882555
1,1,0.0,0,2,0,0,1,0,0,0,0,0,0.0,0.4937442978384339,0.0,0.0,0.5011336307431165,0.0,0.4961765537485081,0.0,0.0,0.5088128143045413
1,1,0.0,1,1,1,0,1,0,0,0,0,0,0.0,0.0,0.0,0.0,0.5762758961704032,0.0,0.5705755324107058,0.0,0.0,0.5851065315882555
0,1,0.0,3,3,0,0,1,0,0,0,0,0,0.0,0.0,0.0,0.0,0.5762758961704032,0.0,0.5705755324107058,0.0,0.0,0.5851065315882555
10,13,0.9026509244820673,34,33,0,0,1,0,0,0,0,0,0.0,0.5830105589351241,0.41024039266063295,0.6485710617480143,0.0,0.18102450788260377,0.0,0.0,0.19592655207683982,0.0
1,2,0.5,2,2,0,0,1,0,0,0,0,0,0.0,0.8739084911946463,0.0,0.48609047410733786,0.0,0.0,0.0,0.0,0.0,0.0
1,3,0.6399999999999999,2,3,0,0,1,0,0,0,0,0,0.37326420283232065,0.0,0.9277250858330566,0.0,0.0,0.0,0.0,0.0,0.0,0.0
1,1,0.0,2,2,0,0,1,0,0,0,0,0,0.0,0.0,0.0,0.0,0.0,0.0,0.0,0.0,0.0,0.0
10,12,0.8645833333333334,24,24,0,0,1,0,0,0,0,0,0.0,0.0,0.0,0.0,0.0,0.0,0.0,0.0,1.0,0.0
10,11,0.9090909090909091,11,11,0,0,1,0,0,0,0,0,0.0,0.0,0.0,0.0,0.0,0.0,0.0,0.0,0.0,0.0
10,11,0.9090909090909091,11,11,0,0,1,0,0,0,0,0,0.0,0.0,0.0,0.0,0.0,0.0,0.0,0.0,1.0,0.0
1,1,0.0,345,0,0,0,1,0,0,0,0,0,0.5029403691785272,0.0,0.6250135877276479,0.0,0.0,0.0,0.0,0.5970000001728477,0.0,0.0
16,42,0.9367943367283481,589,487,0,0,1,0,0,0,0,0,0.0,0.8739084911946463,0.0,0.48609047410733786,0.0,0.0,0.0,0.0,0.0,0.0
0,1,0.0,1,2,0,0,1,0,0,0,0,0,0.0,0.668518997179297,0.0,0.7436950654740068,0.0,0.0,0.0,0.0,0.0,0.0
9,18,0.9025673869458677,398,138,0,0,1,0,0,0,0,0,0.37326420283232065,0.0,0.9277250858330566,0.0,0.0,0.0,0.0,0.0,0.0,0.0
5,9,0.43320884803217463,25,34,1,0,1,0,0,0,0,0,0.0,0.0,1.0,0.0,0.0,0.0,0.0,0.0,0.0,0.0
10,11,0.9090909090909091,11,11,0,0,1,0,0,0,0,0,0.0,0.0,0.0,0.0,0.0,0.0,0.0,0.0,0.0,0.0
10,11,0.9090909090909091,11,11,0,0,1,0,0,0,0,0,0.0,0.0,0.0,0.0,0.0,0.0,0.0,0.0,1.0,0.0
1,1,0.0,0,5,1,0,1,0,0,0,0,0,0.0,0.0,0.0,0.0,0.0,0.0,0.0,0.0,0.0,0.0
1,1,0.0,2,2,1,0,1,0,0,0,0,0,0.0,0.49723988038099864,0.0,0.5531553283549473,0.0,0.0,0.0,0.0,0.6684098174557436,0.0
4,4,0.6269132653061225,27,29,0,0,1,0,0,0,0,0,0.0,0.5428675015430393,0.4759261847981877,0.6039138510756205,0.07226124693917467,0.011053121783544798,0.07154645842204257,0.21533438311300704,0.23926042568111897,0.0
17,41,0.9340759313652588,859,453,1,0,1,0,0,0,0,0,0.6035985867957716,0.5330024220282746,0.0,0.592939427032931,0.0,0.0,0.0,0.0,0.0,0.0
2,2,0.48773406880534187,74,9,0,0,1,0,0,0,0,0,0.0,0.668518997179297,0.0,0.7436950654740068,0.0,0.0,0.0,0.0,0.0,0.0
1,1,0.0,2,1,0,0,1,0,0,0,0,0,0.0,0.0,0.0,0.0,0.0,0.0,0.0,0.0,0.0,0.0
1,1,0.0,1,1,0,0,1,0,0,0,0,0,0.0,0.0,0.0,0.0,0.0,0.0,0.0,0.0,0.0,0.0
2,3,0.4953173777315296,147,39,0,0,1,0,0,0,0,0,1.0,0.0,0.0,0.0,0.0,0.0,0.0,0.0,0.0,0.0
1,1,0.0,3,0,0,0,1,0,0,0,0,0,0.0,0.0,0.0,0.0,0.5762758961704032,0.0,0.5705755324107058,0.0,0.0,0.5851065315882555
1,1,0.0,1,1,0,0,1,0,0,0,0,0,0.0,0.0,0.0,0.0,0.5762758961704032,0.0,0.5705755324107058,0.0,0.0,0.5851065315882555
1,1,0.0,81,1,0,0,1,0,0,0,0,0,0.4400729433900607,0.38860254120405663,0.0,0.4323015404850282,0.3944183320033299,0.0,0.3905168535954125,0.0,0.0,0.4004622504028059
0,1,0.0,52,25,0,0,1,0,0,0,0,0,0.5033085683731567,0.44444220354220904,0.0,0.49442046532312217,0.0,0.5519963914577487,0.0,0.0,0.0,0.0
0,1,0.0,7,0,0,0,1,0,0,0,0,0,0.0,0.0,0.0,0.0,0.5762758961704032,0.0,0.5705755324107058,0.0,0.0,0.5851065315882555
0,1,0.0,1,0,0,0,1,0,0,0,0,0,0.0,0.0,0.0,0.0,0.5762758961704032,0.0,0.5705755324107058,0.0,0.0,0.5851065315882555
0,1,0.0,2,2,0,0,1,0,0,0,0,0,0.0,0.0,0.0,0.0,0.5762758961704032,0.0,0.5705755324107058,0.0,0.0,0.5851065315882555
0,1,0.0,5,4,1,0,1,0,0,0,0,0,0.0,0.0,0.0,0.0,0.5762758961704032,0.0,0.5705755324107058,0.0,0.0,0.5851065315882555
0,1,0.0,16,1,0,0,1,0,0,0,0,0,0.540831209007849,0.0,0.0,0.0,0.48472360447560714,0.0,0.47992885097856763,0.0,0.0,0.4921513269571417
0,1,0.0,5,4,0,0,1,0,0,0,0,0,0.0,0.43276054989202983,0.0,0.4814251903752591,0.43923720549122447,0.0,0.43489239102868693,0.0,0.0,0.44596791147671716
0,1,0.0,27,25,0,0,1,0,0,0,0,0,0.0,0.43276054989202983,0.0,0.4814251903752591,0.43923720549122447,0.0,0.43489239102868693,0.0,0.0,0.44596791147671716
1,1,0.0,7,0,0,0,1,0,0,0,0,0,0.0,0.0,0.0,0.0,0.0,0.0,0.0,0.0,0.0,0.0
1,1,0.0,0,26,0,0,1,0,0,0,0,0,0.0,0.0,0.0,0.0,0.0,0.0,0.0,1.0,0.0,0.0
8,24,0.9023442016418083,163,209,0,0,1,0,0,0,0,0,0.0,0.0,0.0,0.0,0.0,0.0,0.0,0.0,0.0,0.0
8,8,0.871900826446281,22,22,0,0,1,0,0,0,0,0,0.0,0.0,0.0,0.0,0.0,0.0,1.0,0.0,0.0,0.0
4,4,0.6666666666666667,12,12,0,0,1,0,0,0,0,0,0.0,0.0,0.0,0.0,0.0,0.0,0.0,0.0,0.0,0.0
1,1,0.0,1,1,0,0,1,0,0,0,0,0,0.0,0.49723988038099864,0.0,0.5531553283549473,0.0,0.0,0.0,0.0,0.6684098174557436,0.0
1,1,0.0,1,1,0,0,1,0,0,0,0,0,0.0,0.49723988038099864,0.0,0.5531553283549473,0.0,0.0,0.0,0.0,0.6684098174557436,0.0
1,2,0.4444444444444444,2,4,0,0,1,0,0,0,0,0,0.0,0.5143371472137778,0.0,0.572175211156004,0.0,0.6388057817009604,0.0,0.0,0.0,0.0
3,5,0.7958477508650519,17,17,0,0,1,0,0,0,0,0,0.0,0.8739084911946463,0.0,0.48609047410733786,0.0,0.0,0.0,0.0,0.0,0.0
1,3,0.17999999999999994,83,7,0,0,1,0,0,0,0,0,0.49065787395757265,0.4332711191305629,0.0,0.48199317397016356,0.0,0.0,0.0,0.5824204394567143,0.0,0.0
6,15,0.76671875,58,102,0,0,1,0,0,0,0,0,0.0,0.668518997179297,0.0,0.7436950654740068,0.0,0.0,0.0,0.0,0.0,0.0
6,10,0.8241965973534972,11,12,0,0,1,0,0,0,0,0,0.0,0.668518997179297,0.0,0.7436950654740068,0.0,0.0,0.0,0.0,0.0,0.0
15,49,0.924249488498977,666,604,0,0,1,0,0,0,0,0,0.0,0.668518997179297,0.0,0.7436950654740068,0.0,0.0,0.0,0.0,0.0,0.0
14,49,0.971727943455887,118,136,0,0,1,0,0,0,0,0,0.0,0.668518997179297,0.0,0.7436950654740068,0.0,0.0,0.0,0.0,0.0,0.0
13,27,0.9137558109504132,173,179,0,0,1,0,0,0,0,0,0.0,0.8739084911946463,0.0,0.48609047410733786,0.0,0.0,0.0,0.0,0.0,0.0
4,9,0.6730103806228374,24,10,0,0,1,0,0,0,0,0,0.0,0.668518997179297,0.0,0.7436950654740068,0.0,0.0,0.0,0.0,0.0,0.0
6,16,0.8148897907842887,264,55,0,0,1,0,0,0,0,0,0.35401790886714607,0.6252248000422116,0.0,0.6955323641740259,0.0,0.0,0.0,0.0,0.0,0.0
1,1,0.0,36,0,0,0,1,0,0,0,0,0,0.0,0.0,0.0,0.0,0.0,0.0,0.0,0.0,0.0,0.0
3,3,0.2483634199563579,69,2,0,0,1,0,0,0,0,0,0.0,0.0,0.0,0.0,0.0,0.0,0.0,0.0,0.0,0.0
10,13,0.41209719713303405,116,15,0,0,1,0,0,0,0,0,0.0,0.668518997179297,0.0,0.7436950654740068,0.0,0.0,0.0,0.0,0.0,0.0
2,2,0.1687398593834506,86,0,0,0,1,0,0,0,0,0,0.0,0.0,0.0,0.0,0.0,0.0,0.0,0.0,0.0,0.0
1,1,0.0,6,4,0,0,1,0,0,0,0,0,0.0,0.0,0.0,0.0,0.0,0.0,0.0,0.0,0.0,0.0
1,3,0.37037037037037024,0,9,0,0,1,0,0,0,0,0,0.0,0.0,0.0,0.0,0.0,0.0,0.0,0.0,0.0,0.0
1,1,0.0,0,4,0,0,1,0,0,0,0,0,0.0,0.0,0.0,0.0,0.0,0.0,0.0,0.0,0.0,0.0
1,2,0.5,2,2,0,0,1,0,0,0,0,0,0.0,0.0,0.0,0.0,0.0,0.0,0.0,0.0,0.0,0.0
2,2,0.24489795918367352,1,20,0,0,1,0,0,0,0,0,0.0,0.0,0.0,0.0,0.0,0.0,0.0,0.0,0.0,0.0
3,8,0.6534546374980625,367,580,0,0,1,0,0,0,0,0,0.0,0.0,0.0,0.0,0.0,0.0,0.0,1.0,0.0,0.0
3,5,0.6721414840445983,93,162,0,0,1,0,0,0,0,0,0.0,0.0,0.0,0.0,0.0,0.0,0.0,0.0,0.0,0.0
8,8,0.85,20,20,0,0,1,0,0,0,1,0,0.0,0.0,0.0,0.0,0.0,0.0,0.0,0.0,0.0,0.0
5,5,0.7999999999999999,0,10,0,0,1,0,0,0,0,0,0.0,0.0,0.0,0.0,0.0,0.0,0.0,0.0,0.0,0.0
2,3,0.3567224988682661,85,9,0,0,1,0,0,0,0,0,0.0,0.0,0.0,0.0,0.0,0.0,0.0,0.0,0.0,0.0
1,1,0.0,0,8,0,0,1,0,0,0,0,0,0.0,0.0,0.0,0.0,0.0,0.0,0.0,0.0,0.0,0.0
2,3,0.16925619834710748,40,15,0,0,1,0,0,0,0,0,0.0,0.668518997179297,0.0,0.7436950654740068,0.0,0.0,0.0,0.0,0.0,0.0
2,8,0.7650683243420873,551,138,0,0,1,0,0,0,0,0,0.6035985867957716,0.5330024220282746,0.0,0.592939427032931,0.0,0.0,0.0,0.0,0.0,0.0
1,3,0.6256628229946974,134,84,0,0,1,0,0,0,0,0,0.6035985867957716,0.5330024220282746,0.0,0.592939427032931,0.0,0.0,0.0,0.0,0.0,0.0
2,4,0.4359769005402294,223,20,0,0,1,0,0,0,0,0,0.0,0.0,0.0,0.0,0.0,1.0,0.0,0.0,0.0,0.0
1,1,0.0,1,1,0,0,1,0,0,0,0,0,0.0,0.0,0.0,0.0,0.0,0.0,0.0,0.0,0.0,0.0
1,1,0.0,5,0,0,0,1,0,1,0,0,0,0.0,0.0,0.0,0.0,0.0,0.0,0.0,0.0,0.0,0.0
1,1,0.0,2,2,0,0,1,0,0,0,0,0,0.0,0.0,0.0,0.0,0.0,0.0,0.0,0.0,0.0,0.0
2,2,0.08404782031155644,182,0,0,0,1,0,0,0,0,0,1.0,0.0,0.0,0.0,0.0,0.0,0.0,0.0,0.0,0.0
1,1,0.0,19,8,0,0,1,0,0,0,0,0,0.0,0.0,0.0,0.0,0.0,0.0,0.0,0.0,0.0,0.0
1,1,0.0,7,5,0,0,1,0,0,0,0,0,0.0,0.0,0.0,0.0,0.0,0.0,0.0,0.0,0.0,0.0
1,1,0.0,10,7,0,0,1,0,0,0,0,0,0.0,0.0,0.0,0.0,0.0,0.0,0.0,0.0,0.0,0.0
1,1,0.0,1,1,0,0,1,0,0,0,0,0,0.0,0.0,0.0,0.0,0.0,0.0,0.0,0.0,0.0,0.0
1,2,0.49988165680473373,65,65,0,0,1,0,0,0,0,0,0.6035985867957716,0.5330024220282746,0.0,0.592939427032931,0.0,0.0,0.0,0.0,0.0,0.0
1,1,0.0,64,2,0,0,1,0,0,0,0,0,0.0,0.0,0.0,1.0,0.0,0.0,0.0,0.0,0.0,0.0
1,1,0.0,1,1,0,0,1,0,0,0,0,0,0.0,0.668518997179297,0.0,0.7436950654740068,0.0,0.0,0.0,0.0,0.0,0.0
3,10,0.8109090909090909,105,5,0,0,1,0,0,0,0,0,0.44350192738551025,0.7832609507108307,0.0,0.435669970845941,0.0,0.0,0.0,0.0,0.0,0.0
2,8,0.7429322813938198,114,3,0,0,1,0,0,0,0,0,0.44350192738551025,0.7832609507108307,0.0,0.435669970845941,0.0,0.0,0.0,0.0,0.0,0.0
6,15,0.8328453673257961,120,29,0,0,1,0,0,0,0,0,0.0,0.8739084911946463,0.0,0.48609047410733786,0.0,0.0,0.0,0.0,0.0,0.0
6,15,0.8439793691727832,255,29,0,0,1,0,0,0,0,0,0.0,0.8739084911946463,0.0,0.48609047410733786,0.0,0.0,0.0,0.0,0.0,0.0
2,5,0.6727820866293901,118,79,0,0,1,0,0,0,0,0,0.0,0.668518997179297,0.0,0.7436950654740068,0.0,0.0,0.0,0.0,0.0,0.0
9,10,0.873046875,32,32,0,0,1,0,0,0,0,0,0.0,0.0,0.0,0.0,0.0,0.0,0.0,0.0,0.0,0.0
9,10,0.873046875,32,32,0,0,1,0,0,0,0,0,0.0,0.0,0.0,0.0,0.0,0.0,0.0,0.0,1.0,0.0
6,12,0.901307966706302,1,28,0,0,1,0,0,0,0,0,0.0,0.0,0.0,0.0,0.0,0.0,0.0,0.0,0.0,0.0
1,1,0.0,3,3,0,1,1,0,0,0,0,0,0.0,0.0,0.0,0.0,0.0,0.0,0.0,0.0,0.0,0.0
33,128,0.9874823636119323,472,504,0,0,1,0,0,0,0,0,0.0,0.381733412097215,0.5372199953170008,0.4246599664349016,0.0,0.23705609446752798,0.0,0.2565706918973911,0.5131413837947822,0.0
1,1,0.0,2,0,0,0,1,0,0,0,0,0,0.0,0.0,0.0,0.0,0.0,0.0,0.0,1.0,0.0,0.0
1,1,0.0,4,0,0,0,1,0,0,0,0,0,0.0,0.0,0.0,0.0,0.0,0.0,0.0,0.0,0.0,0.0
33,128,0.9875477536595584,475,507,1,0,1,0,0,0,0,0,0.0,0.0,0.0,0.0,0.0,0.0,0.0,0.0,0.0,0.0
3,3,0.6666666666666667,0,21,0,0,1,0,0,0,1,0,0.0,0.0,0.0,0.0,0.0,0.0,0.0,0.0,0.0,0.0
1,2,0.4988662131519275,9,12,0,0,1,0,0,0,0,0,0.0,0.0,0.0,0.0,0.0,0.0,0.0,0.0,0.0,0.0
1,4,0.6756208922831228,132,89,0,0,1,0,0,0,0,0,0.0,0.0,0.0,0.0,0.0,0.0,0.0,0.0,0.0,0.0
9,10,0.873046875,32,32,0,0,1,0,0,0,0,0,0.0,0.0,0.0,0.0,0.0,0.0,0.0,0.0,0.0,0.0
9,10,0.873046875,32,32,0,0,1,0,0,0,0,0,0.0,0.0,0.0,0.0,0.0,0.0,0.0,0.0,1.0,0.0
20,51,0.837939317867036,597,619,1,0,1,0,0,0,0,0,0.0,0.0,0.0,0.0,0.0,0.0,0.0,0.0,0.0,0.0
1,1,0.0,0,129,0,0,1,0,0,0,0,0,0.0,0.0,0.0,0.0,0.0,0.0,0.0,0.0,0.0,0.0
2,2,0.45223140495867764,38,17,0,0,1,0,0,0,0,0,0.6035985867957716,0.5330024220282746,0.0,0.592939427032931,0.0,0.0,0.0,0.0,0.0,0.0
5,17,0.7770966191315494,562,228,0,0,1,0,0,0,0,0,0.0,0.668518997179297,0.0,0.7436950654740068,0.0,0.0,0.0,0.0,0.0,0.0
3,10,0.6477160196921685,715,37,0,0,1,0,0,0,0,0,0.6035985867957716,0.5330024220282746,0.0,0.592939427032931,0.0,0.0,0.0,0.0,0.0,0.0
1,1,0.0,80,0,0,0,1,0,0,0,0,0,0.39244196924290803,0.6930848570153776,0.0,0.3855116984647571,0.0,0.0,0.0,0.4658362503064142,0.0,0.0
1,4,0.5724920131098727,303,8,0,0,1,0,0,0,0,0,0.44350192738551025,0.7832609507108307,0.0,0.435669970845941,0.0,0.0,0.0,0.0,0.0,0.0
11,28,0.899408384025418,874,99,0,0,1,0,0,0,0,0,0.6035985867957716,0.5330024220282746,0.0,0.592939427032931,0.0,0.0,0.0,0.0,0.0,0.0
1,2,0.4444444444444444,35,1,0,0,1,0,0,0,0,0,0.0,0.0,0.0,0.0,0.0,0.0,0.0,1.0,0.0,0.0
2,6,0.7442536506219578,131,41,0,0,1,0,0,0,0,0,0.0,0.0,0.0,0.0,0.0,0.0,0.0,0.0,0.0,0.0
0,1,0.0,1,1,1,0,1,0,0,0,0,1,0.0,0.4835048967457454,0.0,0.5378758230648912,0.49074098769148344,0.0,0.4858867118832733,0.0,0.0,0.0
4,6,0.6873268698060941,304,0,0,0,1,0,0,0,0,0,0.0,0.3250339984114148,0.0,0.3615846097863758,0.0,0.0,0.0,0.0,0.8738475094902559,0.0
5,8,0.634,97,3,0,0,1,0,0,0,0,0,0.7495818525120325,0.661911660559496,0.0,0.0,0.0,0.0,0.0,0.0,0.0,0.0
6,7,0.7599549861495845,116,36,0,0,1,0,0,0,0,0,0.6035985867957716,0.5330024220282746,0.0,0.592939427032931,0.0,0.0,0.0,0.0,0.0,0.0
2,2,0.4280618311533888,9,20,0,0,1,0,0,0,0,0,0.0,0.0,0.0,0.0,0.0,0.0,0.0,0.0,0.0,0.0
1,3,0.6666666666666667,9,0,0,0,1,0,0,0,0,0,0.6035985867957716,0.5330024220282746,0.0,0.592939427032931,0.0,0.0,0.0,0.0,0.0,0.0
23,77,0.6065538194444444,91,5,0,0,1,0,0,0,0,0,0.6035985867957716,0.5330024220282746,0.0,0.592939427032931,0.0,0.0,0.0,0.0,0.0,0.0
11,45,0.963985196859448,0,3076,0,0,1,0,0,0,0,0,0.0,0.668518997179297,0.0,0.7436950654740068,0.0,0.0,0.0,0.0,0.0,0.0
1,4,0.75,8,4,0,0,1,0,0,0,0,0,0.0,0.0,0.0,0.0,0.0,0.0,0.0,0.0,0.0,0.0
2,2,0.4444444444444444,3,3,0,0,1,0,0,0,0,0,0.0,0.0,1.0,0.0,0.0,0.0,0.0,0.0,0.0,0.0
7,17,0.8154551391460995,454,109,0,0,1,0,0,0,0,0,1.0,0.0,0.0,0.0,0.0,0.0,0.0,0.0,0.0,0.0
1,4,0.6931524714394657,350,171,0,0,1,0,0,0,0,0,0.0,0.0,0.0,0.0,0.0,0.0,0.0,0.0,0.0,0.0
17,41,0.9251938085327783,1017,223,0,0,1,0,0,0,0,0,1.0,0.0,0.0,0.0,0.0,0.0,0.0,0.0,0.0,0.0
17,45,0.9453810835629017,1357,293,0,0,1,0,0,0,0,0,0.0,0.8739084911946463,0.0,0.48609047410733786,0.0,0.0,0.0,0.0,0.0,0.0
19,48,0.959910359118783,2683,1,0,0,1,0,0,0,0,0,0.7495818525120325,0.661911660559496,0.0,0.0,0.0,0.0,0.0,0.0,0.0,0.0
5,6,0.8333333333333333,30,0,0,0,1,0,0,0,0,0,0.0,0.0,0.0,0.0,0.0,0.0,0.0,0.0,0.0,0.0
19,78,0.8625940776142118,0,589,0,0,1,0,0,0,0,0,0.0,0.0,0.0,0.0,0.0,0.0,0.0,0.0,0.0,0.0
2,3,0.4996694214876034,110,0,0,0,1,0,0,0,0,0,0.0,0.0,0.0,0.0,0.0,0.0,0.0,0.0,0.0,0.0
1,2,0.27173119065010964,0,37,0,0,1,0,0,1,0,0,0.0,0.5792318036287919,0.8151628779973586,0.0,0.0,0.0,0.0,0.0,0.0,0.0
19,151,0.9535966297604792,1837,105,0,0,1,0,0,0,0,0,0.0,0.668518997179297,0.0,0.7436950654740068,0.0,0.0,0.0,0.0,0.0,0.0
5,16,0.9260155170581358,148,337,0,0,1,0,0,0,0,0,0.0,0.0,0.0,0.0,0.0,0.0,0.0,0.0,0.0,0.0
0,1,0.0,3,3,0,0,1,0,0,0,0,0,0.0,0.0,0.0,0.0,0.0,0.0,0.0,0.0,0.0,0.0
0,1,0.0,4,5,0,0,1,0,0,0,0,0,0.0,0.0,0.0,0.0,0.0,0.0,0.0,0.0,1.0,0.0
2,2,0.48816568047337283,14,12,0,0,1,0,0,0,1,0,0.0,0.0,0.0,0.0,0.0,0.0,0.0,0.0,0.0,0.0
1,1,0.0,3,5,0,1,1,0,0,0,0,0,0.0,0.0,0.0,0.0,0.0,1.0,0.0,0.0,0.0,0.0
1,1,0.0,0,1,0,0,1,0,0,1,0,0,0.0,0.0,1.0,0.0,0.0,0.0,0.0,0.0,0.0,0.0
0,1,0.0,1,1,0,0,1,0,0,0,1,0,0.0,0.0,0.0,0.0,0.0,0.0,0.0,1.0,0.0,0.0
9,26,0.9176068376068376,87,108,1,0,1,0,0,0,0,0,0.0,0.0,0.0,0.0,0.0,0.0,0.0,0.0,0.0,0.0
1,1,0.0,1,0,0,0,1,0,0,0,0,0,0.0,0.0,0.0,0.0,0.0,0.0,0.0,1.0,0.0,0.0
3,5,0.7497165532879819,69,15,0,0,1,0,0,0,0,0,0.5599998745195607,0.4945029627039987,0.0,0.0,0.0,0.0,0.0,0.0,0.6647307427936847,0.0
1,2,0.06243496357960443,30,1,0,0,1,0,0,0,0,0,0.6269191198092945,0.0,0.7790843453808706,0.0,0.0,0.0,0.0,0.0,0.0,0.0
1,1,0.0,14,3,0,0,1,0,0,0,0,0,0.0,0.0,1.0,0.0,0.0,0.0,0.0,0.0,0.0,0.0
3,4,0.5446566358024691,87,57,0,0,1,0,0,0,0,0,0.0,0.0,1.0,0.0,0.0,0.0,0.0,0.0,0.0,0.0
2,2,0.16262755102040827,54,2,0,0,1,0,0,0,0,0,0.6269191198092945,0.0,0.7790843453808706,0.0,0.0,0.0,0.0,0.0,0.0,0.0
4,5,0.7128418549346016,52,6,1,0,1,0,0,0,0,0,1.0,0.0,0.0,0.0,0.0,0.0,0.0,0.0,0.0,0.0
1,2,0.4987246199367411,47,52,0,0,1,0,0,0,0,0,0.0,0.0,0.0,0.0,0.0,0.0,0.0,0.0,0.0,0.0
6,16,0.8978686556927298,905,175,0,0,1,0,0,1,0,0,0.8344383256735625,0.3684217113381939,0.0,0.40985134288146285,0.0,0.0,0.0,0.0,0.0,0.0
0,1,0.0,5,0,0,0,1,0,0,0,0,0,0.0,0.0,0.0,0.0,0.0,0.0,0.0,0.0,0.0,0.0
1,2,0.5,2,2,0,0,1,0,0,0,0,0,0.0,0.0,0.0,0.0,0.0,0.0,0.0,0.0,0.0,0.0
6,15,0.8809511307148358,801,27,0,0,1,0,0,0,0,0,0.0,0.0,0.9023698510038834,0.0,0.0,0.0,0.0,0.0,0.43096247168312607,0.0
6,26,0.933713200379867,1755,0,0,0,1,0,0,0,0,0,0.0,0.4099533218703663,0.0,0.9121065035879592,0.0,0.0,0.0,0.0,0.0,0.0
