DIFF_ND,DIFF_NF,DIFF_EN,SIZE_LA,SIZE_LD,PURP_FIX,PURP_MR,HIST_NDEV,SKIP_DOC,SKIP_MET,SKIP_COM,SKIP_FRM,SKIP_BLD,LABEL,CM_add,CM_api,CM_build,CM_fix,CM_gradle,CM_review,CM_test,CM_toolingcommons,CM_use,CM_version
1,4,0.75,4,4,0,0,0.0,1,0,0,0,0,0,0.0,1.0,0.0,0.0,0.0,0.0,0.0,0.0,0.0,0.0
1,4,0.75,4,4,0,0,0.0,1,0,0,0,0,0,0.0,0.0,0.0,0.0,0.0,0.0,0.0,0.0,1.0,0.0
1,1,0.0,1,1,0,0,0.0,1,0,0,0,0,0,0.0,0.0,0.0,0.0,0.0,0.0,1.0,0.0,0.0,0.0
1,4,0.5925925925925926,4,5,0,0,0.0,1,0,0,0,0,0,0.0,0.0,0.0,0.0,1.0,0.0,0.0,0.0,0.0,0.0
1,4,0.75,4,4,0,0,0.0,1,0,0,0,0,0,0.0,1.0,0.0,0.0,0.0,0.0,0.0,0.0,0.0,0.0
0,1,0.0,1,1,0,0,0.0,1,0,0,0,0,0,0.0,0.0,0.0,0.0,0.0,0.0,0.0,0.0,0.0,0.0
1,1,0.0,34,5,0,0,0.0,1,0,0,0,0,0,0.0,0.0,0.0,0.7120500953842104,0.0,0.0,0.7021286646073758,0.0,0.0,0.0
1,4,0.75,4,4,0,0,0.0,1,0,0,0,1,0,0.0,0.0,0.0,0.0,0.0,0.0,0.0,0.0,0.0,1.0
1,5,0.6640625,16,16,0,0,0.0,1,0,0,0,1,0,0.0,0.0,0.0,0.0,0.0,0.0,0.0,0.0,0.0,1.0
0,1,0.0,1,1,0,0,0.0,1,0,0,0,0,0,0.0,1.0,0.0,0.0,0.0,0.0,0.0,0.0,0.0,0.0
1,1,0.0,2,2,0,0,0.0,1,0,0,0,0,0,0.0,0.0,0.0,0.0,0.0,0.0,0.0,0.0,0.0,0.0
1,2,0.5,2,2,0,0,0.0,1,0,0,0,0,0,0.0,0.0,0.0,0.0,0.0,0.0,0.0,0.0,0.0,0.0
4,15,0.9293628808864266,4,34,0,0,0.0,1,0,0,0,0,0,0.0,1.0,0.0,0.0,0.0,0.0,0.0,0.0,0.0,0.0
1,3,0.5714285714285714,14,14,0,0,0.0,1,0,0,0,1,0,0.0,0.0,0.0,0.7588602005313807,0.0,0.0,0.0,0.0,0.0,0.6512535574179021
0,1,0.0,1,1,0,0,0.0,1,0,0,0,1,0,0.0,0.0,0.0,0.0,0.0,0.0,0.0,0.0,0.0,1.0
1,3,0.6666666666666667,3,3,0,0,0.0,1,0,0,0,1,0,0.0,0.0,0.0,0.0,0.0,0.0,0.0,0.0,0.0,1.0
1,3,0.5714285714285714,14,14,0,0,0.0,1,0,0,0,1,0,0.0,0.0,0.0,0.7588602005313807,0.0,0.0,0.0,0.0,0.0,0.6512535574179021
0,1,0.0,1,1,0,0,0.0,1,0,0,0,1,0,0.0,0.0,0.0,0.0,0.0,0.0,0.0,0.0,0.0,1.0
1,3,0.5714285714285714,14,14,0,0,0.0,1,0,0,0,1,0,0.0,0.0,0.0,0.7588602005313807,0.0,0.0,0.0,0.0,0.0,0.6512535574179021
0,1,0.0,1,1,0,0,0.0,1,0,0,0,1,0,0.0,0.0,0.0,0.0,0.0,0.0,0.0,0.0,0.0,1.0
1,1,0.0,9,1,0,0,0.0,1,0,0,0,0,0,0.0,0.0,0.7387379270010229,0.6739927857256569,0.0,0.0,0.0,0.0,0.0,0.0
1,4,0.6222222222222222,15,15,0,0,0.0,1,0,0,0,1,0,0.0,0.0,0.0,0.0,0.0,0.0,0.0,0.0,0.0,1.0
1,3,0.6666666666666667,3,3,0,0,0.0,1,0,0,0,1,0,0.0,0.0,0.0,0.0,0.0,0.0,0.0,0.0,0.0,0.0
1,4,0.6222222222222222,15,15,0,0,0.0,1,0,0,0,1,0,0.0,0.0,0.0,0.0,0.0,0.0,0.0,0.0,0.0,1.0
0,1,0.0,1,1,0,0,0.0,1,0,0,0,1,0,0.0,0.0,0.0,0.0,0.0,0.0,0.0,0.0,0.0,1.0
1,4,0.75,4,4,0,0,0.0,1,0,0,0,0,0,0.0,1.0,0.0,0.0,0.0,0.0,0.0,0.0,0.0,0.0
1,1,0.0,1,0,0,0,0.0,1,0,0,0,0,0,0.0,0.0,0.0,0.0,0.0,0.0,0.0,0.0,0.0,0.0
1,4,0.6428571428571428,14,14,0,0,0.0,1,0,0,0,1,0,0.0,0.0,0.0,0.0,0.0,0.0,0.0,0.0,0.0,1.0
0,1,0.0,1,1,0,0,0.0,1,0,0,0,1,0,0.0,0.0,0.0,0.0,0.0,0.0,0.0,0.0,0.0,1.0
1,2,0.0,3,3,0,0,0.0,1,0,0,0,0,0,0.0,0.0,0.0,0.0,1.0,0.0,0.0,0.0,0.0,0.0
0,1,0.0,1,1,0,0,0.0,1,0,0,0,0,0,0.0,1.0,0.0,0.0,0.0,0.0,0.0,0.0,0.0,0.0
1,3,0.3648,14,11,0,0,0.0,1,0,0,0,0,0,0.0,0.0,0.0,0.0,1.0,0.0,0.0,0.0,0.0,0.0
1,4,0.75,4,4,0,0,0.0,1,0,0,0,0,0,0.0,1.0,0.0,0.0,0.0,0.0,0.0,0.0,0.0,0.0
1,1,0.0,1,7,0,0,0.0,1,0,0,0,0,0,0.0,0.0,0.0,0.0,0.0,0.0,0.0,0.0,0.0,0.0
1,3,0.591715976331361,13,13,0,0,0.0,1,0,0,0,0,0,0.0,0.0,0.7387379270010229,0.6739927857256569,0.0,0.0,0.0,0.0,0.0,0.0
0,1,0.0,1,1,0,0,0.0,1,0,0,0,1,0,0.0,0.0,0.0,0.0,0.0,0.0,0.0,0.0,0.0,1.0
0,1,0.0,1,1,0,0,0.0,1,0,0,0,1,0,0.0,0.0,0.0,0.0,0.0,0.0,0.0,0.0,0.0,1.0
0,1,0.0,1,1,0,0,0.0,1,0,0,0,0,0,0.0,0.0,0.0,0.0,0.0,0.0,0.0,0.0,0.0,0.0
0,1,0.0,1,1,0,0,0.0,1,0,0,0,0,0,0.0,0.0,0.0,0.0,0.0,0.0,0.0,0.0,0.0,0.0
0,1,0.0,1,1,0,0,0.0,1,0,0,0,1,0,0.0,0.768271493619343,0.0,0.0,0.0,0.0,0.0,0.0,0.0,0.6401241380325413
2,14,0.9038573426287908,39,274,0,0,0.0,1,0,0,0,0,0,0.0,0.0,0.0,0.0,0.0,0.0,0.0,0.0,0.0,0.0
3,3,0.5925925925925926,5,4,0,0,0.0,1,0,0,0,0,0,0.0,1.0,0.0,0.0,0.0,0.0,0.0,0.0,0.0,0.0
1,4,0.6666666666666666,6,6,0,0,0.0,1,0,0,0,1,0,0.0,0.0,0.0,0.0,0.0,0.0,0.0,0.0,0.0,1.0
2,2,0.48753462603878117,19,0,0,0,0.0,1,0,0,0,0,0,0.0,0.0,0.0,0.0,0.0,0.0,0.0,0.0,0.0,0.0
1,3,0.5207100591715976,13,13,0,0,0.0,1,0,0,0,0,0,0.0,0.0,0.0,0.0,0.0,0.0,0.0,0.0,0.0,0.0
2,10,0.7396707988762083,90,161,0,0,0.0,1,0,0,0,1,0,0.0,0.0,0.5517398466009237,0.0,0.49809258894501285,0.0,0.0,0.0,0.5107442215719468,0.4320037669300001
3,12,0.84137007417356,307,417,0,0,0.0,1,0,0,1,0,0,0.0,0.0,0.0,0.0,0.0,0.0,0.0,0.0,0.0,0.0
3,7,0.8116931408630652,65,164,0,0,0.0,1,0,0,0,0,0,0.0,0.0,0.0,0.0,0.0,0.0,0.0,0.0,0.0,0.0
2,3,0.529585798816568,1,25,0,0,0.0,1,0,0,0,0,0,0.0,0.0,0.0,0.0,0.0,0.0,0.0,0.0,0.0,0.0
1,1,0.0,18,3,0,0,0.0,1,0,0,0,1,0,0.0,0.0,0.0,0.0,0.3172150482485076,0.0,0.9483536329685762,0.0,0.0,0.0
1,1,0.0,1,1,0,0,0.0,1,0,0,0,0,0,0.0,0.0,0.0,0.0,0.0,0.0,0.0,0.0,1.0,0.0
2,11,0.8877938692252736,157,230,0,0,0.0,1,0,0,0,0,0,0.0,0.0,1.0,0.0,0.0,0.0,0.0,0.0,0.0,0.0
2,2,0.48,3,7,0,0,0.0,1,0,0,0,0,0,0.0,0.0,0.0,0.0,0.0,0.0,0.0,0.0,0.0,0.0
2,4,0.656123038046379,4,299,0,0,0.0,1,0,0,0,0,0,0.0,0.0,0.0,0.0,0.0,0.0,0.0,0.0,0.0,0.0
1,1,0.0,0,111,0,0,0.0,1,0,0,0,0,0,0.0,0.7223456725063581,0.0,0.0,0.0,0.0,0.6915321607932181,0.0,0.0,0.0
1,3,0.653061224489796,2,19,0,0,0.0,1,0,0,0,0,0,0.0,0.0,0.0,0.0,0.0,0.0,0.0,0.0,0.0,0.0
1,1,0.0,0,1,1,0,0.0,1,0,0,0,0,0,0.0,0.0,0.0,0.0,0.0,0.0,0.0,0.0,0.0,0.0
1,1,0.0,1,2,0,0,0.0,1,0,0,0,1,0,0.0,0.0,0.0,0.0,0.0,0.0,0.0,0.0,0.0,1.0
1,2,0.5,4,4,0,0,0.0,1,0,0,0,1,0,0.0,0.0,0.0,0.0,0.0,0.0,0.0,0.0,0.0,1.0
1,1,0.0,26,0,0,0,0.0,1,0,0,0,0,0,0.5214149746425905,0.0,0.6343673786560126,0.0,0.0,0.0,0.5707052243633008,0.0,0.0,0.0
1,1,0.0,5,0,0,0,0.0,1,0,0,0,0,0,0.0,0.0,0.0,0.0,0.0,0.0,0.0,0.0,0.0,0.0
1,2,0.48979591836734704,3,4,0,0,0.0,1,0,0,0,0,0,0.0,0.0,0.0,0.0,0.6981841878466201,0.0,0.0,0.0,0.7159181795714895,0.0
1,1,0.0,0,6,0,0,0.0,1,0,0,0,1,0,0.0,0.535680871470015,0.0,0.0,0.514609938799198,0.0,0.0,0.0,0.0,0.669494297832484
2,6,0.8304872969596002,48,1,0,1,0.0,1,0,0,0,0,0,0.38012312869951825,0.0,0.924935893469212,0.0,0.0,0.0,0.0,0.0,0.0,0.0
2,2,0.48,33,2,0,0,0.0,1,0,0,0,0,0,0.0,0.0,0.0,0.0,0.0,0.0,0.0,0.0,0.0,0.0
2,3,0.565,14,6,0,0,0.0,1,0,0,0,0,0,0.0,0.0,1.0,0.0,0.0,0.0,0.0,0.0,0.0,0.0
2,4,0.69287109375,108,20,0,0,0.0,1,0,0,0,0,0,0.0,0.0,0.0,0.0,0.0,0.0,0.0,0.0,0.0,0.0
3,7,0.799042285528772,205,17,0,0,0.0,1,0,0,0,0,0,0.0,0.0,0.0,0.0,0.0,0.0,0.0,0.0,0.0,0.0
2,6,0.1767578125,61,67,0,0,0.0,1,0,0,0,0,0,0.0,0.0,0.0,0.3052808239075739,0.30207195318446944,0.0,0.9030814767525867,0.0,0.0,0.0
3,12,0.8312353331292726,7,785,0,0,0.0,1,0,0,0,0,0,0.0,0.5907481112750761,0.0,0.5735397125003963,0.5675111163756116,0.0,0.0,0.0,0.0,0.0
1,4,0.72,5,5,0,1,0.0,1,0,0,0,1,0,0.0,0.7198233530140532,0.3829942355869415,0.0,0.3457546007049557,0.0,0.0,0.0,0.3545368236977861,0.2998785632492283
1,3,0.5083277127554057,147,208,0,0,0.0,1,0,0,0,0,0,0.0,0.0,0.0,0.0,0.0,0.0,0.0,0.0,0.0,0.0
2,3,0.6216425619834711,31,57,0,0,0.0,1,0,0,0,0,0,0.0,0.0,0.0,0.0,0.0,0.0,0.0,0.0,0.0,0.0
1,1,0.0,6,0,0,0,0.0,1,0,0,0,1,0,0.0,0.0,0.0,0.0,0.7554461813240296,0.0,0.0,0.0,0.0,0.6552107043714573
1,1,0.0,25,21,0,0,0.0,1,0,0,0,0,0,0.0,0.0,0.0,0.0,0.0,0.5786542928721122,0.5581924118133491,0.594626303433234,0.0,0.0
2,18,0.8857198226234853,189,324,0,0,0.0,1,0,0,0,0,0,0.0,0.0,0.0,0.0,0.0,0.6974162325436088,0.0,0.716666309089997,0.0,0.0
3,23,0.8199720844101105,41,228,0,0,0.0,1,0,0,0,0,0,0.0,0.0,0.0,0.0,0.0,0.6974162325436088,0.0,0.716666309089997,0.0,0.0
0,1,0.0,6,3,0,0,0.0,1,0,0,0,0,0,0.0,0.0,1.0,0.0,0.0,0.0,0.0,0.0,0.0,0.0
1,4,0.6428571428571428,14,14,0,0,0.0,1,0,0,0,1,0,0.0,0.0,0.0,0.0,0.0,0.0,0.0,0.0,0.0,1.0
0,1,0.0,1,1,0,0,0.0,1,0,0,0,1,0,0.0,0.0,0.0,0.0,0.0,0.0,0.0,0.0,0.0,1.0
1,4,0.5922067901234567,31,41,0,0,0.0,1,0,0,0,0,0,0.0,0.0,0.0,0.0,0.0,0.0,0.0,0.0,0.0,0.0
2,7,0.8279580433290854,45,56,0,0,0.0,1,0,0,0,0,0,0.0,0.0,0.0,0.0,0.6981841878466201,0.0,0.0,0.0,0.7159181795714895,0.0
1,3,0.591715976331361,13,13,0,0,0.0,1,0,0,0,1,0,0.0,0.0,0.0,0.0,0.0,0.0,0.0,0.0,0.0,0.0
0,1,0.0,1,1,0,0,0.0,1,0,0,0,1,0,0.0,0.0,0.0,0.0,0.0,0.0,0.0,0.0,0.0,1.0
0,1,0.0,1,1,0,0,0.0,1,0,0,0,1,0,0.0,0.0,0.0,0.0,0.0,0.0,0.0,0.0,0.0,1.0
0,1,0.0,2,0,0,0,0.0,1,0,1,0,0,0,1.0,0.0,0.0,0.0,0.0,0.0,0.0,0.0,0.0,0.0
1,3,0.6666666666666667,3,3,0,0,0.0,1,0,0,0,1,0,0.0,0.0,0.0,0.0,0.0,0.0,0.0,0.0,0.0,1.0
0,1,0.0,17,16,0,0,0.0,1,0,0,0,1,0,0.0,0.0,0.0,0.0,0.0,0.0,0.0,0.0,0.7635074723097361,0.6457989932844411
1,1,0.0,10,18,0,0,0.0,1,0,0,0,0,0,0.0,0.0,0.0,0.0,0.6981841878466201,0.0,0.0,0.0,0.7159181795714895,0.0
1,1,0.0,2,2,0,0,0.0,1,0,0,0,1,0,0.0,0.0,0.0,0.0,0.0,0.0,0.7543211292971133,0.0,0.0,0.6565056236590269
1,1,0.0,8,1,0,0,0.0,1,0,0,0,0,0,0.0,0.0,0.0,0.0,0.0,0.0,0.0,0.0,0.0,0.0
1,1,0.0,3,3,0,0,0.0,1,0,0,0,0,0,0.0,0.0,0.0,0.0,0.0,0.0,0.0,0.0,0.0,0.0
2,16,0.9135020408163266,312,38,0,0,0.0,1,0,0,0,0,0,0.0,0.0,0.0,0.0,0.0,0.0,0.0,0.0,0.0,0.0
3,4,0.14579881656804727,15,50,0,0,0.0,1,0,0,0,1,0,0.0,0.0,0.0,0.0,0.0,0.0,0.0,0.0,0.7635074723097361,0.6457989932844411
1,4,0.75,4,4,0,0,0.0,1,0,0,0,0,0,0.0,1.0,0.0,0.0,0.0,0.0,0.0,0.0,0.0,0.0
1,4,0.6428571428571428,14,14,0,0,0.0,1,0,0,0,1,0,0.0,0.0,0.0,0.0,0.0,0.0,0.0,0.0,0.0,1.0
0,1,0.0,1,1,0,0,0.0,1,0,0,0,1,0,0.0,0.0,0.0,0.0,0.0,0.0,0.0,0.0,0.0,1.0
0,1,0.0,1,1,0,0,0.0,1,0,0,0,0,0,0.0,0.0,0.0,0.0,0.0,0.0,0.0,0.0,0.0,0.0
1,2,0.0,3,3,0,0,0.0,1,0,0,0,0,0,0.0,0.0,0.0,0.0,0.0,0.0,0.0,0.0,0.0,0.0
3,13,0.8791011951556886,101,216,0,0,0.0,1,0,0,0,0,0,0.0,0.0,0.0,0.0,0.0,0.0,0.0,0.0,1.0,0.0
2,13,0.8818571653737562,2,1526,0,0,0.0,1,0,0,0,0,0,0.0,0.0,0.0,0.0,0.0,0.0,0.0,0.0,0.0,0.0
1,1,0.0,0,1,0,0,0.0,1,0,0,0,0,0,0.0,0.0,0.0,0.0,0.0,0.0,0.0,0.0,0.0,0.0
2,3,0.6403061224489797,14,14,0,0,0.0,1,0,0,0,0,0,0.0,0.0,0.0,0.0,0.0,0.0,0.0,0.0,0.0,0.0
1,4,0.6640625,8,8,0,0,0.0,1,0,0,0,0,0,0.0,0.0,0.0,0.0,1.0,0.0,0.0,0.0,0.0,0.0
0,1,0.0,1,1,0,0,0.0,1,0,0,0,1,0,0.0,0.6126123565236514,0.0,0.0,0.0,0.0,0.0,0.0,0.6034637196208631,0.5104288782346578
1,1,0.0,55,43,0,0,0.0,1,0,0,0,0,0,0.0,0.0,0.0,0.0,0.0,0.0,1.0,0.0,0.0,0.0
2,3,0.5761772853185596,18,1,0,0,0.0,1,0,0,0,0,0,0.0,0.0,0.0,0.0,0.0,0.0,0.0,0.0,0.0,0.0
0,1,0.0,1,1,0,0,0.0,1,0,0,0,0,0,0.0,0.0,0.0,0.0,0.0,0.0,0.0,0.0,0.0,0.0
2,6,0.7546358505778017,36,25,0,0,0.0,1,0,0,0,1,0,0.0,0.0,0.0,0.0,0.7554461813240296,0.0,0.0,0.0,0.0,0.6552107043714573
2,3,0.5095486111111112,24,24,0,0,0.0,1,0,0,0,0,0,0.0,0.0,0.0,0.0,0.0,0.5734291096349172,0.0,0.5892568947355589,0.5691707724663244,0.0
1,2,0.11072664359861584,11,6,1,0,0.0,1,0,0,0,0,0,0.0,0.0,0.0,1.0,0.0,0.0,0.0,0.0,0.0,0.0
1,1,0.0,6,2,0,0,0.0,1,0,0,0,0,0,0.0,0.0,0.0,0.0,0.0,0.0,0.0,0.0,0.0,0.0
1,1,0.0,5,8,0,0,0.0,1,0,0,0,0,0,0.0,0.0,0.0,0.7120500953842104,0.0,0.0,0.7021286646073758,0.0,0.0,0.0
1,2,0.2777777777777777,100,8,0,0,0.0,1,0,0,0,0,0,0.6745065772223837,0.0,0.0,0.0,0.0,0.0,0.7382688380825405,0.0,0.0,0.0
1,8,0.7052614244619242,1387,1194,0,0,0.0,1,0,0,0,0,0,0.0,0.0,0.0,0.0,0.0,0.0,0.0,0.0,0.0,0.0
3,17,0.8281776106873986,807,60,0,0,0.0,1,0,0,0,0,0,0.0,0.46168277866052326,0.0,0.0,0.8870451013834068,0.0,0.0,0.0,0.0,0.0
2,8,0.6011342155009451,23,23,0,0,0.0,1,0,0,0,0,0,0.0,0.0,0.0,0.0,0.0,0.0,0.0,0.0,0.0,0.0
1,4,0.6428571428571428,14,14,0,0,0.0,1,0,0,0,1,0,0.0,0.0,0.0,0.0,0.0,0.0,0.0,0.0,0.0,1.0
0,1,0.0,1,1,0,0,0.0,1,0,0,0,1,0,0.0,0.0,0.0,0.0,0.0,0.0,0.0,0.0,0.0,1.0
0,1,0.0,1,1,0,0,0.0,1,0,0,0,0,0,0.0,0.0,0.0,0.0,1.0,0.0,0.0,0.0,0.0,0.0
1,4,0.3299476762080641,30,27,0,0,0.0,1,0,0,0,0,0,0.0,0.0,0.0,0.0,1.0,0.0,0.0,0.0,0.0,0.0
1,3,0.6373456790123456,19,17,0,0,0.0,1,0,0,0,0,0,0.0,0.0,0.0,0.0,0.0,0.0,0.0,0.0,1.0,0.0
1,3,0.6211072664359861,25,9,0,0,0.0,1,0,0,0,0,0,0.0,0.3930763811741107,0.8365718478273413,0.3816261285418133,0.0,0.0,0.0,0.0,0.0,0.0
3,5,0.6777777777777778,30,0,0,0,0.0,1,0,0,0,0,0,0.0,0.0,0.0,0.0,1.0,0.0,0.0,0.0,0.0,0.0
1,1,0.0,1,1,0,0,0.0,1,0,0,0,0,0,0.0,0.0,0.0,0.0,0.0,0.0,0.0,0.0,0.0,0.0
1,2,0.4965277777777779,18,6,0,0,0.0,1,0,0,0,1,0,0.0,0.0,0.0,0.0,1.0,0.0,0.0,0.0,0.0,0.0
1,2,0.14201183431952646,14,12,0,0,0.0,1,0,0,0,1,0,0.0,0.0,0.0,0.0,0.0,0.0,0.0,0.0,0.0,1.0
1,2,0.2603550295857988,6,7,0,0,0.0,1,0,0,0,1,0,0.0,0.0,0.0,0.0,0.0,0.0,0.0,0.0,0.0,0.0
1,2,0.2603550295857988,7,6,0,0,0.0,1,0,0,0,1,0,0.0,0.0,0.0,0.0,0.0,0.0,0.0,0.0,0.0,1.0
4,15,0.853096339582826,150,72,0,0,0.0,1,0,0,0,1,0,0.0,0.0,0.0,0.0,0.7554461813240296,0.0,0.0,0.0,0.0,0.6552107043714573
0,1,0.0,1,1,0,0,0.0,1,0,0,0,0,0,0.0,0.0,0.0,0.0,0.6981841878466201,0.0,0.0,0.0,0.7159181795714895,0.0
0,1,0.0,1,1,0,0,0.0,1,0,0,0,0,0,0.0,0.0,0.0,0.0,0.6981841878466201,0.0,0.0,0.0,0.7159181795714895,0.0
1,1,0.0,0,1,0,0,0.0,1,0,0,0,0,0,0.0,0.0,0.0,1.0,0.0,0.0,0.0,0.0,0.0,0.0
1,1,0.0,3,3,0,0,0.0,1,0,0,0,0,0,0.0,0.0,0.0,0.0,0.0,0.0,1.0,0.0,0.0,0.0
1,1,0.0,1,2,0,0,0.0,1,0,0,0,0,0,0.0,0.0,0.0,1.0,0.0,0.0,0.0,0.0,0.0,0.0
1,1,0.0,1,1,0,0,0.0,1,0,0,0,0,0,0.0,0.0,0.0,1.0,0.0,0.0,0.0,0.0,0.0,0.0
2,10,0.8383735537190082,238,37,0,0,0.0,1,0,0,0,0,0,1.0,0.0,0.0,0.0,0.0,0.0,0.0,0.0,0.0,0.0
1,1,0.0,4,4,0,0,0.0,1,0,0,0,0,0,0.0,0.0,0.0,1.0,0.0,0.0,0.0,0.0,0.0,0.0
3,7,0.6856,38,12,0,0,0.0,1,0,0,0,0,0,0.0,0.0,0.0,0.0,1.0,0.0,0.0,0.0,0.0,0.0
1,1,0.0,1,1,0,0,0.0,1,0,0,0,0,0,0.0,0.0,0.0,0.7120500953842104,0.0,0.0,0.7021286646073758,0.0,0.0,0.0
1,1,0.0,1,1,0,0,0.0,1,0,0,0,0,0,0.0,0.0,0.0,0.7120500953842104,0.0,0.0,0.7021286646073758,0.0,0.0,0.0
1,1,0.0,3,3,0,0,0.0,1,0,0,0,0,0,0.0,0.0,0.0,0.7120500953842104,0.0,0.0,0.7021286646073758,0.0,0.0,0.0
1,1,0.0,4,4,0,0,0.0,1,0,0,0,0,0,0.0,0.0,0.0,0.0,0.0,0.0,1.0,0.0,0.0,0.0
1,11,0.8241836734693877,49,91,0,0,0.0,1,0,0,0,1,0,0.0,0.0,0.0,0.0,1.0,0.0,0.0,0.0,0.0,0.0
6,29,0.9189281727104015,371,370,0,0,0.0,1,0,0,0,0,0,0.0,0.0,0.7338442188612058,0.0,0.0,0.0,0.0,0.0,0.6793177919383435,0.0
1,3,0.591715976331361,13,13,0,0,0.0,1,0,0,0,0,0,0.0,0.0,0.0,0.0,0.0,0.0,0.0,0.0,0.0,0.0
0,1,0.0,1,1,0,0,0.0,1,0,0,0,1,0,0.0,0.0,0.0,0.0,0.0,0.0,0.0,0.0,0.0,1.0
1,1,0.0,3,3,0,0,0.0,1,0,0,0,0,0,0.0,0.0,0.0,0.0,1.0,0.0,0.0,0.0,0.0,0.0
0,1,0.0,1,1,0,0,0.0,1,0,0,0,0,0,0.0,0.0,0.0,0.0,1.0,0.0,0.0,0.0,0.0,0.0
2,3,0.6208761492698756,16,27,0,0,0.0,1,0,0,0,1,0,0.0,0.0,0.7422719783583858,0.0,0.6700987316387997,0.0,0.0,0.0,0.0,0.0
1,1,0.0,32,0,0,0,0.0,1,0,0,0,0,0,0.6745065772223837,0.0,0.0,0.0,0.0,0.0,0.7382688380825405,0.0,0.0,0.0
1,2,0.17035576009934994,93,24,1,0,0.0,1,0,0,0,0,0,0.0,0.0,0.7387379270010229,0.6739927857256569,0.0,0.0,0.0,0.0,0.0,0.0
1,2,0.49947970863683666,31,0,0,0,0.0,1,0,0,0,0,0,0.0,0.0,0.0,0.0,0.0,0.0,0.0,0.0,0.0,0.0
1,2,0.18231463978155849,67,2,0,0,0.0,1,0,0,0,0,0,0.0,0.0,0.0,0.0,0.0,0.0,0.0,0.0,0.0,0.0
8,86,0.9667027521777554,577,2983,0,0,0.0,1,0,0,0,0,0,0.0,0.0,0.0,0.0,0.0,0.0,0.0,0.0,0.0,0.0
1,1,0.0,1,0,0,0,0.0,1,0,1,0,0,0,0.6349775251574425,0.0,0.7725306094550102,0.0,0.0,0.0,0.0,0.0,0.0,0.0
1,1,0.0,19,1,0,0,0.0,1,0,0,0,0,0,0.0,0.0,0.0,0.0,0.0,0.0,0.0,0.0,0.0,0.0
1,4,0.6428571428571428,14,14,0,0,0.0,1,0,0,0,1,0,0.0,0.0,0.0,0.0,0.0,0.0,0.0,0.0,0.0,1.0
1,3,0.6399999999999999,15,15,0,0,0.0,1,0,0,0,0,0,0.0,0.0,0.0,0.0,0.0,0.0,0.0,0.0,0.0,0.0
0,1,0.0,1,1,0,0,0.0,1,0,0,0,1,0,0.0,0.0,0.0,0.0,0.0,0.0,0.0,0.0,0.0,1.0
0,1,0.0,0,1,0,0,0.0,1,0,0,0,0,0,0.0,0.0,0.0,0.0,0.0,0.0,0.0,0.0,0.0,0.0
0,1,0.0,2,2,0,0,0.0,1,0,0,0,0,0,0.0,0.0,0.0,0.0,0.0,0.0,0.0,0.0,0.0,0.0
0,1,0.0,1,1,0,0,0.0,1,0,1,0,0,0,0.0,0.0,0.0,0.0,0.0,0.0,0.0,0.0,0.0,0.0
0,1,0.0,2,2,0,0,0.0,1,0,0,0,0,0,0.0,0.0,0.0,0.0,0.0,0.0,0.0,0.0,0.0,0.0
0,1,0.0,2,2,0,0,0.0,1,0,0,0,1,0,0.0,0.0,0.0,0.0,0.0,0.0,0.0,0.0,0.0,1.0
1,5,0.2823913879277201,58,44,0,0,0.0,1,0,0,0,0,0,0.0,0.0,0.7338442188612058,0.0,0.0,0.0,0.0,0.0,0.6793177919383435,0.0
4,42,0.9482950217882605,144,139,0,0,0.0,1,0,1,0,0,0,0.0,0.0,0.0,0.0,0.0,0.6974162325436088,0.0,0.716666309089997,0.0,0.0
2,3,0.5743339002267575,108,60,0,0,0.0,1,0,0,0,0,0,0.0,0.0,0.0,0.0,0.0,0.0,1.0,0.0,0.0,0.0
7,51,0.9584462844017395,298,2789,0,0,0.0,1,0,0,0,0,0,0.0,0.0,0.7338442188612058,0.0,0.0,0.0,0.0,0.0,0.6793177919383435,0.0
1,3,0.6399999999999999,15,15,0,0,0.0,1,0,0,0,1,0,0.0,0.0,0.0,0.0,0.0,0.0,0.0,0.0,0.0,1.0
0,1,0.0,2,1,0,0,0.0,1,0,0,0,1,0,0.0,0.0,0.0,0.7588602005313807,0.0,0.0,0.0,0.0,0.0,0.6512535574179021
0,1,0.0,1,1,0,0,0.0,1,0,0,0,1,0,0.0,0.0,0.0,0.0,0.0,0.0,0.0,0.0,0.0,1.0
2,3,0.49382716049382713,5,4,0,0,0.0,1,0,0,0,0,0,0.0,0.0,0.0,0.0,0.0,0.0,0.0,0.0,0.0,0.0
1,1,0.0,38,33,0,0,0.0,1,0,0,0,0,0,0.6745065772223837,0.0,0.0,0.0,0.0,0.0,0.7382688380825405,0.0,0.0,0.0
1,2,0.4558071585098612,37,0,0,0,0.0,1,0,0,0,0,0,1.0,0.0,0.0,0.0,0.0,0.0,0.0,0.0,0.0,0.0
2,3,0.4894083272461651,31,6,0,0,0.0,1,0,0,1,0,0,1.0,0.0,0.0,0.0,0.0,0.0,0.0,0.0,0.0,0.0
1,1,0.0,55,67,0,0,0.0,1,0,0,0,0,0,0.0,0.0,0.0,0.0,0.0,0.0,0.0,0.0,0.0,0.0
1,1,0.0,1,1,0,0,0.0,1,0,0,0,0,0,0.0,0.717479592001464,0.0,0.696579525295865,0.0,0.0,0.0,0.0,0.0,0.0
0,1,0.0,1,1,0,0,0.0,1,0,0,0,0,0,1.0,0.0,0.0,0.0,0.0,0.0,0.0,0.0,0.0,0.0
0,1,0.0,46,4,0,0,0.0,1,0,0,0,0,0,0.0,0.0,0.0,0.0,0.0,0.0,0.0,0.0,0.0,0.0
0,1,0.0,9,4,0,0,0.0,1,0,0,0,1,0,0.0,0.0,0.0,0.0,0.0,0.0,0.0,0.0,0.0,1.0
1,4,0.6796875,16,16,0,0,0.0,1,0,0,0,1,0,0.0,0.0,0.0,0.0,0.0,0.0,0.0,0.0,0.0,1.0
0,1,0.0,1,1,0,0,0.0,1,0,0,0,1,0,0.0,0.0,0.0,0.0,0.0,0.0,0.0,0.0,0.0,1.0
1,3,0.6224489795918368,14,14,0,0,0.0,1,0,0,0,1,0,0.0,0.0,0.0,0.7588602005313807,0.0,0.0,0.0,0.0,0.0,0.6512535574179021
1,4,0.75,4,4,0,0,0.0,1,0,0,0,1,0,0.0,0.0,0.0,0.0,0.0,0.0,0.0,0.0,0.0,1.0
0,1,0.0,1,1,0,0,0.0,1,0,0,0,1,0,0.0,0.0,0.0,0.0,0.0,0.0,0.0,0.0,0.0,1.0
0,1,0.0,5,7,0,0,0.0,1,0,0,0,0,0,0.0,0.0,0.0,1.0,0.0,0.0,0.0,0.0,0.0,0.0
1,4,0.75,4,4,0,0,0.0,1,0,0,0,1,0,0.0,0.0,0.0,0.0,0.0,0.0,0.0,0.0,0.0,1.0
0,1,0.0,1,1,0,0,0.0,1,0,0,0,1,0,0.0,0.0,0.0,0.0,0.0,0.0,0.0,0.0,0.0,1.0
1,4,0.75,4,4,1,0,0.0,1,0,0,0,1,0,0.0,0.0,0.0,0.0,0.0,0.0,0.0,0.0,0.0,1.0
1,3,0.49382716049382713,12,6,0,0,0.0,1,0,0,0,0,0,0.0,0.0,0.0,1.0,0.0,0.0,0.0,0.0,0.0,0.0
1,1,0.0,14,25,0,0,0.0,1,0,0,0,0,0,0.0,0.0,0.0,0.0,0.0,0.0,0.0,0.0,0.0,0.0
1,1,0.0,3,1,0,0,0.0,1,0,0,0,0,0,0.0,0.0,0.0,0.0,0.0,0.0,0.0,0.0,0.0,0.0
2,3,0.5,8,4,0,0,0.0,1,0,0,0,0,0,0.0,0.0,0.0,0.0,0.0,0.6974162325436088,0.0,0.716666309089997,0.0,0.0
1,1,0.0,32,26,0,0,0.0,1,0,0,0,0,0,0.0,0.0,0.0,0.0,0.0,0.6974162325436088,0.0,0.716666309089997,0.0,0.0
1,2,0.42000000000000004,7,3,0,0,0.0,1,0,0,0,0,0,0.0,0.0,0.0,0.0,0.0,0.6974162325436088,0.0,0.716666309089997,0.0,0.0
1,1,0.0,2,2,0,0,0.0,1,0,1,0,0,0,0.0,0.0,0.0,1.0,0.0,0.0,0.0,0.0,0.0,0.0
1,1,0.0,1,1,0,0,0.0,1,0,0,0,0,0,0.0,0.0,0.0,0.0,0.0,0.0,0.0,0.0,0.0,0.0
1,1,0.0,37,31,0,0,0.0,1,0,0,0,0,0,0.0,0.0,0.0,0.0,0.0,0.0,0.0,0.0,0.0,0.0
0,1,0.0,15,12,0,0,0.0,1,0,0,0,1,0,0.0,0.0,0.0,0.0,0.0,0.0,0.0,0.0,0.0,1.0
0,1,0.0,2,2,0,0,0.0,1,0,0,0,1,0,0.0,0.0,0.0,0.0,0.0,0.0,0.0,0.0,0.7635074723097361,0.6457989932844411
0,1,0.0,5,4,0,0,0.0,1,0,0,0,1,0,0.0,0.0,0.0,0.0,0.0,0.0,0.0,0.0,0.5088728026914762,0.8608417222003832
1,1,0.0,2,1,0,0,0.0,1,0,0,0,0,0,0.0,0.0,0.0,0.0,0.0,0.0,0.6969433474168824,0.0,0.7171261886804517,0.0
2,3,0.6287477954144621,104,22,0,0,0.0,1,0,0,0,1,0,0.0,0.0,0.0,0.0,0.597221667934225,0.0,0.0,0.0,0.6123911952615683,0.517980022120516
1,2,0.4982967191024845,142,115,0,0,0.0,1,0,0,0,0,0,0.6639587676368458,0.0,0.0,0.0,0.0,0.0,0.0,0.0,0.747769185563407,0.0
1,2,0.0,3,3,0,0,0.0,1,0,0,0,0,0,0.0,0.0,0.0,0.0,1.0,0.0,0.0,0.0,0.0,0.0
0,1,0.0,1,1,0,0,0.0,1,0,0,0,0,0,0.0,1.0,0.0,0.0,0.0,0.0,0.0,0.0,0.0,0.0
1,3,0.6399999999999999,15,15,0,0,0.0,1,0,0,0,1,0,0.0,0.0,0.0,0.0,0.0,0.0,0.0,0.0,0.0,0.0
1,1,0.0,0,2,0,0,0.0,1,0,0,0,0,0,0.0,0.0,0.0,0.0,0.0,0.0,0.0,0.0,0.0,0.0
1,1,0.0,1,1,0,0,0.0,1,0,0,0,0,0,0.0,1.0,0.0,0.0,0.0,0.0,0.0,0.0,0.0,0.0
6,15,0.8531273834731637,461,405,0,0,0.0,1,0,0,0,0,0,0.0,0.0,0.0,0.0,0.0,0.0,0.0,0.0,0.0,0.0
0,1,0.0,1,1,0,0,0.0,1,0,0,0,0,0,0.0,0.0,0.0,0.0,0.0,0.0,0.0,0.0,0.0,0.0
1,1,0.0,5,5,0,0,0.0,1,0,0,0,0,0,0.5208255227323046,0.0,0.6336502357250331,0.0,0.5720385945338228,0.0,0.0,0.0,0.0,0.0
2,3,0.653061224489796,9,12,0,0,0.0,1,0,0,0,0,0,0.0,0.0,0.0,0.0,0.0,0.0,0.0,0.0,1.0,0.0
2,2,0.4444444444444444,3,3,0,0,0.0,1,0,0,0,0,0,0.0,0.0,0.0,0.0,0.0,0.0,0.0,0.0,0.0,0.0
1,1,0.0,2,4,0,0,0.0,1,0,0,0,0,0,0.0,0.0,0.0,0.0,0.0,0.0,0.0,0.0,0.0,0.0
0,1,0.0,1,1,0,0,0.0,1,0,0,0,0,0,0.0,0.0,0.0,0.0,0.0,0.0,0.0,0.0,0.0,0.0
4,5,0.6865051903114187,40,45,0,0,0.0,1,0,0,0,0,0,0.0,0.0,0.0,0.0,0.0,0.0,0.0,0.0,0.0,0.0
2,2,0.07535563244905807,26,25,0,0,0.0,1,0,0,0,0,0,0.0,0.0,0.0,0.0,0.0,0.0,0.0,0.0,0.0,0.0
1,1,0.0,1,1,0,0,0.0,1,0,0,0,0,0,0.0,0.0,0.0,0.0,0.0,0.0,0.0,0.0,0.0,0.0
3,7,0.61375,23,17,0,0,0.0,1,0,0,0,0,0,0.0,0.0,0.0,0.0,0.0,0.0,0.0,0.0,0.0,0.0
2,14,0.848,22,28,0,0,0.0,1,0,0,0,0,0,0.0,0.0,0.0,0.0,0.0,0.0,0.0,0.0,0.0,0.0
2,4,0.5595567867036011,10,9,0,0,0.0,1,0,0,0,0,0,0.0,0.0,0.0,0.0,0.0,0.0,0.0,0.0,1.0,0.0
2,4,0.24741973840665887,66,79,0,0,0.0,1,0,0,0,0,0,1.0,0.0,0.0,0.0,0.0,0.0,0.0,0.0,0.0,0.0
1,1,0.0,5,0,0,0,0.0,1,0,0,0,0,0,0.5208255227323046,0.0,0.6336502357250331,0.0,0.5720385945338228,0.0,0.0,0.0,0.0,0.0
2,4,0.6709604967631126,99,75,0,0,0.0,1,0,0,0,0,0,0.0,0.0,0.0,0.0,0.0,0.0,0.0,0.0,0.0,0.0
2,4,0.6597633136094674,16,10,0,0,0.0,1,0,0,0,0,0,0.0,0.0,0.0,0.0,0.0,0.0,0.0,0.0,0.0,0.0
1,3,0.4444444444444444,0,3,0,0,0.0,1,0,0,0,0,0,0.0,0.0,0.0,0.0,0.0,0.0,0.0,0.0,0.0,0.0
4,10,0.7717477020694579,77,664,0,0,0.0,1,0,0,0,1,0,0.0,0.34068371534026987,0.36253310923386634,0.0,0.32728296871984397,0.33810682153240973,0.0,0.0,0.6711920185225883,0.28385781775728147
0,1,0.0,1,1,0,0,0.0,1,0,0,0,1,0,0.0,0.0,0.0,0.0,0.0,0.0,0.0,0.0,0.0,1.0
5,13,0.8305159429578594,632,0,0,0,0.0,1,0,0,0,0,0,0.0,0.0,0.0,0.0,0.0,0.0,0.0,0.0,0.0,0.0
1,1,0.0,3,3,0,0,0.0,1,0,0,0,0,0,0.0,0.0,0.0,0.0,0.0,0.0,0.0,0.0,0.0,0.0
1,1,0.0,3,3,0,0,0.0,1,0,0,0,0,0,0.0,0.7211476458601549,0.0,0.0,0.6927814033808618,0.0,0.0,0.0,0.0,0.0
1,1,0.0,10,0,0,0,0.0,1,0,0,0,0,0,1.0,0.0,0.0,0.0,0.0,0.0,0.0,0.0,0.0,0.0
2,2,0.42603550295857995,6,7,0,0,0.0,1,0,0,0,0,0,0.0,0.0,0.0,0.0,0.0,0.0,0.0,0.0,0.0,0.0
1,2,0.31217481789802304,21,10,0,0,0.0,1,0,0,0,0,0,0.0,0.0,0.0,0.0,1.0,0.0,0.0,0.0,0.0,0.0
1,1,0.0,2,2,0,0,0.0,1,0,0,0,0,0,0.0,0.0,0.0,1.0,0.0,0.0,0.0,0.0,0.0,0.0
1,3,0.6627218934911242,13,13,0,0,0.0,1,0,0,0,1,0,0.0,0.0,0.0,0.0,0.0,0.0,0.0,0.0,0.0,1.0
3,11,0.846530612244898,31,39,0,0,0.0,1,0,0,0,0,0,0.0,0.0,0.0,0.0,0.0,0.0,0.0,0.0,0.0,0.0
9,85,0.9747687598852107,4354,452,0,0,0.0,1,0,0,0,0,0,0.0,0.0,1.0,0.0,0.0,0.0,0.0,0.0,0.0,0.0
1,1,0.0,9,3,0,0,0.0,1,0,0,0,0,0,0.0,0.0,0.0,0.7120500953842104,0.0,0.0,0.7021286646073758,0.0,0.0,0.0
1,1,0.0,1,1,0,0,0.0,1,0,0,1,0,0,0.0,0.0,0.0,1.0,0.0,0.0,0.0,0.0,0.0,0.0
1,1,0.0,301,0,0,0,0.0,1,0,0,0,0,0,0.3780096016148797,0.0,0.0,0.0,0.41517950213666405,0.0,0.8274869920986744,0.0,0.0,0.0
1,1,0.0,10,8,0,0,0.0,1,0,0,0,0,0,0.0,0.0,0.0,0.0,0.0,0.0,0.0,0.0,0.0,0.0
1,3,0.6379757785467128,34,34,0,0,0.0,1,0,0,0,0,0,0.0,0.0,0.0,0.0,0.0,0.0,0.0,0.0,1.0,0.0
1,1,0.0,6,1,0,0,0.0,1,0,0,0,0,0,0.0,0.0,0.0,0.0,0.0,0.0,0.0,0.0,0.0,0.0
1,1,0.0,24,5,0,0,0.0,1,0,0,0,0,0,0.6745065772223837,0.0,0.0,0.0,0.0,0.0,0.7382688380825405,0.0,0.0,0.0
1,1,0.0,3,3,0,0,0.0,1,0,0,0,0,0,0.0,0.0,0.0,0.0,0.0,0.0,0.0,0.0,0.0,0.0
1,1,0.0,2,2,0,0,0.0,1,0,0,0,0,0,0.0,0.0,0.0,0.7120500953842104,0.0,0.0,0.7021286646073758,0.0,0.0,0.0
3,3,0.5540123456790123,10,26,0,0,0.0,1,0,0,0,0,0,0.0,0.0,0.0,0.0,0.0,0.0,0.0,0.0,0.0,0.0
2,6,0.8253968253968255,11,10,0,0,0.0,1,0,0,0,0,0,0.0,0.0,0.0,0.0,0.0,0.0,0.0,0.0,0.0,0.0
2,2,0.33673469387755106,18,10,0,0,0.0,1,0,0,0,0,0,0.0,0.0,0.0,0.6992973743407727,0.0,0.7148308766695106,0.0,0.0,0.0,0.0
1,1,0.0,15,0,0,0,0.0,1,0,0,0,0,0,0.6745065772223837,0.0,0.0,0.0,0.0,0.0,0.7382688380825405,0.0,0.0,0.0
1,3,0.5590277777777779,27,21,0,0,0.0,1,0,0,0,0,0,0.0,0.0,0.0,0.0,0.0,0.0,0.0,0.0,0.0,0.0
1,2,0.14201183431952646,1,25,0,1,0.0,1,0,0,0,0,0,0.0,0.0,0.0,0.7120500953842104,0.0,0.0,0.7021286646073758,0.0,0.0,0.0
4,13,0.8674959437533802,43,43,0,0,0.0,1,0,0,0,0,0,0.0,0.0,0.0,0.0,0.0,0.0,0.0,0.0,0.0,0.0
5,14,0.7991937515747041,63,63,0,0,0.0,1,0,0,0,0,0,0.0,0.0,0.0,0.0,0.0,0.0,0.0,0.0,0.0,0.0
1,1,0.0,1,1,0,0,0.0,1,0,0,0,0,0,0.0,0.0,0.0,0.0,0.0,0.0,0.0,0.0,0.0,0.0
1,1,0.0,0,1,0,0,0.0,1,0,0,0,0,0,0.0,0.0,0.0,0.0,0.0,0.0,0.0,0.0,0.0,0.0
1,1,0.0,4,2,1,0,0.0,1,0,0,0,0,0,0.0,0.0,0.0,1.0,0.0,0.0,0.0,0.0,0.0,0.0
4,9,0.8135904499540864,21,12,0,0,0.0,1,0,0,0,0,0,0.0,0.0,0.0,0.0,1.0,0.0,0.0,0.0,0.0,0.0
1,2,0.0,2,3,0,0,0.0,1,0,0,0,0,0,0.0,0.0,0.0,0.0,1.0,0.0,0.0,0.0,0.0,0.0
0,1,0.0,8,1,0,0,0.0,1,0,0,0,0,0,0.0,0.0,1.0,0.0,0.0,0.0,0.0,0.0,0.0,0.0
10,47,0.9301072005244692,730,418,0,0,0.0,1,0,0,0,0,0,0.0,0.0,1.0,0.0,0.0,0.0,0.0,0.0,0.0,0.0
6,23,0.9116828450770098,308,159,0,0,0.0,1,0,0,0,0,0,0.0,0.0,1.0,0.0,0.0,0.0,0.0,0.0,0.0,0.0
1,1,0.0,2,2,0,0,0.0,1,0,0,0,0,0,0.0,0.0,0.0,0.0,0.0,0.0,0.0,0.0,0.0,0.0
3,6,0.6875,24,24,0,0,0.0,1,0,1,0,0,0,0.0,0.0,0.0,0.0,0.0,1.0,0.0,0.0,0.0,0.0
1,1,0.0,1,1,0,0,0.0,1,0,0,0,0,0,0.0,0.0,0.0,0.0,0.0,0.6974162325436088,0.0,0.716666309089997,0.0,0.0
0,1,0.0,8,3,0,0,0.0,1,0,0,0,0,0,0.5433156348589292,0.0,0.6610123065693276,0.0,0.0,0.0,0.0,0.0,0.0,0.5175624131268961
0,1,0.0,1,1,0,0,0.0,1,0,0,0,1,0,0.0,0.0,0.0,0.0,0.0,0.0,0.0,0.0,0.0,1.0
1,2,0.0,3,3,0,0,0.0,1,0,0,0,1,0,0.0,0.0,0.0,0.0,0.0,0.0,0.0,0.0,0.0,1.0
0,1,0.0,1,1,0,0,0.0,1,0,0,0,0,0,0.0,1.0,0.0,0.0,0.0,0.0,0.0,0.0,0.0,0.0
1,2,0.24489795918367352,12,16,0,0,0.0,1,0,0,0,0,0,0.0,0.0,0.0,0.0,0.0,0.6974162325436088,0.0,0.716666309089997,0.0,0.0
1,1,0.0,17,17,0,0,0.0,1,0,0,0,0,0,0.0,0.0,0.0,0.0,0.0,0.6974162325436088,0.0,0.716666309089997,0.0,0.0
1,1,0.0,3,15,0,0,0.0,1,0,0,0,0,0,0.0,0.0,0.0,0.0,0.5595239655257591,0.5780284574388048,0.0,0.5939831936959536,0.0,0.0
1,1,0.0,4,5,0,0,0.0,1,0,0,0,0,0,0.0,0.0,0.0,0.0,0.0,0.6974162325436088,0.0,0.716666309089997,0.0,0.0
1,1,0.0,6,4,0,0,0.0,1,0,0,0,0,0,0.0,0.0,0.0,0.0,0.0,0.6974162325436088,0.0,0.716666309089997,0.0,0.0
1,2,0.4558071585098612,34,3,0,0,0.0,1,0,0,0,0,0,0.0,0.0,0.0,0.0,0.0,0.6974162325436088,0.0,0.716666309089997,0.0,0.0
1,1,0.0,2,2,0,0,0.0,1,0,0,0,1,0,0.0,0.0,0.0,0.0,0.0,0.0,0.0,0.0,0.0,1.0
1,2,0.0,3,3,0,0,0.0,1,0,0,0,1,0,0.0,0.0,0.0,0.0,0.0,0.0,0.0,0.0,0.0,1.0
0,1,0.0,1,1,0,0,0.0,1,0,0,0,0,0,0.0,1.0,0.0,0.0,0.0,0.0,0.0,0.0,0.0,0.0
1,1,0.0,1,2,0,0,0.0,1,0,0,0,0,0,0.0,0.0,0.0,0.0,0.0,0.6974162325436088,0.0,0.716666309089997,0.0,0.0
1,1,0.0,0,3,0,0,0.0,1,0,0,0,0,0,0.0,0.0,0.0,0.0,0.0,0.5734291096349172,0.0,0.5892568947355589,0.5691707724663244,0.0
1,1,0.0,1,1,0,0,0.0,1,0,0,0,0,0,0.0,0.0,0.0,0.0,0.0,0.6974162325436088,0.0,0.716666309089997,0.0,0.0
1,1,0.0,16,19,0,0,0.0,1,0,0,0,0,0,0.0,0.0,0.0,0.0,0.0,0.0,0.0,0.0,0.0,0.0
2,2,0.36680541103017683,35,27,0,0,0.0,1,0,0,0,0,0,0.0,0.0,0.0,0.0,0.0,0.0,0.0,0.0,0.0,0.0
1,3,0.46816107915096217,25,46,0,0,0.0,1,0,0,0,0,0,0.0,0.0,0.0,0.0,0.0,0.5734291096349172,0.0,0.5892568947355589,0.5691707724663244,0.0
1,3,0.5511111111111111,12,3,0,0,0.0,1,0,0,0,0,0,0.0,0.0,0.0,1.0,0.0,0.0,0.0,0.0,0.0,0.0
1,1,0.0,3,3,0,0,0.0,1,0,0,0,0,0,0.0,0.0,0.0,0.0,0.0,0.0,0.0,0.0,0.0,0.0
1,1,0.0,16,17,0,0,0.0,1,0,0,0,0,0,0.0,0.0,0.0,0.0,0.0,0.0,0.0,0.0,0.0,0.0
2,2,0.21875,15,1,1,0,0.0,1,0,0,0,0,0,0.0,0.0,0.0,0.0,0.0,0.0,0.0,0.0,1.0,0.0
1,4,0.5115338387573966,220,196,0,0,0.0,1,0,0,0,0,0,0.0,0.7211476458601549,0.0,0.0,0.6927814033808618,0.0,0.0,0.0,0.0,0.0
1,2,0.0,3,3,0,0,0.0,1,0,0,0,1,0,0.0,0.0,0.0,0.0,0.0,0.0,0.0,0.0,0.0,1.0
0,1,0.0,1,1,0,0,0.0,1,0,0,0,0,0,0.0,1.0,0.0,0.0,0.0,0.0,0.0,0.0,0.0,0.0
1,2,0.48816568047337283,60,18,0,0,0.0,1,0,0,0,0,0,0.3976178001801572,0.0,0.48375243112293476,0.0,0.0,0.4511587844795731,0.4352052911756231,0.46361166517053715,0.0,0.0
2,4,0.4581135802469136,141,84,0,0,0.0,1,0,0,0,0,0,0.0,0.0,0.0,0.0,0.0,0.6974162325436088,0.0,0.716666309089997,0.0,0.0
1,3,0.3312079657612018,67,40,0,0,0.0,1,0,0,0,0,0,0.0,0.0,0.0,0.0,0.0,0.6974162325436088,0.0,0.716666309089997,0.0,0.0
1,1,0.0,1,3,0,0,0.0,1,0,0,0,0,0,0.0,0.0,0.0,0.0,0.0,0.6974162325436088,0.0,0.716666309089997,0.0,0.0
1,1,0.0,0,43,0,0,0.0,1,0,0,0,0,0,0.0,0.0,0.0,0.0,0.0,0.5786542928721122,0.5581924118133491,0.594626303433234,0.0,0.0
1,1,0.0,3,2,0,0,0.0,1,0,0,0,0,0,0.0,0.0,0.0,0.0,0.0,0.6974162325436088,0.0,0.716666309089997,0.0,0.0
1,1,0.0,3,3,0,0,0.0,1,0,0,0,0,0,0.0,0.0,0.0,0.0,0.5595239655257591,0.5780284574388048,0.0,0.5939831936959536,0.0,0.0
1,1,0.0,0,2,0,0,0.0,1,0,0,0,0,0,0.0,0.0,0.0,0.0,0.0,0.5734291096349172,0.0,0.5892568947355589,0.5691707724663244,0.0
1,1,0.0,2,1,0,0,0.0,1,0,0,0,0,0,0.0,0.0,0.0,0.5635865960703181,0.0,0.5761055529886916,0.0,0.5920072132545904,0.0,0.0
2,5,0.7306473517428701,39,8,0,0,0.0,1,0,0,0,0,0,0.0,0.0,0.0,0.0,0.0,0.6974162325436088,0.0,0.716666309089997,0.0,0.0
2,7,0.775992438563327,24,22,0,0,0.0,1,0,0,0,0,0,0.0,0.0,0.0,1.0,0.0,0.0,0.0,0.0,0.0,0.0
2,2,0.5,2,2,0,0,0.0,1,0,0,0,0,0,0.0,0.0,0.0,0.0,0.0,0.0,0.0,0.0,0.0,0.0
1,2,0.4152249134948096,10,7,0,0,0.0,1,0,0,0,0,0,0.0,0.0,0.0,0.0,0.0,0.0,0.0,0.0,0.0,0.0
1,1,0.0,2,2,0,0,0.0,1,0,0,0,0,0,0.0,0.0,0.0,0.0,0.0,0.0,0.0,0.0,0.0,0.0
1,2,0.2659279778393353,57,0,0,0,0.0,1,0,0,0,0,0,0.0,0.0,0.0,0.0,0.0,0.6974162325436088,0.0,0.716666309089997,0.0,0.0
2,3,0.3044982698961938,8,9,1,0,0.0,1,0,0,0,0,0,0.0,0.0,0.0,1.0,0.0,0.0,0.0,0.0,0.0,0.0
1,1,0.0,14,9,0,0,0.0,1,0,0,0,0,0,0.0,0.0,0.0,0.0,0.0,0.0,0.0,0.0,0.0,0.0
1,1,0.0,22,2,0,0,0.0,1,0,0,0,0,0,1.0,0.0,0.0,0.0,0.0,0.0,0.0,0.0,0.0,0.0
2,3,0.65625,5,3,0,0,0.0,1,0,0,0,0,0,0.0,0.0,0.0,0.0,0.0,0.0,0.0,0.0,0.0,0.0
2,3,0.6640625,15,1,0,0,0.0,1,0,0,0,0,0,0.0,0.0,0.0,0.0,0.0,0.0,0.0,0.0,0.0,0.0
4,22,0.916220242770813,1131,105,0,0,0.0,1,0,0,0,0,0,0.0,0.0,0.0,0.0,0.0,0.0,0.0,0.0,0.0,0.0
1,1,0.0,2,2,0,0,0.0,1,0,0,0,0,0,0.0,0.0,0.0,0.0,0.0,0.6974162325436088,0.0,0.716666309089997,0.0,0.0
1,1,0.0,3,3,0,0,0.0,1,0,0,0,0,0,0.0,0.0,0.0,0.0,0.0,0.0,0.0,0.0,0.0,0.0
1,2,0.2659279778393353,0,57,0,0,0.0,1,0,0,0,0,0,0.0,0.0,0.0,0.0,0.0,0.5734291096349172,0.0,0.5892568947355589,0.5691707724663244,0.0
1,2,0.375,4,4,0,0,0.0,1,0,0,0,0,0,0.0,0.0,0.0,0.0,0.0,0.0,0.0,0.0,1.0,0.0
1,1,0.0,8,5,0,0,0.0,1,0,0,0,0,0,0.0,0.0,0.0,0.0,0.0,0.0,0.0,0.0,0.0,0.0
2,7,0.8571428571428572,105,0,0,0,0.0,1,0,0,0,0,0,1.0,0.0,0.0,0.0,0.0,0.0,0.0,0.0,0.0,0.0
1,1,0.0,2,2,0,0,0.0,1,0,0,0,0,0,0.0,0.0,0.0,0.0,0.0,0.0,0.0,0.0,0.0,0.0
2,2,0.4944598337950138,42,34,0,0,0.0,1,0,0,0,0,0,0.0,0.0,0.0,0.0,0.0,0.0,1.0,0.0,0.0,0.0
2,2,0.45097439036832976,94,5,0,0,0.0,1,0,0,0,0,0,0.0,0.0,0.0,0.0,0.0,0.0,0.0,0.0,0.0,0.0
1,1,0.0,1,1,0,0,0.0,1,0,0,0,0,0,0.0,0.0,0.0,1.0,0.0,0.0,0.0,0.0,0.0,0.0
2,3,0.5262345679012346,2,34,0,0,0.0,1,0,0,0,0,0,0.0,0.0,0.0,0.0,0.0,0.0,0.0,0.0,0.0,0.0
1,1,0.0,26,3,0,0,0.0,1,0,0,0,0,0,0.6745065772223837,0.0,0.0,0.0,0.0,0.0,0.7382688380825405,0.0,0.0,0.0
1,1,0.0,0,1,0,0,0.0,1,0,0,0,0,0,0.0,0.0,0.0,0.0,0.0,0.0,1.0,0.0,0.0,0.0
1,1,0.0,70,4,0,0,0.0,1,0,0,0,0,0,0.6745065772223837,0.0,0.0,0.0,0.0,0.0,0.7382688380825405,0.0,0.0,0.0
1,1,0.0,8,8,0,0,0.0,1,0,0,0,0,0,0.0,0.0,0.0,0.0,0.0,0.6974162325436088,0.0,0.716666309089997,0.0,0.0
1,2,0.41086419753086423,22,23,0,0,0.0,1,0,0,0,0,0,0.0,0.0,0.0,0.0,0.0,0.6974162325436088,0.0,0.716666309089997,0.0,0.0
1,1,0.0,2,2,0,0,0.0,1,0,0,0,0,0,0.0,0.0,0.0,1.0,0.0,0.0,0.0,0.0,0.0,0.0
1,1,0.0,11,12,0,0,0.0,1,0,0,0,0,0,0.0,0.0,0.0,0.0,0.0,0.0,1.0,0.0,0.0,0.0
1,2,0.40031664567227176,116,585,0,1,0.0,1,0,0,0,0,0,0.0,0.0,0.0,0.0,0.0,0.0,0.0,0.0,0.0,0.0
1,1,0.0,28,0,0,0,0.0,1,0,0,0,0,0,0.6745065772223837,0.0,0.0,0.0,0.0,0.0,0.7382688380825405,0.0,0.0,0.0
2,3,0.5262345679012346,34,2,0,0,0.0,1,0,0,0,0,0,0.0,0.0,0.0,0.0,0.0,0.0,0.0,0.0,0.0,0.0
1,2,0.43362778679165914,88,41,0,0,0.0,1,0,0,0,0,0,0.0,0.0,0.0,0.0,0.0,0.0,1.0,0.0,0.0,0.0
1,5,0.6266642011834319,82,22,1,0,0.0,1,0,0,0,0,0,0.0,0.0,0.0,0.5635865960703181,0.0,0.5761055529886916,0.0,0.5920072132545904,0.0,0.0
2,4,0.5625,12,4,0,0,0.0,1,0,0,0,0,0,0.0,0.0,0.0,1.0,0.0,0.0,0.0,0.0,0.0,0.0
1,2,0.029405212742259046,36,31,0,0,0.0,1,0,0,0,0,0,0.0,0.0,0.0,0.5635865960703181,0.0,0.5761055529886916,0.0,0.5920072132545904,0.0,0.0
4,16,0.9342560553633218,17,17,0,0,0.0,1,0,0,0,0,0,0.0,0.0,0.0,0.5635865960703181,0.0,0.5761055529886916,0.0,0.5920072132545904,0.0,0.0
1,1,0.0,1,1,0,0,0.0,1,0,0,0,0,0,0.0,0.0,0.0,0.0,0.0,0.6974162325436088,0.0,0.716666309089997,0.0,0.0
1,1,0.0,3,4,0,0,0.0,1,0,0,0,0,0,0.5236439063022883,0.0,0.0,0.0,0.0,0.5941548596678383,0.0,0.6105547167335386,0.0,0.0
2,2,0.48864702570838814,34,39,0,0,0.0,1,0,0,0,0,0,0.0,0.0,0.0,0.0,0.0,0.6974162325436088,0.0,0.716666309089997,0.0,0.0
1,1,0.0,4,1,0,0,0.0,1,0,0,0,0,0,0.5236439063022883,0.0,0.0,0.0,0.0,0.5941548596678383,0.0,0.6105547167335386,0.0,0.0
1,1,0.0,1,1,0,0,0.0,1,0,0,0,0,0,0.5236439063022883,0.0,0.0,0.0,0.0,0.5941548596678383,0.0,0.6105547167335386,0.0,0.0
3,3,0.411522633744856,4,23,0,0,0.0,1,0,0,0,0,0,0.0,0.0,0.0,0.0,0.0,0.6974162325436088,0.0,0.716666309089997,0.0,0.0
1,1,0.0,1,1,0,0,0.0,1,0,0,0,0,0,0.0,0.0,0.0,0.0,0.0,0.6974162325436088,0.0,0.716666309089997,0.0,0.0
1,1,0.0,6,1,0,0,0.0,1,0,0,0,0,0,0.5236439063022883,0.0,0.0,0.0,0.0,0.5941548596678383,0.0,0.6105547167335386,0.0,0.0
1,3,0.5950413223140496,6,5,0,0,0.0,1,0,0,0,0,0,0.0,0.0,0.0,0.0,0.0,0.6974162325436088,0.0,0.716666309089997,0.0,0.0
1,3,0.5350504049880542,47,84,0,0,0.0,1,0,0,0,0,0,0.0,0.0,0.0,0.0,0.0,0.6974162325436088,0.0,0.716666309089997,0.0,0.0
1,1,0.0,4,1,0,0,0.0,1,0,0,0,0,0,0.0,0.0,0.0,0.0,0.0,0.6974162325436088,0.0,0.716666309089997,0.0,0.0
1,2,0.48,6,4,0,0,0.0,1,0,0,0,0,0,0.5236439063022883,0.0,0.0,0.0,0.0,0.5941548596678383,0.0,0.6105547167335386,0.0,0.0
1,2,0.21875,8,0,0,0,0.0,1,0,0,0,0,0,0.0,0.0,0.0,0.0,0.0,0.6974162325436088,0.0,0.716666309089997,0.0,0.0
1,1,0.0,52,33,0,0,0.0,1,0,0,0,0,0,0.0,0.0,0.0,0.0,0.0,0.6974162325436088,0.0,0.716666309089997,0.0,0.0
1,1,0.0,1,1,0,0,0.0,1,0,0,0,0,0,0.5236439063022883,0.0,0.0,0.0,0.0,0.5941548596678383,0.0,0.6105547167335386,0.0,0.0
1,1,0.0,4,4,0,0,0.0,1,0,0,0,0,0,0.0,0.0,0.0,0.0,0.0,0.6974162325436088,0.0,0.716666309089997,0.0,0.0
1,1,0.0,0,2,0,0,0.0,1,0,0,0,0,0,0.0,0.0,0.0,0.0,0.0,0.6974162325436088,0.0,0.716666309089997,0.0,0.0
1,2,0.5,2,2,0,0,0.0,1,0,0,0,0,0,0.5236439063022883,0.0,0.0,0.0,0.0,0.5941548596678383,0.0,0.6105547167335386,0.0,0.0
1,1,0.0,126,0,0,0,0.0,1,0,0,0,0,0,1.0,0.0,0.0,0.0,0.0,0.0,0.0,0.0,0.0,0.0
1,4,0.635552711806993,89,74,0,0,0.0,1,0,0,0,0,0,0.0,0.0,0.0,0.0,0.0,0.0,0.0,0.0,0.0,0.0
2,4,0.5940281238875045,204,8,0,0,0.0,1,0,0,0,0,0,0.0,0.712406242016047,0.0,0.0,0.0,0.0,0.0,0.0,0.7017673021284002,0.0
1,3,0.375,4,4,0,0,0.0,1,0,0,0,1,0,0.0,0.0,0.0,0.0,0.0,0.0,0.0,0.0,0.0,1.0
0,1,0.0,0,2,0,0,0.0,1,0,0,0,1,0,0.0,0.0,0.7873613556235388,0.0,0.0,0.0,0.0,0.0,0.0,0.6164917644791883
1,1,0.0,2,2,0,0,0.0,1,0,0,0,1,0,0.0,0.0,0.0,0.0,0.0,0.0,0.0,0.0,0.0,1.0
1,1,0.0,16,0,0,0,0.0,1,0,0,0,0,0,0.0,0.0,0.0,0.0,0.0,0.0,0.0,0.0,0.0,0.0
1,1,0.0,40,0,0,0,0.0,1,0,0,0,0,0,1.0,0.0,0.0,0.0,0.0,0.0,0.0,0.0,0.0,0.0
2,2,0.3922193877551021,44,12,0,0,0.0,1,0,0,0,0,0,0.0,0.0,0.0,0.0,0.0,0.0,0.0,0.0,0.0,0.0
2,9,0.72629742182139,424,81,1,0,0.0,1,0,0,0,0,0,0.0,0.0,0.0,0.7019561679159498,0.0,0.0,0.0,0.0,0.7122201473735175,0.0
1,1,0.0,2,1,0,0,0.0,1,0,0,0,0,0,0.0,0.0,0.0,0.0,0.0,0.0,0.0,0.0,0.0,0.0
1,1,0.0,15,1,0,0,0.0,1,0,0,0,0,0,0.0,0.0,0.0,0.0,0.0,0.0,0.0,0.0,0.0,0.0
1,2,0.14201183431952646,0,13,0,0,0.0,1,0,0,0,0,0,0.0,1.0,0.0,0.0,0.0,0.0,0.0,0.0,0.0,0.0
1,2,0.19753086419753085,32,4,0,0,0.0,1,0,0,0,0,0,0.0,0.0,0.0,0.0,0.0,0.0,0.0,0.0,0.0,0.0
2,2,0.19753086419753085,10,8,0,0,0.0,1,0,0,0,0,0,0.0,0.0,0.6117719236997103,0.0,0.5522875739295017,0.0,0.0,0.0,0.5663157679738584,0.0
1,1,0.0,0,1,0,0,0.0,1,0,0,0,0,0,0.0,0.0,0.0,0.0,0.0,0.0,1.0,0.0,0.0,0.0
1,1,0.0,1,1,1,0,0.0,1,0,0,0,1,0,0.0,0.0,0.8588814182669758,0.0,0.0,0.0,0.3863440405400476,0.0,0.0,0.33624543371605503
1,2,0.3550295857988165,7,6,0,0,0.0,1,0,0,0,0,0,0.0,0.0,0.0,0.0,0.0,0.0,0.0,0.0,0.0,0.0
1,2,0.42507804370447444,42,20,0,0,0.0,1,0,0,0,0,0,0.0,0.0,0.0,0.0,0.0,0.0,1.0,0.0,0.0,0.0
1,1,0.0,27,5,0,0,0.0,1,0,0,0,0,0,0.0,0.0,0.0,0.0,0.0,0.0,1.0,0.0,0.0,0.0
1,3,0.43783462224866154,31,10,0,0,0.0,1,0,0,0,0,0,0.0,0.0,0.0,0.0,0.0,0.0,0.0,0.0,0.0,0.0
1,2,0.04188556980423641,512,2,0,0,0.0,1,0,0,0,0,0,0.0,0.0,0.0,0.0,0.0,0.0,1.0,0.0,0.0,0.0
1,2,0.3500566893424035,68,16,0,0,0.0,1,0,0,0,0,0,0.0,0.0,0.0,0.0,0.0,0.0,0.0,0.0,0.0,0.0
2,3,0.625,5,3,0,0,0.0,1,0,0,0,0,0,1.0,0.0,0.0,0.0,0.0,0.0,0.0,0.0,0.0,0.0
2,2,0.5,2,2,0,0,0.0,1,0,0,0,0,0,0.0,0.0,0.0,0.0,0.0,0.0,0.0,0.0,0.0,0.0
2,10,0.7910698784722222,98,94,0,0,0.0,1,0,0,0,0,0,0.0,0.0,0.0,0.0,0.0,0.0,0.0,0.0,0.0,0.0
2,4,0.7256944444444444,15,9,0,0,0.0,1,0,0,0,0,0,1.0,0.0,0.0,0.0,0.0,0.0,0.0,0.0,0.0,0.0
2,2,0.25240054869684503,23,4,0,0,0.0,1,0,0,0,0,0,0.0,0.0,0.0,0.0,0.0,0.0,0.0,0.0,0.0,0.0
3,9,0.8291394525091624,216,5,0,0,0.0,1,0,0,0,0,0,0.0,0.0,0.0,0.0,0.0,0.0,0.0,0.0,0.0,0.0
2,6,0.7263999999999999,29,21,1,0,0.0,1,0,0,0,0,0,0.0,0.0,0.0,0.0,0.0,0.0,0.0,0.0,0.0,0.0
1,1,0.0,1,1,0,0,0.0,1,0,0,0,0,0,0.0,0.0,0.0,1.0,0.0,0.0,0.0,0.0,0.0,0.0
2,2,0.4930795847750865,30,4,0,0,0.0,1,0,0,0,0,0,0.0,0.0,0.0,0.0,0.0,0.0,0.0,0.0,0.0,0.0
1,1,0.0,2,1,0,0,0.0,1,0,0,0,0,0,0.0,0.0,0.0,0.0,0.0,0.0,0.0,0.0,0.0,0.0
2,8,0.7723186682520808,130,15,0,0,0.0,1,0,0,0,0,0,1.0,0.0,0.0,0.0,0.0,0.0,0.0,0.0,0.0,0.0
2,3,0.5562130177514794,1,38,0,0,0.0,1,0,0,0,0,0,0.0,0.0,0.0,0.0,0.0,0.0,0.0,0.0,0.0,0.0
1,2,0.5,2,2,0,0,0.0,1,0,0,0,0,0,0.0,0.0,0.0,0.0,0.0,0.0,0.0,0.0,0.0,0.0
2,7,0.7777562290112179,21,292,0,0,0.0,1,0,0,0,0,0,0.0,1.0,0.0,0.0,0.0,0.0,0.0,0.0,0.0,0.0
3,6,0.73,12,8,0,0,0.0,1,0,0,0,0,0,0.0,0.0,0.0,0.0,0.0,0.0,0.0,0.0,0.0,0.0
1,1,0.0,3,1,0,0,0.0,1,0,0,0,0,0,0.0,0.0,0.0,0.0,0.0,0.0,0.0,0.0,0.0,0.0
1,3,0.5761772853185596,31,7,0,0,0.0,1,0,0,0,0,0,0.0,0.0,0.0,0.0,0.0,0.0,0.0,0.0,0.0,0.0
1,1,0.0,2,0,0,0,0.0,1,0,0,0,0,0,0.0,0.0,0.0,0.0,0.0,0.0,0.0,0.0,0.0,0.0
1,1,0.0,1,1,0,0,0.0,1,0,0,0,0,0,0.0,0.0,0.0,0.0,0.0,0.0,1.0,0.0,0.0,0.0
1,1,0.0,5,0,0,0,0.0,1,0,0,0,0,0,0.0,0.0,0.0,0.0,0.0,0.0,0.0,0.0,1.0,0.0
1,2,0.4444444444444444,3,0,0,0,0.0,1,0,0,0,0,0,0.0,0.0,0.0,0.0,0.0,0.0,0.0,0.0,0.0,0.0
1,2,0.36281179138322006,10,11,0,0,0.0,1,0,0,0,0,0,0.0,0.0,0.0,0.0,0.0,0.6974162325436088,0.0,0.716666309089997,0.0,0.0
1,3,0.66,14,6,0,0,0.0,1,0,0,0,0,0,0.0,0.0,0.0,0.0,0.0,0.6974162325436088,0.0,0.716666309089997,0.0,0.0
1,2,0.49382716049382713,4,5,1,0,0.0,1,0,0,0,0,0,0.0,0.0,0.0,0.0,0.0,0.5734291096349172,0.0,0.5892568947355589,0.5691707724663244,0.0
1,2,0.2811834319526627,39,26,0,0,0.0,1,0,0,0,0,0,0.0,0.0,0.0,0.0,0.0,0.5734291096349172,0.0,0.5892568947355589,0.5691707724663244,0.0
2,4,0.59,12,8,1,0,0.0,1,0,0,0,0,0,0.0,0.0,0.0,0.0,0.0,0.5734291096349172,0.0,0.5892568947355589,0.5691707724663244,0.0
1,1,0.0,2,4,0,0,0.0,1,0,0,0,0,0,0.0,0.0,0.0,0.5635865960703181,0.0,0.5761055529886916,0.0,0.5920072132545904,0.0,0.0
2,5,0.7267013888888889,216,24,0,0,0.0,1,0,0,0,0,0,0.0,0.0,0.0,0.0,0.0,0.0,0.0,0.0,0.0,0.0
2,8,0.7760484158063368,216,49,0,0,0.0,1,0,0,0,0,0,0.0,0.0,0.0,0.0,0.0,0.0,0.0,0.0,0.0,0.0
1,1,0.0,3,3,1,0,0.0,1,0,0,0,0,0,1.0,0.0,0.0,0.0,0.0,0.0,0.0,0.0,0.0,0.0
1,3,0.5925925925925926,9,9,0,0,0.0,1,0,0,0,0,0,0.0,0.0,0.0,0.0,0.0,0.0,0.0,0.0,0.0,0.0
1,1,0.0,10,0,0,0,0.0,1,0,0,0,0,0,0.0,0.0,0.0,0.0,0.0,0.0,0.0,0.0,0.0,0.0
1,1,0.0,15,0,0,0,0.0,1,0,0,0,0,0,0.6745065772223837,0.0,0.0,0.0,0.0,0.0,0.7382688380825405,0.0,0.0,0.0
1,2,0.31999999999999984,15,0,0,0,0.0,1,0,0,0,0,0,0.0,0.0,0.0,0.0,0.0,0.0,1.0,0.0,0.0,0.0
1,1,0.0,4,15,0,0,0.0,1,0,0,0,0,0,0.0,0.0,0.0,0.0,0.889860972867408,0.0,0.0,0.0,0.4562317930257273,0.0
0,1,0.0,1,1,0,0,0.0,1,0,0,0,1,0,0.0,0.0,0.0,0.0,0.0,0.0,0.0,0.0,0.0,1.0
1,1,0.0,7,8,0,0,0.0,1,0,0,0,0,0,0.0,0.0,0.0,0.0,0.0,0.0,0.0,0.0,0.0,0.0
1,2,0.5,2,2,0,0,0.0,1,0,0,0,0,0,0.0,1.0,0.0,0.0,0.0,0.0,0.0,0.0,0.0,0.0
1,4,0.6436479639707262,55,18,0,0,0.0,1,0,0,0,0,0,0.0,0.0,1.0,0.0,0.0,0.0,0.0,0.0,0.0,0.0
6,28,0.9567317790380172,132,6,0,0,0.0,1,0,0,0,0,0,0.0,0.0,0.0,0.0,0.0,0.0,0.0,0.0,0.0,0.0
2,7,0.7058102652825836,250,158,0,0,0.0,1,0,0,0,0,0,0.0,0.0,0.0,0.0,0.0,0.0,0.0,0.0,0.0,0.0
3,8,0.662825484764543,56,39,0,0,0.0,1,0,0,0,0,0,0.0,0.6848060530612106,0.7287253732996584,0.0,0.0,0.0,0.0,0.0,0.0,0.0
2,3,0.49994218984853733,75,18,0,0,0.0,1,0,0,0,0,0,0.0,0.0,0.0,0.0,0.0,0.0,0.0,0.0,0.0,0.0
2,2,0.3856332703213612,21,2,0,0,0.0,1,0,0,0,0,0,0.0,0.0,0.0,0.0,0.0,0.0,0.0,0.0,0.0,0.0
3,8,0.8064307851239669,90,86,0,0,0.0,1,0,0,0,0,0,0.0,0.0,0.0,0.0,0.0,0.0,0.0,0.0,0.0,0.0
1,1,0.0,1,1,0,0,0.0,1,0,0,0,0,0,0.0,0.0,0.0,0.0,0.0,0.0,0.0,0.0,0.0,0.0
2,3,0.5897920604914935,14,9,0,0,0.0,1,0,0,0,0,0,0.0,0.0,0.0,0.0,0.0,0.0,0.0,0.0,0.0,0.0
3,30,0.9207338820301784,393,147,0,0,0.0,1,0,0,0,0,0,0.0,0.0,0.0,0.0,0.0,0.0,0.0,0.0,0.0,0.0
2,7,0.7023376167711942,103,48,0,0,0.0,1,0,0,0,0,0,0.0,0.0,0.0,0.0,0.0,0.0,0.0,0.0,0.0,0.0
1,1,0.0,14,14,0,0,0.0,1,0,0,0,0,0,0.0,0.0,0.0,0.0,0.0,0.0,0.0,0.0,0.0,0.0
0,1,0.0,0,4,0,0,0.0,1,0,0,0,0,0,0.0,0.0,0.0,0.0,0.0,0.0,0.0,0.0,0.0,0.0
3,17,0.9111485918399584,886,0,0,0,0.0,1,0,0,0,0,0,0.0,1.0,0.0,0.0,0.0,0.0,0.0,0.0,0.0,0.0
0,2,0.31999999999999984,5,0,0,0,0.0,1,0,0,0,0,0,0.0,0.0,0.0,0.0,0.0,0.0,0.0,0.0,0.0,0.0
4,9,0.8803224993701184,177,12,0,0,0.0,1,0,0,0,0,0,0.0,0.0,0.0,1.0,0.0,0.0,0.0,0.0,0.0,0.0
1,1,0.0,121,0,0,0,0.0,1,0,0,0,0,0,1.0,0.0,0.0,0.0,0.0,0.0,0.0,0.0,0.0,0.0
1,3,0.6666666666666667,3,3,0,0,0.0,1,0,0,0,0,0,0.0,0.0,0.0,0.0,0.0,0.0,0.0,0.0,0.0,0.0
1,3,0.6666666666666667,6,3,0,0,0.0,1,0,0,0,0,0,0.0,0.0,0.0,0.0,0.0,0.0,0.0,0.0,0.0,0.0
3,5,0.6915887850467289,91,16,0,0,0.0,1,0,0,0,0,0,0.0,0.0,0.0,0.0,0.0,0.0,0.0,0.0,0.0,0.0
1,2,0.48,4,6,0,0,0.0,1,0,0,0,0,0,0.0,0.0,0.0,0.0,0.0,0.0,0.0,0.0,0.0,0.0
2,3,0.47530864197530864,30,6,0,0,0.0,1,0,0,0,0,0,0.0,0.0,0.0,0.0,0.0,0.0,0.0,0.0,0.0,0.0
4,17,0.9113283950617284,197,28,0,0,0.0,1,0,0,0,0,0,0.0,1.0,0.0,0.0,0.0,0.0,0.0,0.0,0.0,0.0
1,2,0.46875,3,5,0,0,0.0,1,0,0,0,0,0,0.0,0.0,0.0,0.0,0.0,0.0,0.0,0.0,0.0,0.0
1,3,0.6666666666666667,105,0,0,0,0.0,1,0,0,0,0,0,1.0,0.0,0.0,0.0,0.0,0.0,0.0,0.0,0.0,0.0
1,3,0.6666666666666667,0,153,0,0,0.0,1,0,0,0,0,0,0.0,0.0,0.0,0.0,0.0,0.0,0.0,0.0,0.0,0.0
1,3,0.6666666666666667,3,3,0,0,0.0,1,0,0,0,0,0,0.0,0.0,0.0,0.0,0.0,0.0,0.0,0.0,0.0,0.0
2,3,0.5,6,6,0,0,0.0,1,0,0,0,0,0,0.0,1.0,0.0,0.0,0.0,0.0,0.0,0.0,0.0,0.0
0,1,0.0,1,0,0,0,0.0,1,0,0,0,0,0,0.0,0.0,0.0,0.0,0.0,0.0,1.0,0.0,0.0,0.0
1,8,0.84,16,24,0,0,0.0,1,0,0,0,1,0,0.0,0.3454222227712805,0.0,0.0,0.663670175238511,0.3428094874191737,0.0,0.352271711792098,0.34026375271980913,0.2878059441813752
2,6,0.7742819349962207,756,0,0,0,0.0,1,0,0,0,0,0,1.0,0.0,0.0,0.0,0.0,0.0,0.0,0.0,0.0,0.0
1,4,0.7130793769938075,73,0,0,0,0.0,1,0,0,0,0,0,1.0,0.0,0.0,0.0,0.0,0.0,0.0,0.0,0.0,0.0
1,8,0.84,24,16,0,0,0.0,1,0,0,0,0,0,0.0,0.0,0.0,0.0,0.5595239655257591,0.5780284574388048,0.0,0.5939831936959536,0.0,0.0
1,1,0.0,2,2,0,0,0.0,1,0,0,0,0,0,0.0,0.0,0.0,0.0,0.0,0.6974162325436088,0.0,0.716666309089997,0.0,0.0
0,1,0.0,1,1,0,0,0.0,1,0,0,0,1,0,0.0,0.0,0.0,0.0,0.0,0.0,0.0,0.0,0.0,1.0
0,2,0.45674740484429055,12,5,0,0,0.0,1,0,0,0,0,0,0.0,0.0,0.0,0.0,1.0,0.0,0.0,0.0,0.0,0.0
1,1,0.0,2,2,0,0,0.0,1,0,0,0,1,0,0.0,0.0,0.0,0.0,0.0,0.0,0.0,0.0,0.0,0.0
1,2,0.375,4,4,0,0,0.0,1,0,0,0,0,0,0.0,0.0,0.0,0.0,1.0,0.0,0.0,0.0,0.0,0.0
1,1,0.0,3,5,0,0,0.0,1,0,0,0,0,0,0.0,0.0,0.0,1.0,0.0,0.0,0.0,0.0,0.0,0.0
1,2,0.2975206611570247,6,5,0,0,0.0,1,0,0,0,0,0,0.0,0.0,0.0,0.0,0.0,0.0,0.0,0.0,0.0,0.0
0,1,0.0,1,0,0,0,0.0,1,0,0,0,0,0,0.0,0.0,0.0,0.0,0.0,0.0,1.0,0.0,0.0,0.0
2,8,0.7807577692635164,215,46,0,0,0.0,1,0,0,0,0,0,0.0,0.0,0.0,0.0,0.0,0.0,0.0,0.0,0.0,0.0
1,1,0.0,7,7,0,0,0.0,1,0,0,0,0,0,0.0,0.0,0.0,0.4522476473423266,0.0,0.0,0.8918924068929674,0.0,0.0,0.0
1,1,0.0,3,2,0,0,0.0,1,0,0,0,0,0,0.0,0.0,0.7434254867643693,0.0,0.0,0.0,0.6688187688971957,0.0,0.0,0.0
1,1,0.0,13,13,0,0,0.0,1,0,0,0,0,0,1.0,0.0,0.0,0.0,0.0,0.0,0.0,0.0,0.0,0.0
1,1,0.0,3,3,0,0,0.0,1,0,0,0,0,0,0.0,0.0,0.0,1.0,0.0,0.0,0.0,0.0,0.0,0.0
2,6,0.3368039837030331,31,16,0,0,0.0,1,0,0,0,0,0,0.0,0.0,0.0,0.0,0.0,1.0,0.0,0.0,0.0,0.0
1,3,0.28252551020408156,32,24,0,0,0.0,1,0,0,0,1,0,0.0,0.0,0.0,0.0,0.48531972688682057,0.5013701474492,0.0,0.5152089617269671,0.4976469267437407,0.0
1,1,0.0,0,19,0,0,0.0,1,0,0,0,0,0,0.0,0.0,0.0,0.0,0.0,0.6974162325436088,0.0,0.716666309089997,0.0,0.0
0,1,0.0,1,1,0,0,0.0,1,0,0,0,0,0,0.0,0.0,0.0,0.0,0.5595239655257591,0.5780284574388048,0.0,0.5939831936959536,0.0,0.0
2,9,0.7205387205387206,13,86,0,0,0.0,1,0,0,0,0,0,0.0,0.0,0.0,0.0,0.5595239655257591,0.5780284574388048,0.0,0.5939831936959536,0.0,0.0
2,12,0.8866840236686391,318,7,0,0,0.0,1,0,0,0,0,0,1.0,0.0,0.0,0.0,0.0,0.0,0.0,0.0,0.0,0.0
2,2,0.4444444444444444,3,3,0,0,0.0,1,0,0,0,0,0,0.0,0.0,0.7387379270010229,0.6739927857256569,0.0,0.0,0.0,0.0,0.0,0.0
2,5,0.5712198685171659,31,6,0,0,0.0,1,0,0,0,0,0,0.6349775251574425,0.0,0.7725306094550102,0.0,0.0,0.0,0.0,0.0,0.0,0.0
1,1,0.0,3,2,0,0,0.0,1,0,0,0,0,0,0.6745065772223837,0.0,0.0,0.0,0.0,0.0,0.7382688380825405,0.0,0.0,0.0
0,1,0.0,1,1,0,0,0.0,1,0,0,0,1,0,0.0,0.0,0.0,0.0,0.0,0.0,0.0,0.0,0.0,1.0
0,1,0.0,1,1,0,0,0.0,1,0,0,0,1,0,0.0,0.0,0.0,0.0,0.0,0.0,0.0,0.0,0.0,1.0
0,1,0.0,1,1,0,0,0.0,1,0,0,0,1,0,0.0,0.0,0.0,0.0,0.0,0.0,0.0,0.0,0.0,1.0
1,1,0.0,2,6,0,0,0.0,1,0,0,0,0,0,0.0,0.0,0.0,0.0,0.0,0.0,0.0,0.0,0.0,0.0
1,2,0.4927999999999999,42,8,0,0,0.0,1,0,0,0,0,0,0.0,0.0,0.0,0.0,0.0,0.0,0.0,0.0,0.0,0.0
0,1,0.0,1,1,0,0,0.0,1,0,0,0,1,0,0.0,0.0,0.0,0.0,0.0,0.0,0.0,0.0,0.0,1.0
2,3,0.625,4,8,0,0,0.0,1,0,0,0,0,0,0.0,0.0,0.0,0.0,0.0,1.0,0.0,0.0,0.0,0.0
1,2,0.08317580340264641,35,11,0,0,0.0,1,0,0,0,1,0,0.0,0.0,0.0,0.0,0.5033814256175275,0.5200291799469855,0.0,0.5343830206710884,0.0,0.43659086060678653
2,9,0.8473660420775806,296,16,0,0,0.0,1,0,0,0,0,0,0.6349775251574425,0.0,0.7725306094550102,0.0,0.0,0.0,0.0,0.0,0.0,0.0
0,1,0.0,1,1,0,0,0.0,1,0,0,0,1,0,0.0,0.0,0.0,0.0,0.0,0.0,0.0,0.0,0.0,1.0
1,3,0.4444444444444444,3,3,0,0,0.0,1,0,0,0,0,0,0.0,0.0,0.0,0.0,1.0,0.0,0.0,0.0,0.0,0.0
0,1,0.0,1,1,0,0,0.0,1,0,0,0,0,0,0.0,1.0,0.0,0.0,0.0,0.0,0.0,0.0,0.0,0.0
0,1,0.0,1,1,0,0,0.0,1,0,0,0,0,0,0.0,1.0,0.0,0.0,0.0,0.0,0.0,0.0,0.0,0.0
1,4,0.5679012345679012,7,11,0,0,0.0,1,0,0,0,0,0,0.0,0.0,0.0,0.0,1.0,0.0,0.0,0.0,0.0,0.0
1,2,0.397206897882026,38,123,0,0,0.0,1,0,0,0,0,0,0.0,0.0,0.0,0.0,0.0,0.0,1.0,0.0,0.0,0.0
1,1,0.0,117,0,0,0,0.0,1,0,0,0,0,0,0.41551410742216993,0.0,0.0,0.0,0.0,0.0,0.9095867339254445,0.0,0.0,0.0
1,1,0.0,3,3,0,0,0.0,1,0,0,0,0,0,0.0,0.0,0.0,0.0,0.0,0.0,0.0,0.0,0.0,0.0
1,1,0.0,1,1,0,0,0.0,1,0,0,0,1,0,0.0,0.0,0.0,0.0,0.0,0.0,0.0,0.0,0.7635074723097361,0.6457989932844411
1,3,0.54,10,10,0,0,0.0,1,0,0,0,0,0,0.0,0.0,0.0,0.0,0.0,0.0,0.0,0.0,0.0,0.0
1,1,0.0,28,4,0,0,0.0,1,0,0,0,0,0,1.0,0.0,0.0,0.0,0.0,0.0,0.0,0.0,0.0,0.0
1,1,0.0,32,0,0,0,0.0,1,0,0,0,0,0,0.0,0.0,0.0,0.0,0.0,0.0,1.0,0.0,0.0,0.0
1,1,0.0,43,47,0,0,0.0,1,0,0,0,0,0,0.0,0.0,0.0,0.0,0.0,1.0,0.0,0.0,0.0,0.0
1,2,0.375,4,4,0,0,0.0,1,0,0,0,0,0,0.0,0.0,0.0,0.0,1.0,0.0,0.0,0.0,0.0,0.0
1,1,0.0,66,5,0,0,0.0,1,0,0,0,0,0,0.5341304538093935,0.6106725260888224,0.0,0.0,0.0,0.0,0.5846227195325783,0.0,0.0,0.0
1,1,0.0,13,0,0,0,0.0,1,0,0,0,0,0,0.0,0.462942220205993,0.0,0.0,0.0,0.0,0.8863884592833697,0.0,0.0,0.0
0,1,0.0,1,1,0,0,0.0,1,0,0,0,0,0,0.0,0.712406242016047,0.0,0.0,0.0,0.0,0.0,0.0,0.7017673021284002,0.0
1,1,0.0,3,3,0,0,0.0,1,0,0,0,0,0,0.0,0.0,0.0,0.0,0.0,0.0,0.0,0.0,0.0,0.0
0,1,0.0,1,1,0,0,0.0,1,0,0,0,1,0,0.0,0.0,0.0,0.0,0.0,0.0,0.0,0.0,0.0,1.0
0,1,0.0,1,1,0,0,0.0,1,0,0,0,1,0,0.0,0.0,0.0,0.0,0.0,0.0,0.0,0.0,0.0,1.0
1,1,0.0,2,2,0,0,0.0,1,0,0,0,1,0,0.0,0.0,0.0,0.0,0.0,0.0,0.0,0.0,0.0,0.0
1,1,0.0,16,14,0,0,0.0,1,0,0,0,0,0,0.0,0.0,0.0,0.0,0.0,0.0,0.0,0.0,0.0,0.0
0,1,0.0,1,1,1,0,0.0,1,0,0,0,0,0,0.0,0.0,0.0,0.0,0.0,0.0,0.0,0.0,0.0,0.0
1,1,0.0,5,6,0,0,0.0,1,0,0,0,0,0,0.0,0.0,0.0,0.0,0.0,0.0,0.0,0.0,1.0,0.0
1,1,0.0,12,7,0,0,0.0,1,0,0,0,0,0,0.0,0.0,0.0,0.0,0.0,0.0,0.0,0.0,0.0,0.0
1,1,0.0,15,2,0,0,0.0,1,0,0,0,1,0,0.0,0.0,0.0,0.0,1.0,0.0,0.0,0.0,0.0,0.0
1,1,0.0,6,4,0,0,0.0,1,0,0,0,0,0,0.0,0.0,0.0,0.0,0.0,0.0,0.0,0.0,0.0,0.0
0,1,0.0,1,1,0,0,0.0,1,0,0,0,1,0,0.0,0.0,0.0,0.0,0.0,0.0,0.0,0.0,0.0,1.0
1,1,0.0,5,0,1,0,0.0,1,0,0,0,0,0,0.5190149494203392,0.0,0.6314474438958123,0.5761055527207211,0.0,0.0,0.0,0.0,0.0,0.0
0,1,0.0,1,1,0,0,0.0,1,0,0,0,1,0,0.0,0.0,0.0,0.0,0.0,0.0,0.0,0.0,0.0,1.0
1,3,0.45556640625,53,11,0,0,0.0,1,0,0,0,1,0,0.0,0.0,0.0,0.0,0.0,0.0,0.0,0.0,0.7635074723097361,0.6457989932844411
0,1,0.0,1,1,0,0,0.0,1,0,0,0,1,0,0.0,0.0,0.0,0.0,0.0,0.0,0.0,0.0,0.0,1.0
0,1,0.0,1,1,0,0,0.0,1,0,0,0,1,0,0.0,0.0,0.0,0.0,0.0,0.0,0.0,0.0,0.0,1.0
1,1,0.0,1,1,0,0,0.0,1,0,0,0,0,0,0.0,0.0,0.0,0.7120500953842104,0.0,0.0,0.7021286646073758,0.0,0.0,0.0
1,2,0.21875,51,13,0,0,0.0,1,0,0,0,0,0,1.0,0.0,0.0,0.0,0.0,0.0,0.0,0.0,0.0,0.0
1,2,0.2263203119836077,74,49,0,0,0.0,1,0,0,0,0,0,0.0,0.0,0.0,0.0,0.0,0.0,0.0,0.0,0.0,0.0
1,1,0.0,1,1,0,0,0.0,1,0,0,0,0,0,0.0,0.0,0.0,0.0,0.0,0.0,0.0,0.0,0.0,0.0
3,20,0.8913589715839847,815,107,0,0,0.0,1,0,0,0,0,0,0.0,0.0,0.0,0.0,0.0,0.0,1.0,0.0,0.0,0.0
1,1,0.0,20,20,0,0,0.0,1,0,0,0,0,0,0.0,0.0,0.0,0.0,0.0,0.0,0.0,0.0,0.0,0.0
1,1,0.0,43,5,0,0,0.0,1,0,0,0,0,0,0.6745065772223837,0.0,0.0,0.0,0.0,0.0,0.7382688380825405,0.0,0.0,0.0
1,1,0.0,6,9,0,0,0.0,1,0,0,0,0,0,0.0,0.0,0.0,0.0,0.0,0.0,0.0,0.0,0.0,0.0
1,1,0.0,1,1,0,0,0.0,1,0,0,0,0,0,0.0,0.0,0.0,0.0,0.0,0.0,1.0,0.0,0.0,0.0
1,1,0.0,25,0,0,0,0.0,1,0,0,0,0,0,0.6745065772223837,0.0,0.0,0.0,0.0,0.0,0.7382688380825405,0.0,0.0,0.0
1,1,0.0,1,1,0,0,0.0,1,0,0,0,0,0,0.0,0.0,0.0,0.0,0.0,0.0,1.0,0.0,0.0,0.0
1,1,0.0,1,2,0,0,0.0,1,0,0,0,0,0,0.0,0.0,0.0,0.0,0.0,0.0,0.0,0.0,0.0,0.0
1,1,0.0,3,3,0,0,0.0,1,0,0,0,0,0,0.0,0.0,0.0,0.0,0.0,0.0,0.0,0.0,0.0,0.0
1,1,0.0,2,2,0,0,0.0,1,0,0,0,0,0,0.0,0.0,0.0,1.0,0.0,0.0,0.0,0.0,0.0,0.0
1,1,0.0,4,3,0,0,0.0,1,0,0,0,0,0,0.0,0.0,0.0,0.0,0.0,0.0,0.0,0.0,0.0,0.0
1,1,0.0,6,0,0,0,0.0,1,0,0,0,0,0,1.0,0.0,0.0,0.0,0.0,0.0,0.0,0.0,0.0,0.0
2,3,0.4985123966942149,53,2,0,0,0.0,1,0,0,0,0,0,0.6583593863992735,0.7527037387578012,0.0,0.0,0.0,0.0,0.0,0.0,0.0,0.0
1,2,0.47041636230825423,15,22,0,0,0.0,1,0,0,0,0,0,0.0,0.0,0.0,0.0,0.0,0.0,0.0,0.0,0.0,0.0
2,9,0.7992871463577633,33,34,0,0,0.0,1,0,0,0,0,0,0.0,0.0,0.0,0.0,0.0,0.0,0.0,0.0,0.0,0.0
2,3,0.6505190311418685,8,9,0,0,0.0,1,0,0,0,0,0,0.0,0.0,0.0,0.0,0.0,0.0,0.0,0.0,0.0,0.0
2,12,0.8532792092604968,601,2,0,0,0.0,1,0,0,0,0,0,0.0,0.0,0.0,0.0,0.0,0.0,0.0,0.0,0.0,0.0
1,1,0.0,2,1,0,0,0.0,1,0,0,0,0,0,0.0,0.0,0.0,0.0,1.0,0.0,0.0,0.0,0.0,0.0
1,5,0.0826165685830691,94,94,0,0,0.0,1,0,0,0,1,0,0.0,0.768271493619343,0.0,0.0,0.0,0.0,0.0,0.0,0.0,0.6401241380325413
1,1,0.0,1,1,0,0,0.0,1,0,0,0,0,0,0.0,0.0,0.0,0.0,0.0,0.0,0.0,0.0,1.0,0.0
1,3,0.625,4,4,0,0,0.0,1,0,0,0,1,0,0.0,0.768271493619343,0.0,0.0,0.0,0.0,0.0,0.0,0.0,0.6401241380325413
1,1,0.0,3,3,0,0,0.0,1,0,0,0,0,0,0.0,0.0,0.0,0.0,0.0,0.0,0.0,0.0,0.0,0.0
1,1,0.0,3,0,0,0,0.0,1,0,0,0,0,0,1.0,0.0,0.0,0.0,0.0,0.0,0.0,0.0,0.0,0.0
0,2,0.5,2,2,0,0,0.0,1,0,0,0,1,0,0.0,0.768271493619343,0.0,0.0,0.0,0.0,0.0,0.0,0.0,0.6401241380325413
1,4,0.29166666666666663,4,20,0,0,0.0,1,0,0,0,0,0,0.0,0.0,0.0,0.0,1.0,0.0,0.0,0.0,0.0,0.0
0,1,0.0,1,1,0,0,0.0,1,0,0,0,1,0,0.0,0.0,0.0,0.0,0.0,0.0,0.0,0.0,0.0,1.0
0,1,0.0,1,1,0,0,0.0,1,0,0,0,1,0,0.0,0.0,0.0,0.0,0.0,0.0,0.0,0.0,0.0,1.0
0,1,0.0,1,1,0,0,0.0,1,0,0,0,1,0,0.0,0.0,0.0,0.0,0.0,0.0,0.0,0.0,0.0,1.0
1,1,0.0,3,1,0,0,0.0,1,0,0,0,0,0,0.0,0.0,0.0,1.0,0.0,0.0,0.0,0.0,0.0,0.0
1,2,0.4444444444444444,1,2,0,0,0.0,1,0,0,0,0,0,0.0,0.0,0.0,0.0,0.0,0.0,0.0,0.0,0.0,0.0
4,14,0.9045368620037807,41,5,0,0,0.0,1,0,0,0,0,0,0.0,0.0,0.0,0.0,0.0,0.0,0.0,0.0,0.0,0.0
1,2,0.4996926439450857,121,0,0,0,0.0,1,0,0,0,0,0,0.0,0.0,0.0,0.0,0.0,0.0,0.0,0.0,0.0,0.0
1,1,0.0,2,1,0,0,0.0,1,0,0,0,0,0,0.0,0.0,0.0,0.0,0.0,0.0,0.0,0.0,0.0,0.0
1,1,0.0,1,1,0,0,0.0,1,0,0,0,0,0,0.0,0.0,0.0,0.0,0.0,0.0,0.0,0.0,0.0,0.0
0,1,0.0,1,1,0,0,0.0,1,0,0,0,0,0,0.0,0.0,0.0,0.0,0.6981841878466201,0.0,0.0,0.0,0.7159181795714895,0.0
0,1,0.0,1,1,0,0,0.0,1,0,0,0,1,0,0.0,0.768271493619343,0.0,0.0,0.0,0.0,0.0,0.0,0.0,0.6401241380325413
1,1,0.0,1,1,0,0,0.0,1,0,0,0,0,0,0.0,0.0,0.0,1.0,0.0,0.0,0.0,0.0,0.0,0.0
1,4,0.29166666666666663,20,4,0,0,0.0,1,0,0,0,0,0,0.0,0.0,0.0,0.0,0.6981841878466201,0.0,0.0,0.0,0.7159181795714895,0.0
1,1,0.0,11,3,0,0,0.0,1,0,0,0,1,0,0.0,0.0,0.45300288114307485,0.0,0.8179122072048162,0.0,0.0,0.0,0.0,0.35469424999768323
1,1,0.0,4,0,0,0,0.0,1,0,0,0,1,0,0.0,0.0,0.45300288114307485,0.0,0.8179122072048162,0.0,0.0,0.0,0.0,0.35469424999768323
1,1,0.0,1,1,0,0,0.0,1,0,0,0,0,0,0.0,0.0,0.0,0.0,0.0,0.0,0.0,0.0,0.0,0.0
1,1,0.0,47,3,0,0,0.0,1,0,0,0,0,0,0.0,0.0,0.0,0.0,0.0,0.0,0.0,0.0,0.0,0.0
1,1,0.0,1,1,0,0,0.0,1,0,0,0,0,0,0.0,0.0,0.0,1.0,0.0,0.0,0.0,0.0,0.0,0.0
0,1,0.0,4,1,0,0,0.0,1,0,0,0,0,0,0.0,0.0,0.0,0.0,0.0,0.0,0.0,0.0,0.0,0.0
1,1,0.0,3,1,0,0,0.0,1,0,0,0,0,0,0.0,0.0,0.0,0.0,0.0,0.0,0.0,0.0,0.0,0.0
1,1,0.0,2,2,0,0,0.0,1,0,0,0,0,0,0.0,0.0,0.0,0.0,0.0,0.0,0.0,0.0,1.0,0.0
1,1,0.0,6,6,0,0,0.0,1,0,0,0,0,0,0.0,0.0,0.0,0.0,0.0,0.0,0.0,0.0,0.0,0.0
1,1,0.0,46,0,0,0,0.0,1,0,0,0,0,0,0.6745065772223837,0.0,0.0,0.0,0.0,0.0,0.7382688380825405,0.0,0.0,0.0
2,4,0.55375,36,4,0,0,0.0,1,0,0,0,0,0,0.0,1.0,0.0,0.0,0.0,0.0,0.0,0.0,0.0,0.0
1,1,0.0,1,1,0,0,0.0,1,0,0,0,0,0,0.0,0.0,0.0,1.0,0.0,0.0,0.0,0.0,0.0,0.0
2,3,0.4134948096885811,32,2,0,0,0.0,1,0,0,0,0,0,0.6583593863992735,0.7527037387578012,0.0,0.0,0.0,0.0,0.0,0.0,0.0,0.0
0,1,0.0,1,1,0,0,0.0,1,0,0,0,0,0,0.0,1.0,0.0,0.0,0.0,0.0,0.0,0.0,0.0,0.0
1,1,0.0,2,2,0,0,0.0,1,0,0,0,1,0,1.0,0.0,0.0,0.0,0.0,0.0,0.0,0.0,0.0,0.0
1,2,0.0,2,2,0,0,0.0,1,0,0,0,1,0,0.0,0.0,0.7873613556235388,0.0,0.0,0.0,0.0,0.0,0.0,0.6164917644791883
0,1,0.0,1,1,0,0,0.0,1,0,0,0,1,0,0.0,0.0,0.7873613556235388,0.0,0.0,0.0,0.0,0.0,0.0,0.6164917644791883
1,2,0.4444444444444444,1,2,0,0,0.0,1,0,0,0,0,0,0.0,1.0,0.0,0.0,0.0,0.0,0.0,0.0,0.0,0.0
4,18,0.9141572038939326,118,385,0,0,0.0,1,0,0,0,0,0,0.0,1.0,0.0,0.0,0.0,0.0,0.0,0.0,0.0,0.0
1,3,0.4444444444444444,3,3,0,0,0.0,1,0,0,0,1,0,0.0,0.0,0.7873613556235388,0.0,0.0,0.0,0.0,0.0,0.0,0.6164917644791883
2,4,0.6391200951248514,57,1,0,0,0.0,1,0,0,0,0,0,0.5334968707445356,0.6099481491731374,0.0,0.0,0.5859559234499234,0.0,0.0,0.0,0.0,0.0
3,14,0.9104025024737463,160,17,0,0,0.0,1,0,0,0,0,0,0.6349775251574425,0.0,0.7725306094550102,0.0,0.0,0.0,0.0,0.0,0.0,0.0
3,14,0.8693925185807007,185,36,0,0,0.0,1,0,0,0,0,0,1.0,0.0,0.0,0.0,0.0,0.0,0.0,0.0,0.0,0.0
2,6,0.7028554431885783,153,11,0,0,0.0,1,0,0,0,0,0,0.8772267611211034,0.0,0.0,0.0,0.0,0.0,0.4800762539149156,0.0,0.0,0.0
0,1,0.0,1,1,0,0,0.0,1,0,0,0,1,0,0.0,0.768271493619343,0.0,0.0,0.0,0.0,0.0,0.0,0.0,0.6401241380325413
1,2,0.4362244897959183,18,10,0,0,0.0,1,0,0,0,0,0,0.0,0.0,0.0,0.0,0.0,0.0,0.0,0.0,0.0,0.0
0,2,0.5,2,2,0,0,0.0,1,0,0,0,1,0,0.0,0.768271493619343,0.0,0.0,0.0,0.0,0.0,0.0,0.0,0.6401241380325413
1,3,0.37037037037037035,10,8,0,0,0.0,1,0,0,0,0,0,0.0,1.0,0.0,0.0,0.0,0.0,0.0,0.0,0.0,0.0
1,1,0.0,2,2,0,0,0.0,1,0,0,0,0,0,0.0,0.0,0.0,0.0,0.0,0.0,0.0,0.0,1.0,0.0
1,3,0.4444444444444444,3,3,0,0,0.0,1,0,0,0,0,0,0.0,0.0,0.7338442188612058,0.0,0.0,0.0,0.0,0.0,0.6793177919383435,0.0
0,1,0.0,1,1,0,0,0.0,1,0,0,0,0,0,0.0,1.0,0.0,0.0,0.0,0.0,0.0,0.0,0.0,0.0
0,1,0.0,1,1,0,0,0.0,1,0,0,0,0,0,0.0,1.0,0.0,0.0,0.0,0.0,0.0,0.0,0.0,0.0
3,16,0.8732,52,48,0,0,0.0,1,0,0,0,0,0,0.0,1.0,0.0,0.0,0.0,0.0,0.0,0.0,0.0,0.0
0,1,0.0,10,199,0,0,0.0,1,0,0,0,0,0,0.0,0.0,0.0,0.0,0.0,0.0,0.0,0.0,0.0,0.0
0,1,0.0,20,17,0,0,0.0,1,0,0,0,0,0,0.0,0.0,0.0,0.0,0.0,0.0,0.0,0.0,0.0,0.0
0,1,0.0,4,0,0,0,0.0,1,0,0,0,0,0,1.0,0.0,0.0,0.0,0.0,0.0,0.0,0.0,0.0,0.0
0,1,0.0,1,1,0,0,0.0,1,0,0,0,0,0,0.0,0.0,0.0,0.0,0.0,0.0,0.0,0.0,0.0,0.0
0,1,0.0,1,1,0,0,0.0,1,0,0,0,0,0,0.0,0.0,0.0,0.0,0.0,0.0,0.0,0.0,0.0,0.0
0,1,0.0,4,4,0,0,0.0,1,0,0,0,0,0,0.0,0.0,0.0,0.0,0.0,0.0,0.0,0.0,1.0,0.0
0,1,0.0,1,1,0,0,0.0,1,0,0,0,0,0,1.0,0.0,0.0,0.0,0.0,0.0,0.0,0.0,0.0,0.0
0,1,0.0,22,2,0,0,0.0,1,0,0,0,0,0,1.0,0.0,0.0,0.0,0.0,0.0,0.0,0.0,0.0,0.0
1,2,0.4444444444444444,2,1,0,0,0.0,1,0,0,0,0,0,0.0,0.0,0.0,0.0,0.0,0.0,0.0,0.0,0.0,0.0
0,1,0.0,2,2,0,0,0.0,1,0,0,0,1,0,0.0,0.0,0.0,0.0,0.0,0.0,0.0,0.0,0.7635074723097361,0.6457989932844411
1,1,0.0,2,2,0,0,0.0,1,0,0,0,0,0,0.0,0.0,0.0,1.0,0.0,0.0,0.0,0.0,0.0,0.0
2,2,0.5,2,0,0,0,0.0,1,0,0,0,0,0,0.0,0.0,0.0,1.0,0.0,0.0,0.0,0.0,0.0,0.0
5,5,0.798784515788083,92,82,0,0,0.0,1,0,0,0,0,0,0.0,0.0,0.0,0.0,0.0,0.0,0.0,0.0,0.0,0.0
0,1,0.0,0,1,0,0,0.0,1,0,0,0,0,0,0.0,0.0,0.0,0.0,0.0,0.0,0.0,0.0,0.0,0.0
0,1,0.0,5,0,0,0,0.0,1,0,0,0,0,0,1.0,0.0,0.0,0.0,0.0,0.0,0.0,0.0,0.0,0.0
5,6,0.8333333333333333,6,6,0,0,0.0,1,0,0,0,0,0,0.0,0.0,0.0,0.0,0.0,0.0,0.0,0.0,0.0,0.0
0,1,0.0,4,1,0,0,0.0,1,0,0,0,1,0,0.0,0.0,0.0,0.0,0.0,0.0,0.0,0.0,0.0,1.0
0,2,0.17233560090702937,11,10,0,0,0.0,1,0,0,0,1,0,0.0,0.0,0.0,0.0,0.597221667934225,0.0,0.0,0.0,0.6123911952615683,0.517980022120516
0,1,0.0,1,1,0,0,0.0,1,0,0,0,1,0,0.0,0.0,0.0,0.0,0.0,0.0,0.0,0.0,0.7635074723097361,0.6457989932844411
0,1,0.0,35,1,0,0,0.0,1,0,0,0,0,0,1.0,0.0,0.0,0.0,0.0,0.0,0.0,0.0,0.0,0.0
0,1,0.0,1,1,0,0,0.0,1,0,0,0,1,0,0.0,0.0,0.0,0.0,0.0,0.0,0.0,0.0,0.0,1.0
0,1,0.0,9,16,0,0,0.0,1,0,0,0,1,0,0.0,0.0,0.0,0.0,0.0,0.0,0.0,0.0,0.0,1.0
1,1,0.0,24,0,0,0,0.0,1,0,0,0,1,0,0.0,0.0,0.0,0.0,0.0,0.0,0.0,0.0,0.0,0.0
0,1,0.0,1,1,0,0,0.0,1,0,1,0,0,0,1.0,0.0,0.0,0.0,0.0,0.0,0.0,0.0,0.0,0.0
0,1,0.0,1,1,0,0,0.0,1,0,0,0,0,0,0.0,0.0,1.0,0.0,0.0,0.0,0.0,0.0,0.0,0.0
0,2,0.06887755102040805,20,8,0,0,0.0,1,0,0,0,0,0,1.0,0.0,0.0,0.0,0.0,0.0,0.0,0.0,0.0,0.0
0,1,0.0,9,3,0,0,0.0,1,0,0,0,0,0,1.0,0.0,0.0,0.0,0.0,0.0,0.0,0.0,0.0,0.0
0,1,0.0,39,1,0,0,0.0,1,0,0,1,0,0,0.0,0.0,0.0,0.0,0.0,0.0,0.0,0.0,0.0,0.0
1,9,0.8555856954750993,0,1252,0,0,0.0,1,0,0,0,0,0,0.0,0.0,0.0,0.0,0.0,0.0,0.0,0.0,0.0,0.0
2,8,0.8446180555555556,21,27,0,0,0.0,1,0,0,0,0,0,0.0,0.0,0.0,0.0,0.0,0.0,0.0,0.0,1.0,0.0
0,1,0.0,1,1,0,0,0.0,1,0,0,0,0,0,0.0,0.0,0.0,0.0,0.0,0.0,0.0,0.0,0.0,0.0
0,1,0.0,3,0,0,0,0.0,1,0,0,0,0,0,0.0,0.0,1.0,0.0,0.0,0.0,0.0,0.0,0.0,0.0
14,109,0.9835916824196597,207,23,0,0,0.0,1,0,0,0,0,0,0.0,0.0,0.0,1.0,0.0,0.0,0.0,0.0,0.0,0.0
1,1,0.0,3,0,1,0,0.0,1,0,0,0,0,0,0.0,0.0,0.0,1.0,0.0,0.0,0.0,0.0,0.0,0.0
5,26,0.9519523878647118,75,8,1,0,0.0,1,0,0,0,0,0,0.0,0.0,0.0,1.0,0.0,0.0,0.0,0.0,0.0,0.0
13,146,0.9930480286270443,2281,8,0,0,0.0,1,0,0,0,0,0,1.0,0.0,0.0,0.0,0.0,0.0,0.0,0.0,0.0,0.0
1,4,0.6115625,80,0,0,0,0.0,1,0,0,0,0,0,0.0,0.0,0.0,0.0,0.0,0.0,0.0,0.0,0.0,0.0
1,2,0.5,4,0,0,0,0.0,1,0,0,0,0,0,1.0,0.0,0.0,0.0,0.0,0.0,0.0,0.0,0.0,0.0
0,1,0.0,1,0,0,0,0.0,1,0,0,0,1,0,0.0,0.0,0.0,0.0,0.0,0.0,0.0,0.0,0.0,1.0
0,1,0.0,202,0,0,0,0.0,1,0,0,0,0,0,1.0,0.0,0.0,0.0,0.0,0.0,0.0,0.0,0.0,0.0
0,1,0.0,1,1,0,0,0.0,1,0,0,0,1,0,0.0,0.0,0.0,0.0,0.0,0.0,0.0,0.0,0.7635074723097361,0.6457989932844411
0,1,0.0,1,1,0,0,0.0,1,0,0,0,1,0,0.0,0.768271493619343,0.0,0.0,0.0,0.0,0.0,0.0,0.0,0.6401241380325413
0,1,0.0,5,1,0,0,0.0,1,0,0,0,0,0,0.0,0.0,0.0,0.0,0.0,0.0,1.0,0.0,0.0,0.0
0,1,0.0,1,1,0,0,0.0,1,0,0,0,1,0,0.0,0.0,0.0,0.0,0.597221667934225,0.0,0.0,0.0,0.6123911952615683,0.517980022120516
0,1,0.0,1,1,0,0,0.0,1,0,0,0,0,0,0.0,0.0,0.0,0.0,0.6981841878466201,0.0,0.0,0.0,0.7159181795714895,0.0
2,5,0.7513007284079084,36,26,0,0,0.0,1,0,0,0,0,0,0.0,0.0,0.0,0.0,0.0,0.0,0.0,0.0,0.0,0.0
2,10,0.8149183334789065,106,1,0,0,0.0,1,0,0,0,0,0,0.0,0.0,0.0,0.0,0.0,0.0,0.0,0.0,0.0,0.0
1,2,0.0,1,1,0,0,0.0,1,0,0,0,0,0,0.0,0.0,0.0,0.0,1.0,0.0,0.0,0.0,0.0,0.0
1,3,0.4444444444444444,3,3,0,0,0.0,1,0,0,0,0,0,0.0,0.0,0.0,0.0,0.889860972867408,0.0,0.0,0.0,0.4562317930257273,0.0
1,3,0.4444444444444444,3,3,0,0,0.0,1,0,0,0,0,0,0.0,0.0,0.0,0.0,0.6981841878466201,0.0,0.0,0.0,0.7159181795714895,0.0
1,1,0.0,2,2,0,0,0.0,1,0,0,0,1,0,1.0,0.0,0.0,0.0,0.0,0.0,0.0,0.0,0.0,0.0
0,1,0.0,1,1,0,0,0.0,1,0,0,0,1,0,0.0,0.768271493619343,0.0,0.0,0.0,0.0,0.0,0.0,0.0,0.6401241380325413
0,1,0.0,1,1,0,0,0.0,1,0,0,0,1,0,0.0,0.768271493619343,0.0,0.0,0.0,0.0,0.0,0.0,0.0,0.6401241380325413
1,1,0.0,1,0,0,0,0.0,1,0,0,0,0,0,1.0,0.0,0.0,0.0,0.0,0.0,0.0,0.0,0.0,0.0
0,1,0.0,1,1,0,0,0.0,1,0,0,0,1,0,0.0,0.768271493619343,0.0,0.0,0.0,0.0,0.0,0.0,0.0,0.6401241380325413
4,5,0.7999999999999999,0,5,0,0,0.0,1,0,0,0,0,0,0.0,0.0,0.0,0.0,0.0,0.0,0.0,0.0,0.0,0.0
0,1,0.0,1,1,0,0,0.0,1,0,0,0,1,0,0.0,0.768271493619343,0.0,0.0,0.0,0.0,0.0,0.0,0.0,0.6401241380325413
1,1,0.0,1,1,0,0,0.0,1,0,0,0,0,0,0.0,0.0,0.0,0.0,0.0,0.0,0.0,0.0,0.0,0.0
1,1,0.0,4,4,0,0,0.0,1,0,0,0,0,0,0.0,0.0,0.0,0.0,0.0,0.0,0.0,0.0,1.0,0.0
2,9,0.8844444444444444,60,0,0,0,0.0,1,0,0,0,0,0,0.0,1.0,0.0,0.0,0.0,0.0,0.0,0.0,0.0,0.0
2,4,0.7422664265016837,83,30,0,0,0.0,1,0,0,0,1,0,0.0,0.0,0.0,0.0,0.0,0.0,0.9169423943882178,0.0,0.0,0.3990196052496696
1,3,0.6294484736043178,40,37,0,0,0.0,1,0,0,0,0,0,0.0,0.0,0.0,1.0,0.0,0.0,0.0,0.0,0.0,0.0
2,4,0.5402469135802469,43,2,0,0,0.0,1,0,0,0,0,0,0.0,0.712406242016047,0.0,0.0,0.0,0.0,0.0,0.0,0.7017673021284002,0.0
1,1,0.0,2,2,0,0,0.0,1,0,0,0,0,0,0.0,0.5914061400998168,0.0,0.5741785730498513,0.0,0.0,0.5661781907691891,0.0,0.0,0.0
1,2,0.21875,10,6,0,0,0.0,1,0,0,0,1,0,0.0,0.5145560954136642,0.0,0.0,0.0,0.0,0.0,0.0,0.0,0.8574567188334605
0,0,0.0,0,0,0,0,,1,0,0,0,0,0,0.40324670942533825,0.0,0.0,0.0,0.0,0.9150913021866379,0.0,0.0,0.0,0.0
1,1,0.0,1,1,0,0,0.0,1,0,0,0,0,0,0.2884061815990844,0.3297354236229231,0.0,0.3201302830367027,0.23757399490232445,0.0,0.7891742785585114,0.0,0.1624056086294171,0.0
1,2,0.05709342560553643,35,33,0,0,0.0,1,0,0,0,0,0,0.0,0.0,0.0,1.0,0.0,0.0,0.0,0.0,0.0,0.0
1,2,0.19968750000000002,146,94,0,0,0.0,1,0,0,0,0,0,0.0,0.0,0.0,0.0,0.0,0.0,0.0,0.0,0.0,0.0
1,2,0.47165532879818595,42,0,0,0,0.0,1,0,0,0,0,0,0.0,0.0,0.0,0.0,0.0,0.0,0.0,0.0,0.0,0.0
1,1,0.0,1,1,0,0,0.0,1,0,0,0,0,0,0.0,0.0,0.0,0.0,0.0,0.0,0.0,0.0,0.0,0.0
1,1,0.0,8,8,0,0,0.0,1,0,0,0,0,0,0.0,0.0,0.0,0.0,0.0,0.0,0.0,0.0,0.0,0.0
1,1,0.0,2,2,0,0,0.0,1,0,0,0,0,0,0.0,0.0,0.0,0.0,0.0,0.0,0.0,0.0,1.0,0.0
1,1,0.0,41,0,0,0,0.0,1,0,0,0,0,0,0.6745065772223837,0.0,0.0,0.0,0.0,0.0,0.7382688380825405,0.0,0.0,0.0
1,1,0.0,4,4,0,0,0.0,1,0,0,0,0,0,0.0,0.0,0.0,0.0,0.0,0.0,0.0,0.0,0.0,0.0
1,2,0.4054820415879017,66,26,0,0,0.0,1,0,0,0,0,0,0.0,0.0,0.0,0.0,0.0,0.0,0.0,0.0,0.0,0.0
1,2,0.4444444444444444,3,3,0,0,0.0,1,0,0,0,0,0,0.0,0.0,0.0,0.0,0.0,0.0,0.0,0.0,1.0,0.0
1,1,0.0,1,1,0,0,0.0,1,0,0,0,0,0,0.0,0.0,0.0,0.0,0.0,0.0,0.0,0.0,0.0,0.0
3,15,0.5,2,2,0,0,0.0,1,0,0,0,1,0,0.0,0.0,0.0,0.0,0.0,0.0,0.0,0.0,0.0,0.0
1,1,0.0,24,0,0,0,0.0,1,0,0,0,0,0,0.0,0.0,0.0,0.0,0.0,0.0,0.0,0.0,0.0,0.0
4,9,0.1270216962524654,13,182,0,0,0.0,1,0,0,0,0,0,0.0,0.0,0.0,0.0,0.0,0.0,0.0,0.0,0.0,0.0
0,2,0.4444444444444444,1,2,0,0,0.0,1,0,0,0,1,0,0.0,0.0,0.0,0.0,0.0,0.0,0.0,0.0,0.0,1.0
1,1,0.0,7,0,0,0,0.0,1,0,0,0,0,0,0.0,0.0,0.0,0.0,0.0,0.0,1.0,0.0,0.0,0.0
1,1,0.0,2,0,0,0,0.0,1,0,0,0,0,0,1.0,0.0,0.0,0.0,0.0,0.0,0.0,0.0,0.0,0.0
1,2,0.4288002847988608,89,17,0,0,0.0,1,0,0,0,0,0,0.0,0.0,0.0,0.0,0.0,0.0,0.0,0.0,0.0,0.0
1,2,0.06147644242882344,54,9,0,0,0.0,1,0,0,0,1,0,0.0,0.0,0.0,0.0,0.0,0.0,0.0,0.0,0.0,1.0
1,3,0.11430217248189589,862,6,0,0,0.0,1,0,0,0,0,0,0.0,0.0,0.0,0.0,0.0,0.0,1.0,0.0,0.0,0.0
1,1,0.0,5,5,0,0,0.0,1,0,0,0,0,0,0.0,0.0,0.0,0.0,0.0,0.0,0.0,0.0,0.0,0.0
2,2,0.01980000000000004,99,1,0,0,0.0,1,0,0,0,0,0,0.0,0.0,0.0,0.0,0.0,0.0,0.0,0.0,0.0,0.0
2,2,0.0,3,0,0,0,0.0,1,0,0,0,0,0,0.0,0.0,0.0,0.0,0.0,0.0,0.0,0.0,0.0,0.0
1,1,0.0,101,0,0,0,0.0,1,0,0,0,0,0,0.6745065772223837,0.0,0.0,0.0,0.0,0.0,0.7382688380825405,0.0,0.0,0.0
1,1,0.0,1,0,0,0,0.0,1,0,0,0,0,0,1.0,0.0,0.0,0.0,0.0,0.0,0.0,0.0,0.0,0.0
5,14,0.9285714285714286,14,14,0,0,0.0,1,0,0,0,0,0,0.0,0.0,0.0,0.0,0.0,0.0,0.0,0.0,0.0,0.0
1,1,0.0,8,0,0,0,0.0,1,0,0,0,1,0,0.7240587592425071,0.0,0.0,0.0,0.0,0.0,0.0,0.0,0.0,0.6897382932418651
1,3,0.41285649615210507,141,0,0,0,0.0,1,0,0,0,0,0,0.0,0.0,0.0,0.0,0.0,0.0,0.0,0.0,0.0,0.0
1,2,0.31999999999999984,5,0,0,0,0.0,1,0,0,0,0,0,1.0,0.0,0.0,0.0,0.0,0.0,0.0,0.0,0.0,0.0
3,4,0.5,2,2,0,0,0.0,1,0,0,0,0,0,0.0,0.0,0.0,0.0,0.0,0.0,0.0,0.0,0.0,0.0
1,1,0.0,24,0,0,0,0.0,1,0,0,0,0,0,0.0,0.0,0.0,0.0,0.0,0.0,0.0,0.0,0.0,0.0
0,1,0.0,1,1,0,0,0.0,1,0,0,0,0,0,0.0,0.0,0.0,0.0,0.0,0.0,0.0,0.0,0.0,0.0
0,1,0.0,1,1,0,0,0.0,1,0,0,0,1,0,0.0,0.0,0.0,0.0,0.0,0.0,0.0,0.0,0.0,1.0
0,1,0.0,0,2,0,0,0.0,1,0,0,0,0,0,0.0,0.0,0.0,0.0,0.0,0.0,1.0,0.0,0.0,0.0
0,1,0.0,2,0,0,0,0.0,1,0,0,0,0,0,0.0,0.0,0.0,0.0,0.0,0.0,0.0,0.0,0.0,0.0
1,4,0.6591695501730104,16,18,0,0,0.0,1,0,0,0,0,0,0.0,0.0,1.0,0.0,0.0,0.0,0.0,0.0,0.0,0.0
1,4,0.6296996429321571,23,46,0,0,0.0,1,0,0,0,0,0,0.0,0.0,1.0,0.0,0.0,0.0,0.0,0.0,0.0,0.0
1,1,0.0,2,2,0,0,0.0,1,0,0,0,0,0,0.0,0.0,0.0,0.0,0.0,0.0,0.0,0.0,0.0,0.0
2,4,0.67456,125,0,0,0,0.0,1,0,0,0,0,0,1.0,0.0,0.0,0.0,0.0,0.0,0.0,0.0,0.0,0.0
2,4,0.6765041617122474,1,289,0,0,0.0,1,0,1,0,0,0,0.0,0.0,0.0,0.0,0.0,0.0,0.0,0.0,0.0,0.0
2,9,0.8458049886621315,49,35,0,0,0.0,1,0,0,0,0,0,0.0,0.0,0.0,0.0,1.0,0.0,0.0,0.0,0.0,0.0
1,2,0.379504132231405,30,25,0,0,0.0,1,0,0,0,0,0,0.0,0.0,0.0,0.0,0.0,0.0,0.0,0.0,0.0,0.0
1,1,0.0,8,8,0,0,0.0,1,0,0,0,0,0,0.0,0.0,0.0,0.0,0.0,0.0,0.0,0.0,0.0,0.0
2,7,0.7750229568411386,32,34,0,0,0.0,1,0,0,0,0,0,0.0,0.0,0.0,0.0,0.0,0.0,0.0,0.0,0.0,0.0
1,1,0.0,5,4,0,0,0.0,1,0,0,0,0,0,0.0,0.0,0.0,0.7120500953842104,0.0,0.0,0.7021286646073758,0.0,0.0,0.0
2,6,0.757396449704142,17,9,0,0,0.0,1,0,0,0,0,0,0.0,0.0,0.0,0.0,0.0,0.0,0.0,0.0,0.0,0.0
2,19,0.8869230769230769,165,95,0,0,0.0,1,0,0,0,0,0,0.0,0.0,0.0,0.0,0.0,0.0,0.0,0.0,0.0,0.0
1,1,0.0,2,2,0,0,0.0,1,0,0,0,0,0,0.0,0.0,0.0,1.0,0.0,0.0,0.0,0.0,0.0,0.0
2,2,0.5,1,1,0,0,0.0,1,0,0,0,0,0,0.0,0.0,0.0,0.0,0.0,0.0,0.0,0.0,0.0,0.0
4,12,0.8923010380622838,87,49,0,0,0.0,1,0,0,0,0,0,0.0,0.0,0.0,0.0,0.0,0.0,0.0,0.0,1.0,0.0
2,4,0.27000000000000013,20,0,0,0,0.0,1,0,0,0,0,0,1.0,0.0,0.0,0.0,0.0,0.0,0.0,0.0,0.0,0.0
1,1,0.0,0,1,0,0,0.0,1,0,0,0,0,0,0.0,0.0,0.0,0.0,0.0,0.0,0.0,0.0,0.0,0.0
1,1,0.0,0,3,1,0,0.0,1,0,0,0,0,0,0.0,0.0,0.0,0.0,0.0,0.0,0.0,0.0,0.0,0.0
1,1,0.0,0,2,0,0,0.0,1,0,0,0,0,0,0.0,0.0,0.0,0.0,0.0,0.0,0.0,0.0,0.0,0.0
1,1,0.0,50,0,0,0,0.0,1,0,0,0,0,0,0.6745065772223837,0.0,0.0,0.0,0.0,0.0,0.7382688380825405,0.0,0.0,0.0
1,1,0.0,7,0,0,0,0.0,1,0,0,0,0,0,1.0,0.0,0.0,0.0,0.0,0.0,0.0,0.0,0.0,0.0
1,1,0.0,0,1,0,0,0.0,1,0,0,0,0,0,0.0,0.0,0.0,0.0,0.0,0.0,0.0,0.0,0.0,0.0
2,15,0.8546747657275419,13,168,0,0,0.0,1,0,0,0,0,0,0.0,0.7211476458601549,0.0,0.0,0.6927814033808618,0.0,0.0,0.0,0.0,0.0
1,1,0.0,18,1,0,0,0.0,1,0,0,0,0,0,1.0,0.0,0.0,0.0,0.0,0.0,0.0,0.0,0.0,0.0
1,1,0.0,11,0,0,0,0.0,1,0,0,0,0,0,0.0,0.0,0.0,0.0,0.0,0.0,0.0,0.0,0.0,0.0
2,2,0.48,12,8,1,0,0.0,1,0,0,0,0,0,0.0,0.0,0.0,0.0,0.0,0.0,1.0,0.0,0.0,0.0
1,1,0.0,16,15,0,0,0.0,1,0,0,0,0,0,0.0,0.0,0.0,0.0,0.0,0.0,0.0,0.0,0.0,0.0
0,1,0.0,1,1,0,0,0.0,1,0,0,0,0,0,0.0,0.0,0.7434254867643693,0.0,0.0,0.0,0.6688187688971957,0.0,0.0,0.0
0,1,0.0,1,1,0,0,0.0,1,0,0,0,0,0,0.0,0.0,0.7434254867643693,0.0,0.0,0.0,0.6688187688971957,0.0,0.0,0.0
2,3,0.5651577503429356,38,16,0,0,0.0,1,0,0,1,1,0,0.0,0.0,0.0,0.0,0.7554461813240296,0.0,0.0,0.0,0.0,0.6552107043714573
1,1,0.0,8,1,0,0,0.0,1,0,0,0,1,0,0.0,0.0,0.0,0.0,1.0,0.0,0.0,0.0,0.0,0.0
1,1,0.0,30,19,0,0,0.0,1,0,0,0,0,0,1.0,0.0,0.0,0.0,0.0,0.0,0.0,0.0,0.0,0.0
1,2,0.4907788446883097,81,0,0,0,0.0,1,0,0,0,0,0,0.0,0.0,0.0,0.0,1.0,0.0,0.0,0.0,0.0,0.0
2,2,0.48347107438016523,20,2,0,0,0.0,1,0,0,0,0,0,1.0,0.0,0.0,0.0,0.0,0.0,0.0,0.0,0.0,0.0
1,1,0.0,7,3,0,0,0.0,1,0,0,0,0,0,0.0,0.0,0.0,0.0,0.0,0.0,0.0,0.0,0.0,0.0
1,1,0.0,13,0,0,0,0.0,1,0,0,0,0,0,0.0,0.0,0.0,0.0,0.0,0.0,0.0,0.0,0.0,0.0
1,1,0.0,5,6,0,0,0.0,1,0,0,0,0,0,0.0,0.0,0.0,0.0,0.0,0.0,0.0,0.0,0.0,0.0
1,2,0.25310445580715857,72,2,0,0,0.0,1,0,0,0,0,0,0.0,0.7211476458601549,0.0,0.0,0.6927814033808618,0.0,0.0,0.0,0.0,0.0
1,10,0.8724707694461948,0,414,0,0,0.0,1,0,0,0,0,0,0.0,0.0,0.0,0.0,0.0,0.0,0.0,0.0,0.0,0.0
2,10,0.8645915666127191,129,360,0,0,0.0,1,0,0,0,0,0,0.0,0.0,1.0,0.0,0.0,0.0,0.0,0.0,0.0,0.0
2,8,0.8400934204889374,23,246,0,0,0.0,1,0,0,0,0,0,0.0,0.0,0.0,0.0,0.0,0.0,0.0,0.0,0.0,0.0
1,3,0.33354337324091576,16,53,0,0,0.0,1,0,0,0,0,0,0.0,0.0,0.7422719783583858,0.0,0.6700987316387997,0.0,0.0,0.0,0.0,0.0
2,11,0.7933114496535084,74,253,0,0,0.0,1,0,0,0,0,0,0.0,0.0,0.7422719783583858,0.0,0.6700987316387997,0.0,0.0,0.0,0.0,0.0
2,3,0.5991735537190083,14,8,0,0,0.0,1,0,0,0,0,0,0.0,0.0,0.0,0.0,0.0,0.0,0.0,0.0,1.0,0.0
1,2,0.4444444444444444,129,0,0,0,0.0,1,0,0,0,0,0,0.0,0.0,0.0,0.0,0.0,0.0,0.0,0.0,0.0,0.0
2,4,0.6490950876185004,13,105,0,0,0.0,1,0,0,0,0,0,0.0,0.0,0.7422719783583858,0.0,0.6700987316387997,0.0,0.0,0.0,0.0,0.0
2,6,0.8057665977610138,67,126,0,0,0.0,1,0,0,0,0,0,0.0,0.0,1.0,0.0,0.0,0.0,0.0,0.0,0.0,0.0
2,14,0.904552264118944,532,0,0,0,0.0,1,0,0,0,0,0,1.0,0.0,0.0,0.0,0.0,0.0,0.0,0.0,0.0,0.0
1,1,0.0,37,2,0,0,0.0,1,0,0,0,0,0,1.0,0.0,0.0,0.0,0.0,0.0,0.0,0.0,0.0,0.0
1,1,0.0,25,25,0,0,0.0,1,0,0,0,0,0,0.0,0.0,0.0,0.0,0.0,0.0,1.0,0.0,0.0,0.0
1,1,0.0,29,32,0,0,0.0,1,0,0,0,0,0,0.0,0.0,0.0,0.0,0.0,0.0,0.0,0.0,0.0,0.0
1,2,0.48699271592091564,43,19,0,0,0.0,1,0,0,0,0,0,0.0,0.0,0.0,0.0,0.0,0.0,0.0,0.0,0.0,0.0
1,3,0.42737777777777786,75,0,0,0,0.0,1,0,0,0,0,0,0.0,0.0,0.0,0.0,0.0,0.0,0.0,0.0,0.0,0.0
2,6,0.7644628099173554,37,7,0,0,0.0,1,0,0,0,0,0,0.0,0.0,0.0,0.0,0.0,0.0,0.0,0.0,0.0,0.0
1,1,0.0,1,1,1,0,0.0,1,0,0,0,0,0,0.0,0.0,0.0,1.0,0.0,0.0,0.0,0.0,0.0,0.0
2,3,0.547293277810827,20,21,0,0,0.0,1,0,0,0,0,0,0.0,0.0,1.0,0.0,0.0,0.0,0.0,0.0,0.0,0.0
1,2,0.5,2,2,0,0,0.0,1,0,0,0,0,0,0.0,0.0,0.0,0.0,1.0,0.0,0.0,0.0,0.0,0.0
1,1,0.0,4,27,0,0,0.0,1,0,0,0,0,0,0.0,0.0,0.0,0.0,0.0,0.0,0.0,0.0,1.0,0.0
1,2,0.48611111111111105,8,4,0,0,0.0,1,0,0,0,0,0,0.0,0.0,0.0,0.0,0.0,0.0,0.0,0.0,0.0,0.0
2,3,0.653061224489796,7,7,0,0,0.0,1,0,0,0,0,0,0.0,0.0,0.0,1.0,0.0,0.0,0.0,0.0,0.0,0.0
2,4,0.6215277777777778,72,72,1,0,0.0,1,0,0,0,0,0,0.0,0.0,0.0,0.0,0.0,0.0,0.0,0.0,0.0,0.0
3,10,0.832898495568323,391,76,0,0,0.0,1,0,0,0,0,0,0.6583593863992735,0.7527037387578012,0.0,0.0,0.0,0.0,0.0,0.0,0.0,0.0
1,1,0.0,3,3,0,0,0.0,1,0,0,0,0,0,0.0,0.0,0.0,0.0,0.0,0.0,0.0,0.0,0.0,0.0
1,1,0.0,2,2,0,0,0.0,1,0,0,0,0,0,0.0,0.717479592001464,0.0,0.696579525295865,0.0,0.0,0.0,0.0,0.0,0.0
1,1,0.0,2,2,0,0,0.0,1,0,0,0,0,0,0.0,0.717479592001464,0.0,0.696579525295865,0.0,0.0,0.0,0.0,0.0,0.0
1,1,0.0,1,1,0,0,0.0,1,0,0,0,0,0,0.0,0.0,0.0,0.0,0.0,0.0,0.0,0.0,1.0,0.0
2,3,0.43757431629013077,15,14,0,0,0.0,1,0,0,0,0,0,0.0,0.0,0.0,0.0,0.0,0.0,0.0,0.0,0.0,0.0
1,1,0.0,1,0,0,0,0.0,1,0,0,0,0,0,1.0,0.0,0.0,0.0,0.0,0.0,0.0,0.0,0.0,0.0
1,1,0.0,6,5,0,0,0.0,1,0,0,0,0,0,0.0,0.0,0.0,0.0,0.0,0.0,0.0,0.0,0.0,0.0
0,1,0.0,9,1,0,0,0.0,1,0,0,0,1,0,0.5433156348589292,0.0,0.6610123065693276,0.0,0.0,0.0,0.0,0.0,0.0,0.5175624131268961
1,2,0.23111111111111104,11,4,0,0,0.0,1,0,0,0,0,0,0.0,0.0,0.0,0.0,0.0,0.0,0.0,0.0,0.0,0.0
1,4,0.7278584659990872,101,92,0,0,0.0,1,0,0,0,0,0,0.0,0.0,0.0,0.0,0.0,0.0,0.0,0.0,0.0,0.0
2,3,0.6661796932067202,50,24,1,0,0.0,1,0,0,0,0,0,0.0,0.0,0.7387379270010229,0.6739927857256569,0.0,0.0,0.0,0.0,0.0,0.0
0,1,0.0,1,1,0,0,0.0,1,0,0,0,0,0,0.0,0.0,0.0,0.0,0.0,0.0,0.0,0.0,0.0,0.0
1,1,0.0,1,1,0,0,0.0,1,0,0,0,0,0,0.0,0.0,0.0,0.0,0.0,0.0,0.0,0.0,0.0,0.0
3,6,0.8333333333333333,12,12,0,0,0.0,1,0,0,0,0,0,0.0,0.0,0.0,0.0,0.0,0.0,0.0,0.0,0.0,0.0
1,4,0.5182742113915282,150,161,0,0,0.0,1,0,0,0,0,0,0.0,0.0,0.0,0.0,0.0,0.0,0.0,0.0,0.0,0.0
1,4,0.7100591715976331,13,13,1,0,0.0,1,0,0,0,0,0,0.0,0.0,0.0,0.0,0.0,0.0,0.0,0.0,0.0,0.0
1,1,0.0,1,1,1,0,0.0,1,0,0,0,0,0,0.0,0.0,0.0,0.0,0.0,0.0,1.0,0.0,0.0,0.0
2,6,0.752,25,25,1,0,0.0,1,0,0,0,0,0,0.0,0.0,0.0,0.0,0.0,0.0,0.0,0.0,0.0,0.0
2,7,0.69,40,40,1,0,0.0,1,0,0,0,0,0,0.0,0.0,0.0,0.0,0.0,0.0,0.0,0.0,0.0,0.0
1,4,0.75,0,84,0,0,0.0,1,0,0,0,0,0,0.0,0.0,0.0,0.0,0.0,0.0,0.0,0.0,0.0,0.0
1,1,0.0,28,26,0,0,0.0,1,0,0,0,0,0,0.0,0.0,0.0,0.0,0.0,0.0,0.0,0.0,0.0,0.0
1,1,0.0,0,340,0,0,0.0,1,0,0,0,0,0,0.0,0.0,0.0,0.0,0.0,0.0,1.0,0.0,0.0,0.0
1,1,0.0,174,0,0,0,0.0,1,0,0,0,0,0,0.6745065772223837,0.0,0.0,0.0,0.0,0.0,0.7382688380825405,0.0,0.0,0.0
2,2,0.20761245674740492,8,9,0,0,0.0,1,0,0,0,0,0,0.0,0.0,0.0,0.0,0.0,0.0,0.0,0.0,1.0,0.0
1,1,0.0,19,1,0,0,0.0,1,0,1,0,1,0,0.7240587592425071,0.0,0.0,0.0,0.0,0.0,0.0,0.0,0.0,0.6897382932418651
2,2,0.33380622657226167,0,392,0,0,0.0,1,0,0,0,0,0,0.0,0.0,0.0,0.0,0.0,0.0,0.0,0.0,0.0,0.0
1,2,0.40110757925205354,0,389,0,0,0.0,1,0,0,0,0,0,0.0,0.0,0.0,0.0,0.0,0.0,0.0,0.0,0.0,0.0
1,1,0.0,138,0,0,0,0.0,1,0,0,0,0,0,0.6745065772223837,0.0,0.0,0.0,0.0,0.0,0.7382688380825405,0.0,0.0,0.0
1,1,0.0,3,1,0,0,0.0,1,0,1,0,0,0,1.0,0.0,0.0,0.0,0.0,0.0,0.0,0.0,0.0,0.0
1,3,0.6570498231854627,0,169,0,0,0.0,1,0,0,0,0,0,0.0,0.0,0.0,0.0,0.0,0.0,0.0,0.0,0.0,0.0
2,7,0.7588455500543413,0,455,0,0,0.0,1,0,0,0,0,0,0.0,0.0,0.0,0.0,0.0,0.0,0.0,0.0,0.0,0.0
2,6,0.7725673737648089,429,444,0,0,0.0,1,0,0,0,0,0,0.0,0.0,0.0,0.0,0.0,0.0,0.0,0.0,0.0,0.0
1,1,0.0,113,7,0,0,0.0,1,0,0,0,0,0,0.0,0.0,0.0,0.0,0.0,0.0,1.0,0.0,0.0,0.0
2,6,0.7222431766565818,280,73,0,0,0.0,1,0,0,0,0,0,0.0,0.0,0.0,0.0,0.0,0.0,0.0,0.0,1.0,0.0
2,8,0.7074120211772035,247,247,0,0,0.0,1,0,0,0,0,0,0.0,0.0,0.0,0.0,0.0,0.0,0.0,0.0,0.0,0.0
2,6,0.628619875019052,261,63,0,0,0.0,1,0,0,0,0,0,0.0,0.0,0.0,0.0,0.0,0.0,0.0,0.0,0.0,0.0
1,1,0.0,6,6,0,0,0.0,1,0,0,0,0,0,0.0,0.0,0.0,0.0,0.0,0.0,0.0,0.0,0.0,0.0
1,1,0.0,28,22,0,0,0.0,1,0,0,0,0,0,1.0,0.0,0.0,0.0,0.0,0.0,0.0,0.0,0.0,0.0
0,1,0.0,7,4,0,0,0.0,1,0,0,0,1,0,0.0,0.0,0.0,0.0,0.0,0.0,0.0,0.0,0.5088728026914762,0.8608417222003832
3,6,0.7057784115568231,245,9,0,0,0.0,1,0,0,0,0,0,0.0,0.0,0.0,0.0,0.0,0.0,0.0,0.0,0.0,0.0
1,1,0.0,1,1,0,0,0.0,1,0,0,0,0,0,0.0,0.0,0.0,1.0,0.0,0.0,0.0,0.0,0.0,0.0
1,1,0.0,1,1,0,0,0.0,1,0,0,0,0,0,0.0,0.0,0.0,1.0,0.0,0.0,0.0,0.0,0.0,0.0
2,3,0.44897959183673464,14,14,0,0,0.0,1,0,0,0,0,0,0.0,0.0,0.0,0.0,0.0,0.0,0.0,0.0,0.0,0.0
1,2,0.5,40,0,0,0,0.0,1,0,0,0,0,0,1.0,0.0,0.0,0.0,0.0,0.0,0.0,0.0,0.0,0.0
1,4,0.6122448979591837,11,3,0,0,0.0,1,0,0,0,0,0,0.0,0.0,0.0,0.0,0.0,0.0,0.0,0.0,0.0,0.0
7,92,0.973794066760845,251,251,0,0,0.0,1,0,0,0,0,0,0.0,0.0,0.0,0.0,0.0,0.0,0.0,0.0,0.0,0.0
0,1,0.0,1,1,0,0,0.0,1,0,0,0,0,0,0.0,0.0,0.0,1.0,0.0,0.0,0.0,0.0,0.0,0.0
11,101,0.6015625,13,3,0,0,0.0,1,0,0,0,0,0,0.0,0.0,0.0,0.0,0.0,0.0,0.0,0.0,0.0,0.0
6,47,0.9684820673831662,91,91,0,0,0.0,1,0,0,0,0,0,0.0,0.0,0.0,0.0,0.0,0.0,0.0,0.0,0.0,0.0
1,2,0.4444444444444444,6,0,0,0,0.0,1,0,0,0,0,0,0.0,0.0,0.0,1.0,0.0,0.0,0.0,0.0,0.0,0.0
6,15,0.7686616461884,83,91,0,0,0.0,1,0,0,0,0,0,0.0,0.0,0.0,1.0,0.0,0.0,0.0,0.0,0.0,0.0
8,38,0.8506633129133028,78,79,0,0,0.0,1,0,0,0,0,0,0.0,0.0,0.0,0.0,0.0,0.0,0.0,0.0,0.0,0.0
1,3,0.6044444444444443,15,15,0,0,0.0,1,0,0,0,1,0,0.0,0.0,0.0,0.0,0.0,0.0,0.0,0.0,0.0,1.0
0,1,0.0,3,0,0,0,0.0,1,0,0,0,0,0,0.0,0.0,0.0,0.0,0.0,0.0,0.0,0.0,0.0,0.0
1,1,0.0,3,4,0,0,0.0,1,0,0,0,1,0,0.0,0.0,0.0,0.0,0.0,0.0,0.0,0.0,0.0,0.0
1,10,0.8922495274102079,10,13,0,0,0.0,1,0,0,0,0,0,0.0,0.0,0.0,0.0,0.0,0.0,0.0,0.0,0.0,0.0
3,32,0.9470868014268727,58,58,0,0,0.0,1,0,0,0,0,0,0.0,0.0,0.0,0.0,0.0,0.0,0.0,0.0,0.0,0.0
2,31,0.9215582370664204,125,132,0,0,0.0,1,0,0,0,0,0,0.0,0.0,0.0,0.0,0.0,0.0,0.0,0.0,0.0,0.0
2,12,0.8165597369849021,93,84,0,0,0.0,1,0,0,0,0,0,0.0,0.0,0.0,0.0,0.0,0.0,0.0,0.0,0.0,0.0
3,28,0.9470486111111112,48,48,0,0,0.0,1,0,0,0,0,0,0.0,0.0,0.0,0.0,0.0,0.0,0.0,0.0,0.0,0.0
2,17,0.8972850533497793,444,23,0,0,0.0,1,0,0,0,0,0,1.0,0.0,0.0,0.0,0.0,0.0,0.0,0.0,0.0,0.0
1,1,0.0,3,3,0,0,0.0,1,0,0,0,0,0,0.0,0.0,0.0,0.0,0.0,0.0,0.0,0.0,0.0,0.0
2,9,0.8411111111111111,60,60,0,0,0.0,1,0,0,0,0,0,0.0,0.0,0.0,0.0,0.0,0.0,0.0,0.0,0.0,0.0
2,12,0.8057703747769185,82,82,0,0,0.0,1,0,0,0,0,0,0.0,0.0,0.0,0.0,0.0,0.0,0.0,0.0,0.0,0.0
2,5,0.7007881403640457,131,15,0,0,0.0,1,0,0,0,0,0,0.0,0.0,0.0,0.0,0.0,0.0,0.0,0.0,0.0,0.0
2,5,0.7236610963470114,131,18,0,0,0.0,1,0,0,0,0,0,0.0,0.0,0.0,0.0,0.0,0.0,0.0,0.0,0.0,0.0
2,5,0.7079527734462019,59,8,0,0,0.0,1,0,0,0,0,0,0.0,0.0,0.0,0.0,0.0,0.0,0.0,0.0,0.0,0.0
1,1,0.0,1,1,0,0,0.0,1,0,0,0,0,0,0.0,0.0,0.0,0.0,0.0,0.0,0.0,0.0,0.0,0.0
2,5,0.6344201042253945,488,195,0,0,0.0,1,0,0,0,0,0,0.0,0.0,0.0,0.0,0.0,0.0,0.0,0.0,0.0,0.0
1,3,0.625,0,8,0,0,0.0,1,0,0,0,0,0,0.0,0.0,0.0,0.0,0.0,0.0,0.0,0.0,0.0,0.0
2,3,0.3808,25,25,0,0,0.0,1,0,0,0,0,0,0.0,0.0,0.0,0.0,0.0,0.0,0.0,0.0,0.0,0.0
1,1,0.0,1,1,0,0,0.0,1,0,0,0,0,0,0.0,0.0,0.0,1.0,0.0,0.0,0.0,0.0,0.0,0.0
1,1,0.0,28,24,0,0,0.0,1,0,0,0,0,0,0.0,0.0,0.0,0.0,0.0,0.0,0.0,0.0,0.0,0.0
1,2,0.49640907785119215,57,61,0,0,0.0,1,0,0,0,0,0,0.0,0.0,0.0,0.0,0.0,0.0,0.0,0.0,0.0,0.0
1,1,0.0,1,5,0,0,0.0,1,0,0,0,0,0,0.0,0.0,0.0,0.0,0.0,0.0,0.0,0.0,0.0,0.0
2,6,0.6945559893066073,281,18,0,0,0.0,1,0,0,0,0,0,0.0,0.0,0.0,0.0,0.0,0.0,0.0,0.0,0.0,0.0
1,1,0.0,1,1,0,0,0.0,1,0,0,0,0,0,0.0,0.0,0.0,0.0,0.0,0.0,0.0,0.0,0.0,0.0
1,1,0.0,1,1,0,0,0.0,1,0,0,0,0,0,0.0,0.0,0.0,0.0,0.0,0.0,0.0,0.0,0.0,0.0
1,1,0.0,2,2,0,0,0.0,1,0,0,0,0,0,0.0,0.0,0.0,0.0,0.0,0.0,0.0,0.0,0.0,0.0
2,3,0.2551020408163266,14,14,0,0,0.0,1,0,0,0,0,0,0.0,0.0,0.0,0.0,0.0,0.0,0.0,0.0,0.0,0.0
2,6,0.7476265282426064,104,17,0,0,0.0,1,0,0,0,0,0,0.0,0.0,0.0,0.0,0.0,0.0,0.0,0.0,0.0,0.0
1,1,0.0,0,2,0,0,0.0,1,0,0,0,0,0,0.0,0.0,0.0,0.0,0.0,0.0,0.0,0.0,0.0,0.0
2,4,0.6576681900308216,91,6,0,0,0.0,1,0,0,0,0,0,0.0,0.0,0.0,0.0,0.0,0.0,0.0,0.0,0.0,0.0
1,1,0.0,0,6,0,0,0.0,1,0,0,0,0,0,0.0,0.0,0.0,1.0,0.0,0.0,0.0,0.0,0.0,0.0
1,1,0.0,3,1,1,0,0.0,1,0,0,0,0,0,0.6583593863992735,0.7527037387578012,0.0,0.0,0.0,0.0,0.0,0.0,0.0,0.0
2,3,0.41676278354479057,26,25,0,0,0.0,1,0,0,0,0,0,0.0,0.0,0.0,0.0,0.0,0.0,0.0,0.0,0.0,0.0
2,3,0.4340277777777777,24,0,0,0,0.0,1,0,0,0,0,0,0.6732320150013615,0.0,0.0,0.0,0.739431304434162,0.0,0.0,0.0,0.0,0.0
0,1,0.0,1,1,0,0,0.0,1,0,0,0,0,0,0.0,0.0,0.0,0.0,0.6981841878466201,0.0,0.0,0.0,0.7159181795714895,0.0
1,1,0.0,2,2,0,0,0.0,1,0,0,0,0,0,0.0,0.0,0.0,0.0,0.0,0.0,0.0,0.0,0.0,0.0
2,4,0.32666015625,36,28,0,0,0.0,1,0,0,0,1,0,0.0,0.0,0.0,0.0,1.0,0.0,0.0,0.0,0.0,0.0
2,2,0.2777777777777777,11,7,0,0,0.0,1,0,0,0,1,0,0.0,0.0,0.0,0.0,1.0,0.0,0.0,0.0,0.0,0.0
1,1,0.0,0,1,0,0,0.0,1,0,0,0,0,0,0.0,0.0,0.0,0.0,0.0,0.0,0.0,0.0,0.0,0.0
1,1,0.0,7,7,0,0,0.0,1,0,0,0,0,0,0.0,0.0,0.0,0.0,0.0,0.0,0.0,0.0,0.0,0.0
1,3,0.6558641975308642,23,13,0,0,0.0,1,0,0,0,1,0,0.0,0.7211476458601549,0.0,0.0,0.6927814033808618,0.0,0.0,0.0,0.0,0.0
2,4,0.6841067718045715,110,27,0,0,0.0,1,0,0,0,0,0,0.0,0.0,0.0,0.0,0.0,0.0,0.0,0.0,0.0,0.0
1,1,0.0,3,1,0,0,0.0,1,0,0,0,0,0,0.0,0.0,0.0,0.0,0.0,0.0,0.0,0.0,0.0,0.0
1,1,0.0,2,1,0,0,0.0,1,0,0,0,0,0,0.0,0.0,0.0,0.0,0.0,0.0,0.0,0.0,1.0,0.0
1,2,0.47337278106508873,20,6,0,0,0.0,1,0,0,0,0,0,0.0,0.0,0.0,0.0,0.0,0.0,0.0,0.0,0.0,0.0
1,3,0.5186714205291799,67,6,0,0,0.0,1,0,0,0,0,0,0.0,0.0,0.0,0.0,0.0,0.0,0.0,0.0,0.0,0.0
3,8,0.8248413352934849,269,65,0,0,0.0,1,0,0,0,0,0,0.0,0.0,0.0,0.0,0.0,0.0,0.0,0.0,0.0,0.0
1,1,0.0,1,1,0,0,0.0,1,0,0,0,0,0,0.0,0.0,0.0,1.0,0.0,0.0,0.0,0.0,0.0,0.0
0,1,0.0,1,1,0,0,0.0,1,0,0,0,0,0,0.0,0.0,0.0,0.0,0.0,0.0,0.0,0.0,0.0,0.0
0,1,0.0,1,0,0,0,0.0,1,0,0,0,1,0,0.0,0.0,0.0,0.0,0.0,0.0,0.0,0.0,0.0,1.0
0,1,0.0,11,5,1,0,0.0,1,0,0,0,0,0,0.0,0.0,0.0,0.0,0.0,0.0,0.0,0.0,0.0,0.0
1,1,0.0,4,2,0,0,0.0,1,0,0,0,0,0,0.0,0.0,0.0,1.0,0.0,0.0,0.0,0.0,0.0,0.0
0,1,0.0,12,0,0,0,0.0,1,0,0,0,1,0,0.0,0.0,0.0,0.0,0.0,0.0,0.0,0.0,0.0,1.0
3,7,0.8092141644896169,186,43,0,0,0.0,1,0,0,0,0,0,0.0,0.0,0.0,0.0,0.0,0.0,0.0,0.0,0.0,0.0
3,8,0.8617961451056309,190,28,0,0,0.0,1,0,0,0,0,0,0.0,0.0,0.0,0.0,0.0,0.0,0.0,0.0,0.0,0.0
1,1,0.0,29,0,0,0,0.0,1,0,0,0,0,0,0.0,0.0,0.0,0.0,0.0,0.0,0.0,0.0,0.0,0.0
1,1,0.0,41,0,0,0,0.0,1,0,0,0,0,0,0.0,0.0,0.0,0.0,0.0,0.0,1.0,0.0,0.0,0.0
2,3,0.49149338374291107,135,26,0,0,0.0,1,0,0,0,0,0,0.0,0.0,0.0,0.0,0.0,0.0,0.0,0.0,0.0,0.0
1,1,0.0,8,3,0,0,0.0,1,0,0,0,0,0,0.6745065772223837,0.0,0.0,0.0,0.0,0.0,0.7382688380825405,0.0,0.0,0.0
1,1,0.0,24,6,0,0,0.0,1,0,0,0,0,0,0.6745065772223837,0.0,0.0,0.0,0.0,0.0,0.7382688380825405,0.0,0.0,0.0
1,1,0.0,28,23,0,0,0.0,1,0,0,0,0,0,0.6745065772223837,0.0,0.0,0.0,0.0,0.0,0.7382688380825405,0.0,0.0,0.0
2,3,0.5446406116392536,92,49,0,0,0.0,1,0,0,0,0,0,0.0,0.0,0.0,0.0,0.0,0.0,0.0,0.0,0.0,0.0
2,3,0.5918477523594896,601,0,0,1,0.0,1,0,0,0,0,0,0.0,0.0,0.0,0.0,0.0,0.0,0.0,0.0,0.0,0.0
3,7,0.8571428571428572,14,14,0,0,0.0,1,0,0,0,0,0,0.0,0.0,0.0,0.0,0.0,0.0,0.0,0.0,0.0,0.0
2,2,0.38781163434903054,33,5,0,0,0.0,1,0,0,0,0,0,0.0,0.0,0.0,0.0,0.0,0.0,0.0,0.0,0.0,0.0
2,4,0.681553762431976,64,9,0,0,0.0,1,0,0,0,0,0,1.0,0.0,0.0,0.0,0.0,0.0,0.0,0.0,0.0,0.0
0,1,0.0,1,1,0,0,0.0,1,0,0,0,0,0,0.0,0.0,0.0,0.0,0.0,0.0,1.0,0.0,0.0,0.0
1,1,0.0,12,2,0,0,0.0,1,0,0,0,1,0,0.0,0.0,0.0,0.0,1.0,0.0,0.0,0.0,0.0,0.0
0,1,0.0,6,6,0,0,0.0,1,0,0,0,0,0,0.0,0.0,0.0,0.0,0.0,0.0,0.0,0.0,0.0,0.0
0,1,0.0,7,3,0,0,0.0,1,0,0,0,1,0,0.0,0.0,0.0,0.0,0.0,0.0,0.0,0.0,0.7635074723097361,0.6457989932844411
1,1,0.0,2,0,0,0,0.0,1,0,0,0,0,0,1.0,0.0,0.0,0.0,0.0,0.0,0.0,0.0,0.0,0.0
0,1,0.0,9,0,0,0,0.0,1,0,0,0,0,0,1.0,0.0,0.0,0.0,0.0,0.0,0.0,0.0,0.0,0.0
1,3,0.6399999999999999,5,5,0,0,0.0,1,0,0,0,0,0,0.0,0.0,0.0,0.0,0.0,0.0,0.0,0.0,0.0,0.0
3,4,0.7479224376731302,11,27,0,0,0.0,1,0,0,0,0,0,0.0,0.0,1.0,0.0,0.0,0.0,0.0,0.0,0.0,0.0
0,1,0.0,1,1,0,0,0.0,1,0,0,0,0,0,0.0,0.0,0.0,0.0,0.0,0.0,0.0,0.0,0.0,0.0
3,4,0.72,2,8,0,0,0.0,1,0,0,0,0,0,0.0,0.0,1.0,0.0,0.0,0.0,0.0,0.0,0.0,0.0
0,2,0.48,7,3,0,0,0.0,1,0,0,0,0,0,0.0,0.0,0.0,0.0,0.0,0.0,0.0,0.0,0.0,0.0
1,7,0.6671132489669422,352,0,0,0,0.0,1,0,0,0,0,0,0.6349775251574425,0.0,0.7725306094550102,0.0,0.0,0.0,0.0,0.0,0.0,0.0
1,1,0.0,2,2,0,0,0.0,1,0,0,0,0,0,0.0,0.0,0.0,0.0,0.0,0.0,0.0,0.0,0.0,0.0
3,3,0.6666666666666667,3,3,0,0,0.0,1,0,0,0,0,0,0.0,0.0,0.0,0.0,0.0,0.0,0.0,0.0,0.0,0.0
1,13,0.9012998030847793,859,0,0,0,0.0,1,0,0,0,0,0,0.0,0.0,0.0,0.0,0.0,0.0,0.0,0.0,0.0,0.0
1,13,0.9012998030847793,859,0,0,0,0.0,1,0,0,0,0,0,0.0,0.0,0.0,0.0,0.0,0.0,0.0,0.0,0.0,0.0
8,55,0.9636271923735481,4410,0,0,0,0.0,1,0,0,0,0,0,0.0,0.0,0.0,0.0,0.0,0.0,0.0,0.0,0.0,0.0
8,55,0.9636271923735481,4410,0,0,0,0.0,1,0,0,0,0,0,0.0,0.0,0.0,0.0,0.0,0.0,0.0,0.0,0.0,0.0
5,35,0.9578641048044931,2896,0,0,0,0.0,1,0,0,0,0,0,0.0,0.0,0.0,0.0,0.0,0.0,0.0,0.0,0.0,0.0
